fecha,machine_id,ubicacion,latitud,longitud,estado,observaciones,vasos,agua_restante_pct,fecha_recarga_anterior,dias_desde_recarga_anterior,agua_embotellada_ml,vaso_pza,mezcla_cafe_gr,mezcla_chocolate_gr,mezcla_cappuccino_gr
2018-10-02,SWM201707000202,Aeropuerto Alcantari,-19.2465508193052,-65.1511204662652,activo,,9,94,,,1620.0,9.0,36.0,40.0,20.0
2018-10-03,SWM201707000202,Aeropuerto Alcantari,-19.2465508193052,-65.1511204662652,activo,,19,80,2018-10-02,1,3420.0,19.0,24.0,140.0,160.0
2018-10-05,SWM201707000202,Aeropuerto Alcantari,-19.2465508193052,-65.1511204662652,activo,,19,70,2018-10-03,2,3420.0,19.0,66.0,80.0,80.0
2018-10-08,SWM201707000202,Aeropuerto Alcantari,-19.2465508193052,-65.1511204662652,activo,,27,50,2018-10-05,3,4860.0,27.0,66.0,180.0,140.0
2018-10-11,SWM201707000202,Aeropuerto Alcantari,-19.2465508193052,-65.1511204662652,activo,,12,40,2018-10-08,3,2160.0,12.0,42.0,80.0,20.0
2018-10-14,SWM201707000202,Aeropuerto Alcantari,-19.2465508193052,-65.1511204662652,activo,,35,25,2018-10-11,3,6300.0,35.0,66.0,280.0,200.0
2018-10-18,SWM201707000202,Aeropuerto Alcantari,-19.2465508193052,-65.1511204662652,activo,,25,10,2018-10-14,4,4500.0,25.0,54.0,220.0,100.0
2018-10-20,SWM201707000202,Aeropuerto Alcantari,-19.2465508193052,-65.1511204662652,activo,,7,6,2018-10-18,2,1260.0,7.0,30.0,20.0,20.0
2018-10-22,SWM201707000202,Aeropuerto Alcantari,-19.2465508193052,-65.1511204662652,activo,,5,3,2018-10-20,2,900.0,5.0,18.0,20.0,20.0
2018-10-24,SWM201707000202,Aeropuerto Alcantari,-19.2465508193052,-65.1511204662652,activo,,18,30,2018-10-22,2,3240.0,18.0,48.0,120.0,80.0
2018-10-31,SWM201707000202,Aeropuerto Alcantari,-19.2465508193052,-65.1511204662652,activo,,31,20,2018-10-24,7,5580.0,31.0,48.0,240.0,220.0
2018-11-02,SWM201707000208,Patio de Comidas,-19.0059298965864,-65.2997195592935,inactivo,"Funcionó solo dos años, durante dos semanas en la FEXPO",31,78,,,5580.0,31.0,120.0,40.0,180.0
2018-11-03,SWM201707000208,Patio de Comidas,-19.0059298965864,-65.2997195592935,inactivo,"Funcionó solo dos años, durante dos semanas en la FEXPO",27,60,2018-11-02,1,4860.0,27.0,90.0,120.0,120.0
2018-11-04,SWM201707000208,Patio de Comidas,-19.0059298965864,-65.2997195592935,inactivo,"Funcionó solo dos años, durante dos semanas en la FEXPO",45,30,2018-11-03,1,8100.0,45.0,102.0,180.0,380.0
2018-11-05,SWM201707000208,Patio de Comidas,-19.0059298965864,-65.2997195592935,inactivo,"Funcionó solo dos años, durante dos semanas en la FEXPO",18,17,2018-11-04,1,3240.0,18.0,66.0,60.0,80.0
2018-11-06,SWM201707000208,Patio de Comidas,-19.0059298965864,-65.2997195592935,inactivo,"Funcionó solo dos años, durante dos semanas en la FEXPO",27,100,2018-11-05,1,4860.0,27.0,42.0,240.0,160.0
2018-11-07,SWM201707000208,Patio de Comidas,-19.0059298965864,-65.2997195592935,inactivo,"Funcionó solo dos años, durante dos semanas en la FEXPO",23,95,2018-11-06,1,4140.0,23.0,72.0,100.0,120.0
2018-11-08,SWM201707000208,Patio de Comidas,-19.0059298965864,-65.2997195592935,inactivo,"Funcionó solo dos años, durante dos semanas en la FEXPO",11,87,2018-11-07,1,1980.0,11.0,18.0,60.0,100.0
2018-11-09,SWM201707000208,Patio de Comidas,-19.0059298965864,-65.2997195592935,inactivo,"Funcionó solo dos años, durante dos semanas en la FEXPO",14,77,2018-11-08,1,2520.0,14.0,36.0,60.0,100.0
2018-11-10,SWM201707000208,Patio de Comidas,-19.0059298965864,-65.2997195592935,inactivo,"Funcionó solo dos años, durante dos semanas en la FEXPO",13,68,2018-11-09,1,2340.0,13.0,30.0,80.0,80.0
2018-11-11,SWM201707000208,Patio de Comidas,-19.0059298965864,-65.2997195592935,inactivo,"Funcionó solo dos años, durante dos semanas en la FEXPO",1,67,2018-11-10,1,180.0,1.0,0.0,0.0,20.0
2018-11-02,SWM201707000206,Fexpo Fundacion,-19.0059298965864,-65.2997195592935,inactivo,"Funcionó solo dos años, durante dos semanas en la FEXPO",12,85,,,2160.0,12.0,30.0,60.0,80.0
2018-11-03,SWM201707000206,Fexpo Fundacion,-19.0059298965864,-65.2997195592935,inactivo,"Funcionó solo dos años, durante dos semanas en la FEXPO",7,80,2018-11-02,1,1260.0,7.0,18.0,40.0,40.0
2018-11-04,SWM201707000206,Fexpo Fundacion,-19.0059298965864,-65.2997195592935,inactivo,"Funcionó solo dos años, durante dos semanas en la FEXPO",79,30,2018-11-03,1,14220.0,79.0,102.0,580.0,660.0
2018-11-05,SWM201707000206,Fexpo Fundacion,-19.0059298965864,-65.2997195592935,inactivo,"Funcionó solo dos años, durante dos semanas en la FEXPO",16,13,2018-11-04,1,2880.0,16.0,30.0,140.0,80.0
2018-11-06,SWM201707000206,Fexpo Fundacion,-19.0059298965864,-65.2997195592935,inactivo,"Funcionó solo dos años, durante dos semanas en la FEXPO",27,100,2018-11-05,1,4860.0,27.0,36.0,160.0,260.0
2018-11-07,SWM201707000206,Fexpo Fundacion,-19.0059298965864,-65.2997195592935,inactivo,"Funcionó solo dos años, durante dos semanas en la FEXPO",16,95,2018-11-06,1,2880.0,16.0,42.0,120.0,60.0
2018-11-08,SWM201707000206,Fexpo Fundacion,-19.0059298965864,-65.2997195592935,inactivo,"Funcionó solo dos años, durante dos semanas en la FEXPO",17,83,2018-11-07,1,3060.0,17.0,72.0,20.0,80.0
2018-11-09,SWM201707000206,Fexpo Fundacion,-19.0059298965864,-65.2997195592935,inactivo,"Funcionó solo dos años, durante dos semanas en la FEXPO",38,56,2018-11-08,1,6840.0,38.0,96.0,260.0,180.0
2018-11-10,SWM201707000206,Fexpo Fundacion,-19.0059298965864,-65.2997195592935,inactivo,"Funcionó solo dos años, durante dos semanas en la FEXPO",17,44,2018-11-09,1,3060.0,17.0,30.0,120.0,120.0
2018-11-11,SWM201707000206,Fexpo Fundacion,-19.0059298965864,-65.2997195592935,inactivo,"Funcionó solo dos años, durante dos semanas en la FEXPO",27,25,2018-11-10,1,4860.0,27.0,24.0,240.0,220.0
2018-11-02,SWM201707000217,"Pabellon ""B1""",-19.0059298965864,-65.2997195592935,inactivo,"Funcionó solo dos años, durante dos semanas en la FEXPO",21,80,,,3780.0,21.0,48.0,180.0,80.0
2018-11-03,SWM201707000217,"Pabellon ""B1""",-19.0059298965864,-65.2997195592935,inactivo,"Funcionó solo dos años, durante dos semanas en la FEXPO",84,25,2018-11-02,1,15120.0,84.0,156.0,500.0,660.0
2018-11-04,SWM201707000217,"Pabellon ""B1""",-19.0059298965864,-65.2997195592935,inactivo,"Funcionó solo dos años, durante dos semanas en la FEXPO",65,90,2018-11-03,1,11700.0,65.0,102.0,460.0,500.0
2018-11-05,SWM201707000217,"Pabellon ""B1""",-19.0059298965864,-65.2997195592935,inactivo,"Funcionó solo dos años, durante dos semanas en la FEXPO",49,55,2018-11-04,1,8820.0,49.0,54.0,340.0,460.0
2018-11-06,SWM201707000217,"Pabellon ""B1""",-19.0059298965864,-65.2997195592935,inactivo,"Funcionó solo dos años, durante dos semanas en la FEXPO",29,100,2018-11-05,1,5220.0,29.0,42.0,120.0,320.0
2018-11-07,SWM201707000217,"Pabellon ""B1""",-19.0059298965864,-65.2997195592935,inactivo,"Funcionó solo dos años, durante dos semanas en la FEXPO",42,20,2018-11-06,1,7560.0,42.0,78.0,240.0,340.0
2018-11-08,SWM201707000217,"Pabellon ""B1""",-19.0059298965864,-65.2997195592935,inactivo,"Funcionó solo dos años, durante dos semanas en la FEXPO",60,100,2018-11-07,1,10800.0,60.0,126.0,380.0,400.0
2018-11-09,SWM201707000217,"Pabellon ""B1""",-19.0059298965864,-65.2997195592935,inactivo,"Funcionó solo dos años, durante dos semanas en la FEXPO",50,65,2018-11-08,1,9000.0,50.0,84.0,320.0,400.0
2018-11-10,SWM201707000217,"Pabellon ""B1""",-19.0059298965864,-65.2997195592935,inactivo,"Funcionó solo dos años, durante dos semanas en la FEXPO",105,100,2018-11-09,1,18900.0,105.0,210.0,660.0,740.0
2018-11-11,SWM201707000217,"Pabellon ""B1""",-19.0059298965864,-65.2997195592935,inactivo,"Funcionó solo dos años, durante dos semanas en la FEXPO",159,100,2018-11-10,1,28620.0,159.0,156.0,1060.0,1600.0
2018-11-12,SWM201707000217,"Pabellon ""B1""",-19.0059298965864,-65.2997195592935,inactivo,"Funcionó solo dos años, durante dos semanas en la FEXPO",23,84,2018-11-11,1,4140.0,23.0,18.0,200.0,200.0
2018-11-02,SWM201707000201,"Pabellon ""B""",-19.0059298965864,-65.2997195592935,inactivo,"Funcionó solo dos años, durante dos semanas en la FEXPO",29,75,,,5220.0,29.0,18.0,220.0,300.0
2018-11-03,SWM201707000201,"Pabellon ""B""",-19.0059298965864,-65.2997195592935,inactivo,"Funcionó solo dos años, durante dos semanas en la FEXPO",82,30,2018-11-02,1,14760.0,82.0,114.0,640.0,620.0
2018-11-04,SWM201707000201,"Pabellon ""B""",-19.0059298965864,-65.2997195592935,inactivo,"Funcionó solo dos años, durante dos semanas en la FEXPO",84,85,2018-11-03,1,15120.0,84.0,120.0,780.0,500.0
2018-11-05,SWM201707000201,"Pabellon ""B""",-19.0059298965864,-65.2997195592935,inactivo,"Funcionó solo dos años, durante dos semanas en la FEXPO",48,51,2018-11-04,1,8640.0,48.0,90.0,240.0,420.0
2018-11-06,SWM201707000201,"Pabellon ""B""",-19.0059298965864,-65.2997195592935,inactivo,"Funcionó solo dos años, durante dos semanas en la FEXPO",33,28,2018-11-05,1,5940.0,33.0,48.0,260.0,240.0
2018-11-07,SWM201707000201,"Pabellon ""B""",-19.0059298965864,-65.2997195592935,inactivo,"Funcionó solo dos años, durante dos semanas en la FEXPO",31,20,2018-11-06,1,5580.0,31.0,48.0,120.0,340.0
2018-11-08,SWM201707000201,"Pabellon ""B""",-19.0059298965864,-65.2997195592935,inactivo,"Funcionó solo dos años, durante dos semanas en la FEXPO",36,100,2018-11-07,1,6480.0,36.0,102.0,200.0,180.0
2018-11-09,SWM201707000201,"Pabellon ""B""",-19.0059298965864,-65.2997195592935,inactivo,"Funcionó solo dos años, durante dos semanas en la FEXPO",83,42,2018-11-08,1,14940.0,83.0,96.0,480.0,860.0
2018-11-10,SWM201707000201,"Pabellon ""B""",-19.0059298965864,-65.2997195592935,inactivo,"Funcionó solo dos años, durante dos semanas en la FEXPO",130,100,2018-11-09,1,23400.0,130.0,198.0,940.0,1000.0
2018-11-03,SWM201707000201,"Pabellon ""B""",-19.0059298965864,-65.2997195592935,inactivo,"Funcionó solo dos años, durante dos semanas en la FEXPO",188,20,2018-11-03,0,33840.0,188.0,210.0,1460.0,1600.0
2018-11-12,SWM201707000201,"Pabellon ""B""",-19.0059298965864,-65.2997195592935,inactivo,"Funcionó solo dos años, durante dos semanas en la FEXPO",12,20,2018-11-10,2,2160.0,12.0,24.0,100.0,60.0
2018-11-02,SWM201707000210,"FEXPO PABELLON ""A""",-19.0059298965864,-65.2997195592935,inactivo,"Funcionó solo dos años, durante dos semanas en la FEXPO",63,55,,,11340.0,63.0,48.0,660.0,440.0
2018-11-03,SWM201707000210,"FEXPO PABELLON ""A""",-19.0059298965864,-65.2997195592935,inactivo,"Funcionó solo dos años, durante dos semanas en la FEXPO",60,25,2018-11-02,1,10800.0,60.0,132.0,320.0,440.0
2018-11-04,SWM201707000210,"FEXPO PABELLON ""A""",-19.0059298965864,-65.2997195592935,inactivo,"Funcionó solo dos años, durante dos semanas en la FEXPO",79,80,2018-11-03,1,14220.0,79.0,114.0,580.0,620.0
2018-11-05,SWM201707000210,"FEXPO PABELLON ""A""",-19.0059298965864,-65.2997195592935,inactivo,"Funcionó solo dos años, durante dos semanas en la FEXPO",32,63,2018-11-04,1,5760.0,32.0,36.0,320.0,200.0
2018-11-06,SWM201707000210,"FEXPO PABELLON ""A""",-19.0059298965864,-65.2997195592935,inactivo,"Funcionó solo dos años, durante dos semanas en la FEXPO",40,35,2018-11-05,1,7200.0,40.0,66.0,300.0,280.0
2018-11-07,SWM201707000210,"FEXPO PABELLON ""A""",-19.0059298965864,-65.2997195592935,inactivo,"Funcionó solo dos años, durante dos semanas en la FEXPO",54,15,2018-11-06,1,9720.0,54.0,150.0,380.0,200.0
2018-11-08,SWM201707000210,"FEXPO PABELLON ""A""",-19.0059298965864,-65.2997195592935,inactivo,"Funcionó solo dos años, durante dos semanas en la FEXPO",38,100,2018-11-07,1,6840.0,38.0,42.0,220.0,400.0
2018-11-09,SWM201707000210,"FEXPO PABELLON ""A""",-19.0059298965864,-65.2997195592935,inactivo,"Funcionó solo dos años, durante dos semanas en la FEXPO",48,66,2018-11-08,1,8640.0,48.0,72.0,220.0,500.0
2018-11-10,SWM201707000210,"FEXPO PABELLON ""A""",-19.0059298965864,-65.2997195592935,inactivo,"Funcionó solo dos años, durante dos semanas en la FEXPO",73,15,2018-11-09,1,13140.0,73.0,108.0,460.0,640.0
2018-11-11,SWM201707000210,"FEXPO PABELLON ""A""",-19.0059298965864,-65.2997195592935,inactivo,"Funcionó solo dos años, durante dos semanas en la FEXPO",116,0,2018-11-10,1,20880.0,116.0,138.0,840.0,1020.0
2018-11-07,SWM201707000202,Alcantari,-19.2465508193052,-65.1511204662652,inactivo,,47,100,2018-10-31,7,8460.0,47.0,60.0,420.0,320.0
2018-11-13,SWM201707000202,Alcantari,-19.2465508193052,-65.1511204662652,inactivo,,57,60,2018-11-07,6,10260.0,57.0,138.0,380.0,300.0
2018-11-19,SWM201707000202,Alcantari,-19.2465508193052,-65.1511204662652,inactivo,,54,28,2018-11-13,6,9720.0,54.0,126.0,380.0,280.0
2018-11-25,SWM201707000202,Alcantari,-19.2465508193052,-65.1511204662652,inactivo,,27,10,2018-11-19,6,4860.0,27.0,84.0,180.0,80.0
2018-11-30,SWM201707000202,Alcantari,-19.2465508193052,-65.1511204662652,inactivo,,25,100,2018-11-25,5,4500.0,25.0,60.0,240.0,60.0
2018-11-15,SWM201707000201,CBA,-19.0501753556321,-65.2560560015405,inactivo,,52,45,2018-11-12,3,9360.0,52.0,102.0,520.0,180.0
2018-11-16,SWM201707000201,CBA,-19.0501753556321,-65.2560560015405,inactivo,,71,95,2018-11-15,1,12780.0,71.0,108.0,820.0,240.0
2018-11-19,SWM201707000201,CBA,-19.0501753556321,-65.2560560015405,inactivo,,64,60,2018-11-16,3,11520.0,64.0,96.0,640.0,320.0
2018-11-20,SWM201707000201,CBA,-19.0501753556321,-65.2560560015405,inactivo,,42,30,2018-11-19,1,7560.0,42.0,60.0,420.0,220.0
2018-11-21,SWM201707000201,CBA,-19.0501753556321,-65.2560560015405,inactivo,,43,5,2018-11-20,1,7740.0,43.0,78.0,520.0,80.0
2018-11-22,SWM201707000201,CBA,-19.0501753556321,-65.2560560015405,inactivo,,35,85,2018-11-21,1,6300.0,35.0,48.0,420.0,120.0
2018-11-23,SWM201707000201,CBA,-19.0501753556321,-65.2560560015405,inactivo,,32,80,2018-11-22,1,5760.0,32.0,42.0,400.0,100.0
2018-11-26,SWM201707000201,CBA,-19.0501753556321,-65.2560560015405,inactivo,,18,60,2018-11-23,3,3240.0,18.0,24.0,240.0,40.0
2018-11-27,SWM201707000201,CBA,-19.0501753556321,-65.2560560015405,inactivo,,28,45,2018-11-26,1,5040.0,28.0,48.0,280.0,120.0
2018-11-30,SWM201707000201,CBA,-19.0501753556321,-65.2560560015405,inactivo,,50,10,2018-11-27,3,9000.0,50.0,102.0,480.0,180.0
2018-12-05,SWM201707000202,Aeropuerto Alcantari,-19.2465508193052,-65.1511204662652,activo,,13,95,2018-11-30,5,2340.0,13.0,18.0,100.0,100.0
2018-12-07,SWM201707000202,Aeropuerto Alcantari,-19.2465508193052,-65.1511204662652,activo,,11,90,2018-12-05,2,1980.0,11.0,30.0,80.0,40.0
2018-12-12,SWM201707000202,Aeropuerto Alcantari,-19.2465508193052,-65.1511204662652,activo,,34,70,2018-12-07,5,6120.0,34.0,60.0,300.0,180.0
2018-12-17,SWM201707000202,Aeropuerto Alcantari,-19.2465508193052,-65.1511204662652,activo,,50,35,2018-12-12,5,9000.0,50.0,90.0,280.0,420.0
2018-12-20,SWM201707000202,Aeropuerto Alcantari,-19.2465508193052,-65.1511204662652,activo,,47,10,2018-12-17,3,8460.0,47.0,84.0,340.0,320.0
2018-12-23,SWM201707000202,Aeropuerto Alcantari,-19.2465508193052,-65.1511204662652,activo,,25,100,2018-12-20,3,4500.0,25.0,72.0,160.0,100.0
2018-12-26,SWM201707000202,Aeropuerto Alcantari,-19.2465508193052,-65.1511204662652,activo,,28,90,2018-12-23,3,5040.0,28.0,60.0,160.0,200.0
2018-12-29,SWM201707000202,Aeropuerto Alcantari,-19.2465508193052,-65.1511204662652,activo,,36,60,2018-12-26,3,6480.0,36.0,102.0,200.0,180.0
2018-12-15,SWM201707000206,HSB-Rayos X,-19.0445584199795,-65.2626291621397,inactivo,,5,90,2018-11-11,34,900.0,5.0,18.0,0.0,40.0
2018-12-17,SWM201707000206,HSB-Rayos X,-19.0445584199795,-65.2626291621397,inactivo,,35,55,2018-12-15,2,6300.0,35.0,84.0,200.0,220.0
2018-12-18,SWM201707000206,HSB-Rayos X,-19.0445584199795,-65.2626291621397,inactivo,,33,40,2018-12-17,1,5940.0,33.0,120.0,160.0,100.0
2018-12-19,SWM201707000206,HSB-Rayos X,-19.0445584199795,-65.2626291621397,inactivo,,23,,2018-12-18,1,4140.0,23.0,60.0,160.0,100.0
2018-12-20,SWM201707000206,HSB-Rayos X,-19.0445584199795,-65.2626291621397,inactivo,,12,5,2018-12-19,1,2160.0,12.0,30.0,40.0,100.0
2018-12-23,SWM201707000206,HSB-Rayos X,-19.0445584199795,-65.2626291621397,inactivo,,30,100,2018-12-20,3,5400.0,30.0,108.0,160.0,80.0
2018-12-25,SWM201707000206,HSB-Rayos X,-19.0445584199795,-65.2626291621397,inactivo,,23,90,2018-12-23,2,4140.0,23.0,48.0,240.0,60.0
2018-12-28,SWM201707000206,HSB-Rayos X,-19.0445584199795,-65.2626291621397,inactivo,,24,80,2018-12-25,3,4320.0,24.0,66.0,180.0,80.0
2018-12-29,SWM201707000206,HSB-Rayos X,-19.0445584199795,-65.2626291621397,inactivo,,0,80,2018-12-28,1,0.0,0.0,0.0,0.0,0.0
2018-12-13,SWM201707000217,Seguro Social Universitario,-19.048774902511,-65.2658405449832,inactivo,,12,60,2018-11-12,31,2160.0,12.0,24.0,60.0,100.0
2018-12-15,SWM201707000217,Seguro Social Universitario,-19.048774902511,-65.2658405449832,inactivo,,16,50,2018-12-13,2,2880.0,16.0,42.0,80.0,100.0
2018-12-17,SWM201707000217,Seguro Social Universitario,-19.048774902511,-65.2658405449832,inactivo,,14,50,2018-12-15,2,2520.0,14.0,54.0,40.0,60.0
2018-12-18,SWM201707000217,Seguro Social Universitario,-19.048774902511,-65.2658405449832,inactivo,,14,35,2018-12-17,1,2520.0,14.0,18.0,80.0,140.0
2018-12-20,SWM201707000217,Seguro Social Universitario,-19.048774902511,-65.2658405449832,inactivo,,20,25,2018-12-18,2,3600.0,20.0,24.0,180.0,140.0
2018-12-26,SWM201707000217,Seguro Social Universitario,-19.048774902511,-65.2658405449832,inactivo,,29,10,2018-12-20,6,5220.0,29.0,36.0,280.0,180.0
2018-12-27,SWM201707000217,Seguro Social Universitario,-19.048774902511,-65.2658405449832,inactivo,,13,100,2018-12-26,1,2340.0,13.0,42.0,40.0,80.0
2019-01-02,SWM201707000217,Seguro Social Universitario,-19.048774902511,-65.2658405449832,inactivo,,42,7,2018-12-27,6,7560.0,42.0,102.0,340.0,160.0
2019-01-03,SWM201707000217,Seguro Social Universitario,-19.048774902511,-65.2658405449832,inactivo,,9,60,2019-01-02,1,1620.0,9.0,18.0,40.0,80.0
2018-12-03,SWM201707000201,CBA,-19.0501753556321,-65.2560560015405,inactivo,,16,100,2018-11-30,3,2880.0,16.0,18.0,200.0,60.0
2018-12-04,SWM201707000201,CBA,-19.0501753556321,-65.2560560015405,inactivo,,18,98,2018-12-03,1,3240.0,18.0,18.0,220.0,80.0
2018-12-05,SWM201707000201,CBA,-19.0501753556321,-65.2560560015405,inactivo,,7,96,2018-12-04,1,1260.0,7.0,18.0,40.0,40.0
2018-12-10,SWM201707000201,CBA,-19.0501753556321,-65.2560560015405,inactivo,,8,95,2018-12-05,5,1440.0,8.0,12.0,60.0,60.0
2018-12-15,SWM201707000210,HSB-Terapia,-19.0445584199795,-65.2626291621397,inactivo,,18,80,2018-11-11,34,3240.0,18.0,30.0,160.0,100.0
2018-12-17,SWM201707000210,HSB-Terapia,-19.0445584199795,-65.2626291621397,inactivo,,31,50,2018-12-15,2,5580.0,31.0,66.0,160.0,240.0
2018-12-18,SWM201707000210,HSB-Terapia,-19.0445584199795,-65.2626291621397,inactivo,,30,30,2018-12-17,1,5400.0,30.0,90.0,200.0,100.0
2018-12-19,SWM201707000210,HSB-Terapia,-19.0445584199795,-65.2626291621397,inactivo,,30,20,2018-12-18,1,5400.0,30.0,84.0,240.0,80.0
2018-12-20,SWM201707000210,HSB-Terapia,-19.0445584199795,-65.2626291621397,inactivo,,10,5,2018-12-19,1,1800.0,10.0,36.0,60.0,20.0
2018-12-23,SWM201707000210,HSB-Terapia,-19.0445584199795,-65.2626291621397,inactivo,,26,100,2018-12-20,3,4680.0,26.0,54.0,300.0,40.0
2018-12-25,SWM201707000210,HSB-Terapia,-19.0445584199795,-65.2626291621397,inactivo,,58,55,2018-12-23,2,10440.0,58.0,72.0,560.0,360.0
2018-12-27,SWM201707000210,HSB-Terapia,-19.0445584199795,-65.2626291621397,inactivo,,20,50,2018-12-25,2,3600.0,20.0,48.0,180.0,60.0
2018-12-28,SWM201707000210,HSB-Terapia,-19.0445584199795,-65.2626291621397,inactivo,,14,45,2018-12-27,1,2520.0,14.0,30.0,100.0,80.0
2018-12-29,SWM201707000210,HSB-Terapia,-19.0445584199795,-65.2626291621397,inactivo,,18,32,2018-12-28,1,3240.0,18.0,12.0,260.0,60.0
2019-01-02,SWM201707000202,Aeropuerto Alcantari,-19.2465508193052,-65.1511204662652,activo,,46,40,2018-12-29,4,8280.0,46.0,48.0,380.0,380.0
2019-01-07,SWM201707000202,Aeropuerto Alcantari,-19.2465508193052,-65.1511204662652,activo,,58,5,2019-01-02,5,10440.0,58.0,108.0,520.0,280.0
2019-01-09,SWM201707000202,Aeropuerto Alcantari,-19.2465508193052,-65.1511204662652,activo,,18,100,2019-01-07,2,3240.0,18.0,42.0,120.0,100.0
2019-01-11,SWM201707000202,Aeropuerto Alcantari,-19.2465508193052,-65.1511204662652,activo,,59,60,2019-01-09,2,10620.0,59.0,120.0,300.0,480.0
2019-01-13,SWM201707000202,Aeropuerto Alcantari,-19.2465508193052,-65.1511204662652,activo,,34,40,2019-01-11,2,6120.0,34.0,60.0,260.0,220.0
2019-01-16,SWM201707000202,Aeropuerto Alcantari,-19.2465508193052,-65.1511204662652,activo,,39,90,2019-01-13,3,7020.0,39.0,78.0,280.0,240.0
2019-01-19,SWM201707000202,Aeropuerto Alcantari,-19.2465508193052,-65.1511204662652,activo,,51,55,2019-01-16,3,9180.0,51.0,114.0,320.0,320.0
2019-01-21,SWM201707000202,Aeropuerto Alcantari,-19.2465508193052,-65.1511204662652,activo,,31,40,2019-01-19,2,5580.0,31.0,48.0,240.0,220.0
2019-01-23,SWM201707000202,Aeropuerto Alcantari,-19.2465508193052,-65.1511204662652,activo,,23,25,2019-01-21,2,4140.0,23.0,30.0,180.0,180.0
2019-01-27,SWM201707000202,Aeropuerto Alcantari,-19.2465508193052,-65.1511204662652,activo,,45,100,2019-01-23,4,8100.0,45.0,102.0,360.0,200.0
2019-01-31,SWM201707000202,Aeropuerto Alcantari,-19.2465508193052,-65.1511204662652,activo,,49,80,2019-01-27,4,8820.0,49.0,120.0,300.0,280.0
2019-01-17,SWM201707000208,ITEC,-19.0477983440613,-65.2645083500505,inactivo,,11,90,2018-11-11,67,1980.0,11.0,36.0,80.0,20.0
2019-01-17,SWM201707000208,ITEC,-19.0477983440613,-65.2645083500505,inactivo,,13,80,2019-01-17,0,2340.0,13.0,24.0,140.0,40.0
2019-01-19,SWM201707000208,ITEC,-19.0477983440613,-65.2645083500505,inactivo,,8,75,2019-01-17,2,1440.0,8.0,30.0,60.0,0.0
2019-01-21,SWM201707000208,ITEC,-19.0477983440613,-65.2645083500505,inactivo,,10,60,2019-01-19,2,1800.0,10.0,48.0,20.0,20.0
2019-01-25,SWM201707000208,ITEC,-19.0477983440613,-65.2645083500505,inactivo,,17,50,2019-01-21,4,3060.0,17.0,48.0,100.0,80.0
2019-01-29,SWM201707000208,ITEC,-19.0477983440613,-65.2645083500505,inactivo,,7,45,2019-01-25,4,1260.0,7.0,12.0,80.0,20.0
2019-01-31,SWM201707000208,ITEC,-19.0477983440613,-65.2645083500505,inactivo,,5,40,2019-01-29,2,900.0,5.0,18.0,40.0,0.0
2019-01-29,SWM201707000201,CBA,-19.0501753556321,-65.2560560015405,inactivo,,8,80,2018-12-10,50,1440.0,8.0,12.0,60.0,60.0
2019-01-31,SWM201707000201,CBA,-19.0501753556321,-65.2560560015405,inactivo,,39,50,2019-01-29,2,7020.0,39.0,66.0,440.0,120.0
2019-01-26,SWM201707000210,Multicentro Cespedes,-19.048315060694,-65.2591921451475,inactivo,,15,80,2018-12-29,28,2700.0,15.0,36.0,120.0,60.0
2019-01-29,SWM201707000210,Multicentro Cespedes,-19.048315060694,-65.2591921451475,inactivo,,10,75,2019-01-26,3,1800.0,10.0,18.0,80.0,60.0
2019-01-31,SWM201707000210,Multicentro Cespedes,-19.048315060694,-65.2591921451475,inactivo,,28,50,2019-01-29,2,5040.0,28.0,60.0,140.0,220.0
2019-02-02,SWM201707000202,Aeropuerto Alcantari,-19.2465508193052,-65.1511204662652,activo,,55,35,2019-01-31,2,9900.0,55.0,144.0,440.0,180.0
2019-02-02,SWM201707000202,Aeropuerto Alcantari,-19.2465508193052,-65.1511204662652,activo,,9,,2019-02-02,0,1620.0,9.0,30.0,60.0,20.0
2019-02-03,SWM201707000202,Aeropuerto Alcantari,-19.2465508193052,-65.1511204662652,activo,,38,10,2019-02-02,1,6840.0,38.0,78.0,240.0,260.0
2019-02-05,SWM201707000202,Aeropuerto Alcantari,-19.2465508193052,-65.1511204662652,activo,,26,100,2019-02-03,2,4680.0,26.0,36.0,200.0,200.0
2019-02-07,SWM201707000202,Aeropuerto Alcantari,-19.2465508193052,-65.1511204662652,activo,,26,80,2019-02-05,2,4680.0,26.0,66.0,100.0,200.0
2019-02-10,SWM201707000202,Aeropuerto Alcantari,-19.2465508193052,-65.1511204662652,activo,,26,75,2019-02-07,3,4680.0,26.0,114.0,20.0,120.0
2019-02-14,SWM201707000202,Aeropuerto Alcantari,-19.2465508193052,-65.1511204662652,activo,,51,40,2019-02-10,4,9180.0,51.0,108.0,460.0,200.0
2019-02-18,SWM201707000202,Aeropuerto Alcantari,-19.2465508193052,-65.1511204662652,activo,,42,5,2019-02-14,4,7560.0,42.0,108.0,240.0,240.0
2019-02-20,SWM201707000202,Aeropuerto Alcantari,-19.2465508193052,-65.1511204662652,activo,,9,3,2019-02-18,2,1620.0,9.0,12.0,120.0,20.0
2019-02-21,SWM201707000202,Aeropuerto Alcantari,-19.2465508193052,-65.1511204662652,activo,,4,45,2019-02-20,1,720.0,4.0,12.0,20.0,20.0
2019-02-26,SWM201707000202,Aeropuerto Alcantari,-19.2465508193052,-65.1511204662652,activo,,46,10,2019-02-21,5,8280.0,46.0,108.0,240.0,320.0
2019-02-28,SWM201707000202,Aeropuerto Alcantari,-19.2465508193052,-65.1511204662652,activo,,44,48,2019-02-26,2,7920.0,44.0,72.0,460.0,180.0
2019-02-08,SWM201707000208,ITEC,-19.0477983440613,-65.2645083500505,inactivo,,13,35,2019-01-31,8,2340.0,13.0,42.0,20.0,100.0
2019-02-13,SWM201707000208,ITEC,-19.0477983440613,-65.2645083500505,inactivo,,5,30,2019-02-08,5,900.0,5.0,12.0,40.0,20.0
2019-02-18,SWM201707000208,ITEC,-19.0477983440613,-65.2645083500505,inactivo,,12,25,2019-02-13,5,2160.0,12.0,36.0,60.0,60.0
2019-02-22,SWM201707000208,ITEC,-19.0477983440613,-65.2645083500505,inactivo,,4,15,2019-02-18,4,720.0,4.0,12.0,40.0,0.0
2019-02-26,SWM201707000208,ITEC,-19.0477983440613,-65.2645083500505,inactivo,,10,7,2019-02-22,4,1800.0,10.0,36.0,40.0,40.0
2019-02-27,SWM201707000208,ITEC,-19.0477983440613,-65.2645083500505,inactivo,,1,7,2019-02-26,1,180.0,1.0,6.0,0.0,0.0
2019-02-28,SWM201707000208,ITEC,-19.0477983440613,-65.2645083500505,inactivo,,3,5,2019-02-27,1,540.0,3.0,0.0,60.0,0.0
2019-02-17,SWM201707000206,Paneta Kids,-19.0455714685946,-65.2574231604105,inactivo,,7,30,2018-12-29,50,1260.0,7.0,12.0,20.0,80.0
2019-02-18,SWM201707000206,Paneta Kids,-19.0455714685946,-65.2574231604105,inactivo,,6,25,2019-02-17,1,1080.0,6.0,6.0,40.0,60.0
2019-02-20,SWM201707000206,Paneta Kids,-19.0455714685946,-65.2574231604105,inactivo,,6,23,2019-02-18,2,1080.0,6.0,0.0,80.0,40.0
2019-02-22,SWM201707000206,Paneta Kids,-19.0455714685946,-65.2574231604105,inactivo,,5,10,2019-02-20,2,900.0,5.0,6.0,40.0,40.0
2019-02-27,SWM201707000206,Paneta Kids,-19.0455714685946,-65.2574231604105,inactivo,,17,5,2019-02-22,5,3060.0,17.0,48.0,80.0,100.0
2019-02-28,SWM201707000206,Paneta Kids,-19.0455714685946,-65.2574231604105,inactivo,,4,3,2019-02-27,1,720.0,4.0,12.0,20.0,20.0
2019-02-05,SWM201707000201,CBA,-19.0501753556321,-65.2560560015405,inactivo,,16,50,2019-01-31,5,2880.0,16.0,24.0,200.0,40.0
2019-02-07,SWM201707000201,CBA,-19.0501753556321,-65.2560560015405,inactivo,,21,30,2019-02-05,2,3780.0,21.0,36.0,260.0,40.0
2019-02-08,SWM201707000201,CBA,-19.0501753556321,-65.2560560015405,inactivo,,30,10,2019-02-07,1,5400.0,30.0,36.0,440.0,40.0
2019-02-12,SWM201707000201,CBA,-19.0501753556321,-65.2560560015405,inactivo,,20,5,2019-02-08,4,3600.0,20.0,42.0,200.0,60.0
2019-02-13,SWM201707000201,CBA,-19.0501753556321,-65.2560560015405,inactivo,,20,50,2019-02-12,1,3600.0,20.0,24.0,260.0,60.0
2019-02-14,SWM201707000201,CBA,-19.0501753556321,-65.2560560015405,inactivo,,17,40,2019-02-13,1,3060.0,17.0,24.0,220.0,40.0
2019-02-18,SWM201707000201,CBA,-19.0501753556321,-65.2560560015405,inactivo,,17,25,2019-02-14,4,3060.0,17.0,54.0,140.0,20.0
2019-02-19,SWM201707000201,CBA,-19.0501753556321,-65.2560560015405,inactivo,,30,5,2019-02-18,1,5400.0,30.0,54.0,380.0,40.0
2019-02-20,SWM201707000201,CBA,-19.0501753556321,-65.2560560015405,inactivo,,6,45,2019-02-19,1,1080.0,6.0,12.0,40.0,40.0
2019-02-22,SWM201707000201,CBA,-19.0501753556321,-65.2560560015405,inactivo,,10,45,2019-02-20,2,1800.0,10.0,6.0,140.0,40.0
2019-02-26,SWM201707000201,CBA,-19.0501753556321,-65.2560560015405,inactivo,,16,30,2019-02-22,4,2880.0,16.0,12.0,200.0,80.0
2019-02-27,SWM201707000201,CBA,-19.0501753556321,-65.2560560015405,inactivo,,12,25,2019-02-26,1,2160.0,12.0,24.0,120.0,40.0
2019-02-28,SWM201707000201,CBA,-19.0501753556321,-65.2560560015405,inactivo,,20,5,2019-02-27,1,3600.0,20.0,18.0,240.0,100.0
2019-02-02,SWM201707000210,Multicentro Cespedes,-19.048315060694,-65.2591921451475,inactivo,,10,45,2019-01-31,2,1800.0,10.0,24.0,80.0,40.0
2019-02-05,SWM201707000210,Multicentro Cespedes,-19.048315060694,-65.2591921451475,inactivo,,8,40,2019-02-02,3,1440.0,8.0,18.0,20.0,80.0
2019-02-06,SWM201707000210,Multicentro Cespedes,-19.048315060694,-65.2591921451475,inactivo,,3,40,2019-02-05,1,540.0,3.0,0.0,40.0,20.0
2019-02-08,SWM201707000210,Multicentro Cespedes,-19.048315060694,-65.2591921451475,inactivo,,10,30,2019-02-06,2,1800.0,10.0,12.0,100.0,60.0
2019-02-12,SWM201707000210,Multicentro Cespedes,-19.048315060694,-65.2591921451475,inactivo,,12,20,2019-02-08,4,2160.0,12.0,30.0,100.0,40.0
2019-02-13,SWM201707000210,Multicentro Cespedes,-19.048315060694,-65.2591921451475,inactivo,,6,15,2019-02-12,1,1080.0,6.0,12.0,40.0,40.0
2019-02-14,SWM201707000210,Multicentro Cespedes,-19.048315060694,-65.2591921451475,inactivo,,9,10,2019-02-13,1,1620.0,9.0,18.0,80.0,40.0
2019-02-18,SWM201707000210,Multicentro Cespedes,-19.048315060694,-65.2591921451475,inactivo,,12,5,2019-02-14,4,2160.0,12.0,42.0,60.0,40.0
2019-02-19,SWM201707000210,Multicentro Cespedes,-19.048315060694,-65.2591921451475,inactivo,,15,2,2019-02-18,1,2700.0,15.0,42.0,60.0,100.0
2019-02-20,SWM201707000210,Multicentro Cespedes,-19.048315060694,-65.2591921451475,inactivo,,12,50,2019-02-19,1,2160.0,12.0,72.0,0.0,0.0
2019-02-22,SWM201707000210,Multicentro Cespedes,-19.048315060694,-65.2591921451475,inactivo,,13,40,2019-02-20,2,2340.0,13.0,72.0,20.0,0.0
2019-02-26,SWM201707000210,Multicentro Cespedes,-19.048315060694,-65.2591921451475,inactivo,,7,40,2019-02-22,4,1260.0,7.0,30.0,20.0,20.0
2019-02-27,SWM201707000210,Multicentro Cespedes,-19.048315060694,-65.2591921451475,inactivo,,1,40,2019-02-26,1,180.0,1.0,0.0,0.0,20.0
2019-02-28,SWM201707000210,Multicentro Cespedes,-19.048315060694,-65.2591921451475,inactivo,,4,25,2019-02-27,1,720.0,4.0,18.0,0.0,20.0
2019-03-04,SWM201707000202,Aeropuerto Alcantari,-19.2465508193052,-65.1511204662652,activo,,59,5,2019-02-28,4,10620.0,59.0,120.0,320.0,460.0
2019-03-05,SWM201707000202,Aeropuerto Alcantari,-19.2465508193052,-65.1511204662652,activo,,7,100,2019-03-04,1,1260.0,7.0,12.0,80.0,20.0
2019-03-07,SWM201707000202,Aeropuerto Alcantari,-19.2465508193052,-65.1511204662652,activo,,49,80,2019-03-05,2,8820.0,49.0,90.0,340.0,340.0
2019-03-11,SWM201707000202,Aeropuerto Alcantari,-19.2465508193052,-65.1511204662652,activo,,39,50,2019-03-07,4,7020.0,39.0,72.0,260.0,280.0
2019-03-14,SWM201707000202,Aeropuerto Alcantari,-19.2465508193052,-65.1511204662652,activo,,34,25,2019-03-11,3,6120.0,34.0,48.0,200.0,320.0
2019-03-19,SWM201707000202,Aeropuerto Alcantari,-19.2465508193052,-65.1511204662652,activo,,57,45,2019-03-14,5,10260.0,57.0,120.0,440.0,300.0
2019-03-23,SWM201707000202,Aeropuerto Alcantari,-19.2465508193052,-65.1511204662652,activo,,47,100,2019-03-19,4,8460.0,47.0,126.0,220.0,300.0
2019-03-27,SWM201707000202,Aeropuerto Alcantari,-19.2465508193052,-65.1511204662652,activo,,43,85,2019-03-23,4,7740.0,43.0,102.0,220.0,300.0
2019-03-31,SWM201707000202,Aeropuerto Alcantari,-19.2465508193052,-65.1511204662652,activo,,35,55,2019-03-30,1,6300.0,35.0,90.0,320.0,80.0
2019-03-08,SWM201707000208,ITEC,-19.0477983440613,-65.2645083500505,inactivo,,3,3,2019-02-28,8,540.0,3.0,6.0,20.0,20.0
2019-03-11,SWM201707000208,ITEC,-19.0477983440613,-65.2645083500505,inactivo,,3,2,2019-03-08,3,540.0,3.0,0.0,40.0,20.0
2019-03-13,SWM201707000208,ITEC,-19.0477983440613,-65.2645083500505,inactivo,,4,2,2019-03-11,2,720.0,4.0,6.0,60.0,0.0
2019-03-15,SWM201707000208,ITEC,-19.0477983440613,-65.2645083500505,inactivo,,8,50,2019-03-13,2,1440.0,8.0,24.0,60.0,20.0
2019-03-20,SWM201707000208,ITEC,-19.0477983440613,-65.2645083500505,inactivo,,7,45,2019-03-15,5,1260.0,7.0,24.0,20.0,40.0
2019-03-25,SWM201707000208,ITEC,-19.0477983440613,-65.2645083500505,inactivo,,13,30,2019-03-20,5,2340.0,13.0,30.0,80.0,80.0
2019-03-29,SWM201707000208,ITEC,-19.0477983440613,-65.2645083500505,inactivo,,4,28,2019-03-25,4,720.0,4.0,18.0,0.0,20.0
2019-03-31,SWM201707000208,ITEC,-19.0477983440613,-65.2645083500505,inactivo,,2,20,2019-03-29,2,360.0,2.0,6.0,20.0,0.0
2019-03-06,SWM201707000206,Planeta Kids,-19.0455714685946,-65.2574231604105,activo,,7,100,2019-02-28,6,1260.0,7.0,18.0,0.0,80.0
2019-03-08,SWM201707000206,Planeta Kids,-19.0455714685946,-65.2574231604105,activo,,3,100,2019-03-06,2,540.0,3.0,6.0,0.0,40.0
2019-03-11,SWM201707000206,Planeta Kids,-19.0455714685946,-65.2574231604105,activo,,29,90,2019-03-08,3,5220.0,29.0,36.0,240.0,220.0
2019-03-13,SWM201707000206,Planeta Kids,-19.0455714685946,-65.2574231604105,activo,,3,88,2019-03-11,2,540.0,3.0,12.0,0.0,20.0
2019-03-13,SWM201707000206,Planeta Kids,-19.0455714685946,-65.2574231604105,activo,,12,75,2019-03-13,0,2160.0,12.0,24.0,40.0,120.0
2019-03-20,SWM201707000206,Planeta Kids,-19.0455714685946,-65.2574231604105,activo,,15,70,2019-03-13,7,2700.0,15.0,0.0,160.0,140.0
2019-03-24,SWM201707000206,Planeta Kids,-19.0455714685946,-65.2574231604105,activo,,23,55,2019-03-20,4,4140.0,23.0,30.0,160.0,200.0
2019-03-25,SWM201707000206,Planeta Kids,-19.0455714685946,-65.2574231604105,activo,,11,50,2019-03-24,1,1980.0,11.0,30.0,0.0,120.0
2019-03-29,SWM201707000206,Planeta Kids,-19.0455714685946,-65.2574231604105,activo,,20,30,2019-03-25,4,3600.0,20.0,42.0,160.0,100.0
2019-03-31,SWM201707000206,Planeta Kids,-19.0455714685946,-65.2574231604105,activo,,11,25,2019-03-29,2,1980.0,11.0,0.0,120.0,100.0
2019-03-14,SWM201707000217,Multicentro Cespedes,-19.048315060694,-65.2591921451475,inactivo,,7,85,2019-01-03,70,1260.0,7.0,24.0,40.0,20.0
2019-03-14,SWM201707000217,Multicentro Cespedes,-19.048315060694,-65.2591921451475,inactivo,,2,85,2019-03-14,0,360.0,2.0,6.0,20.0,0.0
2019-03-20,SWM201707000217,Multicentro Cespedes,-19.048315060694,-65.2591921451475,inactivo,,5,80,2019-03-14,6,900.0,5.0,12.0,0.0,60.0
2019-03-21,SWM201707000217,Multicentro Cespedes,-19.048315060694,-65.2591921451475,inactivo,,7,75,2019-03-20,1,1260.0,7.0,24.0,60.0,0.0
2019-03-22,SWM201707000217,Multicentro Cespedes,-19.048315060694,-65.2591921451475,inactivo,,7,70,2019-03-21,1,1260.0,7.0,24.0,40.0,20.0
2019-03-25,SWM201707000217,Multicentro Cespedes,-19.048315060694,-65.2591921451475,inactivo,,5,68,2019-03-22,3,900.0,5.0,12.0,20.0,40.0
2019-03-28,SWM201707000217,Multicentro Cespedes,-19.048315060694,-65.2591921451475,inactivo,,17,55,2019-03-25,3,3060.0,17.0,54.0,100.0,60.0
2019-03-30,SWM201707000217,Multicentro Cespedes,-19.048315060694,-65.2591921451475,inactivo,,8,48,2019-03-28,2,1440.0,8.0,18.0,40.0,60.0
2019-03-06,SWM201707000201,CBA,-19.0501753556321,-65.2560560015405,inactivo,,16,55,2019-02-28,6,2880.0,16.0,36.0,180.0,20.0
2019-03-08,SWM201707000201,CBA,-19.0501753556321,-65.2560560015405,inactivo,,19,50,2019-03-06,2,3420.0,19.0,24.0,260.0,40.0
2019-03-11,SWM201707000201,CBA,-19.0501753556321,-65.2560560015405,inactivo,,6,47,2019-03-08,3,1080.0,6.0,0.0,100.0,20.0
2019-03-13,SWM201707000201,CBA,-19.0501753556321,-65.2560560015405,inactivo,,13,3,2019-03-11,2,2340.0,13.0,24.0,120.0,60.0
2019-03-14,SWM201707000201,CBA,-19.0501753556321,-65.2560560015405,inactivo,,19,1,2019-03-13,1,3420.0,19.0,36.0,260.0,0.0
2019-03-15,SWM201707000201,CBA,-19.0501753556321,-65.2560560015405,inactivo,,11,50,2019-03-14,1,1980.0,11.0,12.0,160.0,20.0
2019-03-19,SWM201707000201,CBA,-19.0501753556321,-65.2560560015405,inactivo,,16,45,2019-03-15,4,2880.0,16.0,36.0,160.0,40.0
2019-03-20,SWM201707000201,CBA,-19.0501753556321,-65.2560560015405,inactivo,,9,40,2019-03-19,1,1620.0,9.0,36.0,60.0,0.0
2019-03-21,SWM201707000201,CBA,-19.0501753556321,-65.2560560015405,inactivo,,15,25,2019-03-20,1,2700.0,15.0,18.0,140.0,100.0
2019-03-23,SWM201707000201,CBA,-19.0501753556321,-65.2560560015405,inactivo,,15,100,2019-03-21,2,2700.0,15.0,24.0,200.0,20.0
2019-03-26,SWM201707000201,CBA,-19.0501753556321,-65.2560560015405,inactivo,,10,98,2019-03-23,3,1800.0,10.0,12.0,140.0,20.0
2019-03-27,SWM201707000201,CBA,-19.0501753556321,-65.2560560015405,inactivo,,8,90,2019-03-26,1,1440.0,8.0,18.0,60.0,40.0
2019-03-28,SWM201707000201,CBA,-19.0501753556321,-65.2560560015405,inactivo,,8,90,2019-03-27,1,1440.0,8.0,6.0,120.0,20.0
2019-03-31,SWM201707000201,CBA,-19.0501753556321,-65.2560560015405,inactivo,,17,75,2019-03-28,3,3060.0,17.0,18.0,240.0,40.0
2019-03-18,SWM201707000210,Montesori,-19.0810850184759,-65.2491695018615,inactivo,,86,13,2019-03-07,11,15480.0,86.0,168.0,860.0,300.0
2019-03-19,SWM201707000210,Montesori,-19.0810850184759,-65.2491695018615,inactivo,,79,20,2019-03-18,1,14220.0,79.0,96.0,880.0,380.0
2019-03-21,SWM201707000210,Montesori,-19.0810850184759,-65.2491695018615,inactivo,,57,48,2019-03-19,2,10260.0,57.0,60.0,740.0,200.0
2019-03-21,SWM201707000210,Montesori,-19.0810850184759,-65.2491695018615,inactivo,,40,20,2019-03-21,0,7200.0,40.0,48.0,440.0,200.0
2019-03-22,SWM201707000210,Montesori,-19.0810850184759,-65.2491695018615,inactivo,,68,30,2019-03-21,1,12240.0,68.0,72.0,940.0,180.0
2019-03-22,SWM201707000210,Montesori,-19.0810850184759,-65.2491695018615,inactivo,,18,20,2019-03-22,0,3240.0,18.0,36.0,180.0,60.0
2019-03-25,SWM201707000210,Montesori,-19.0810850184759,-65.2491695018615,inactivo,,43,45,2019-03-22,3,7740.0,43.0,42.0,620.0,100.0
2019-03-25,SWM201707000210,Montesori,-19.0810850184759,-65.2491695018615,inactivo,,11,40,2019-03-25,0,1980.0,11.0,12.0,120.0,60.0
2019-03-26,SWM201707000210,Montesori,-19.0810850184759,-65.2491695018615,inactivo,,39,10,2019-03-25,1,7020.0,39.0,30.0,580.0,100.0
2019-03-27,SWM201707000210,Montesori,-19.0810850184759,-65.2491695018615,inactivo,,74,10,2019-03-26,1,13320.0,74.0,60.0,980.0,300.0
2019-03-28,SWM201707000210,Montesori,-19.0810850184759,-65.2491695018615,inactivo,,50,40,2019-03-27,1,9000.0,50.0,54.0,740.0,80.0
2019-03-29,SWM201707000210,Montesori,-19.0810850184759,-65.2491695018615,inactivo,,41,8,2019-03-28,1,7380.0,41.0,48.0,540.0,120.0
2019-03-30,SWM201707000210,Montesori,-19.0810850184759,-65.2491695018615,inactivo,,14,100,2019-03-29,1,2520.0,14.0,18.0,160.0,60.0
2019-03-01,SWM201707000210,Multicentro Cespedes,-19.048315060694,-65.2591921451475,inactivo,,1,20,2019-02-28,1,180.0,1.0,0.0,20.0,0.0
2019-03-07,SWM201707000210,Multicentro Cespedes,-19.048315060694,-65.2591921451475,inactivo,,2,18,2019-03-01,6,360.0,2.0,0.0,20.0,20.0
2019-04-01,SWM201707000202,Aeropuerto Alcantari,-19.2465508193052,-65.1511204662652,activo,,18,100,2019-03-31,1,3240.0,18.0,24.0,140.0,140.0
2019-04-05,SWM201707000202,Aeropuerto Alcantari,-19.2465508193052,-65.1511204662652,activo,,58,75,2019-04-01,4,10440.0,58.0,96.0,540.0,300.0
2019-04-09,SWM201707000202,Aeropuerto Alcantari,-19.2465508193052,-65.1511204662652,activo,,34,50,2019-04-05,4,6120.0,34.0,102.0,220.0,120.0
2019-04-17,SWM201707000202,Aeropuerto Alcantari,-19.2465508193052,-65.1511204662652,activo,,78,55,2019-04-09,8,14040.0,78.0,204.0,520.0,360.0
2019-04-21,SWM201707000202,Aeropuerto Alcantari,-19.2465508193052,-65.1511204662652,activo,,61,80,2019-04-17,4,10980.0,61.0,120.0,480.0,340.0
2019-04-24,SWM201707000202,Aeropuerto Alcantari,-19.2465508193052,-65.1511204662652,activo,,22,70,2019-04-21,3,3960.0,22.0,24.0,160.0,200.0
2019-04-28,SWM201707000202,Aeropuerto Alcantari,-19.2465508193052,-65.1511204662652,activo,,39,40,2019-04-24,4,7020.0,39.0,96.0,300.0,160.0
2019-04-29,SWM201707000202,Aeropuerto Alcantari,-19.2465508193052,-65.1511204662652,activo,,19,25,2019-04-28,1,3420.0,19.0,12.0,160.0,180.0
2019-04-03,SWM201707000208,ITEC,-19.0477983440613,-65.2645083500505,inactivo,,9,15,2019-03-31,3,1620.0,9.0,48.0,20.0,0.0
2019-04-08,SWM201707000208,ITEC,-19.0477983440613,-65.2645083500505,inactivo,,15,50,2019-04-03,5,2700.0,15.0,36.0,140.0,40.0
2019-04-11,SWM201707000208,ITEC,-19.0477983440613,-65.2645083500505,inactivo,,7,50,2019-04-08,3,1260.0,7.0,18.0,60.0,20.0
2019-04-15,SWM201707000208,ITEC,-19.0477983440613,-65.2645083500505,inactivo,,14,40,2019-04-11,4,2520.0,14.0,36.0,100.0,60.0
2019-04-17,SWM201707000208,ITEC,-19.0477983440613,-65.2645083500505,inactivo,,4,40,2019-04-15,2,720.0,4.0,12.0,0.0,40.0
2019-04-22,SWM201707000208,ITEC,-19.0477983440613,-65.2645083500505,inactivo,,3,38,2019-04-17,5,540.0,3.0,18.0,0.0,0.0
2019-04-25,SWM201707000208,ITEC,-19.0477983440613,-65.2645083500505,inactivo,,9,20,2019-04-22,3,1620.0,9.0,18.0,60.0,60.0
2019-04-30,SWM201707000208,ITEC,-19.0477983440613,-65.2645083500505,inactivo,,8,15,2019-04-25,5,1440.0,8.0,6.0,120.0,20.0
2019-04-03,SWM201707000206,Planeta Kids,-19.0455714685946,-65.2574231604105,activo,,11,15,2019-03-31,3,1980.0,11.0,24.0,60.0,80.0
2019-04-07,SWM201707000206,Planeta Kids,-19.0455714685946,-65.2574231604105,activo,,35,40,2019-04-03,4,6300.0,35.0,48.0,260.0,280.0
2019-04-11,SWM201707000206,Planeta Kids,-19.0455714685946,-65.2574231604105,activo,,3,40,2019-04-07,4,540.0,3.0,0.0,20.0,40.0
2019-04-13,SWM201707000206,Planeta Kids,-19.0455714685946,-65.2574231604105,activo,,19,30,2019-04-11,2,3420.0,19.0,24.0,140.0,160.0
2019-04-15,SWM201707000206,Planeta Kids,-19.0455714685946,-65.2574231604105,activo,,26,98,2019-04-13,2,4680.0,26.0,42.0,240.0,140.0
2019-04-17,SWM201707000206,Planeta Kids,-19.0455714685946,-65.2574231604105,activo,,4,95,2019-04-15,2,720.0,4.0,12.0,40.0,0.0
2019-04-22,SWM201707000206,Planeta Kids,-19.0455714685946,-65.2574231604105,activo,,35,80,2019-04-17,5,6300.0,35.0,24.0,320.0,300.0
2019-04-28,SWM201707000206,Planeta Kids,-19.0455714685946,-65.2574231604105,activo,,14,60,2019-04-22,6,2520.0,14.0,6.0,160.0,100.0
2019-04-03,SWM201707000217,Multicentro Cespedes,-19.048315060694,-65.2591921451475,inactivo,,9,45,2019-03-30,4,1620.0,9.0,12.0,60.0,80.0
2019-04-05,SWM201707000217,Multicentro Cespedes,-19.048315060694,-65.2591921451475,inactivo,,9,30,2019-04-03,2,1620.0,9.0,24.0,40.0,60.0
2019-04-08,SWM201707000217,Multicentro Cespedes,-19.048315060694,-65.2591921451475,inactivo,,18,15,2019-04-05,3,3240.0,18.0,48.0,120.0,80.0
2019-04-11,SWM201707000217,Multicentro Cespedes,-19.048315060694,-65.2591921451475,inactivo,,7,10,2019-04-08,3,1260.0,7.0,30.0,40.0,0.0
2019-04-13,SWM201707000217,Multicentro Cespedes,-19.048315060694,-65.2591921451475,inactivo,,11,5,2019-04-11,2,1980.0,11.0,24.0,100.0,40.0
2019-04-17,SWM201707000217,Multicentro Cespedes,-19.048315060694,-65.2591921451475,inactivo,,12,98,2019-04-13,4,2160.0,12.0,18.0,60.0,120.0
2019-04-20,SWM201707000217,Multicentro Cespedes,-19.048315060694,-65.2591921451475,inactivo,,6,95,2019-04-17,3,1080.0,6.0,6.0,60.0,40.0
2019-04-24,SWM201707000217,Multicentro Cespedes,-19.048315060694,-65.2591921451475,inactivo,,10,95,2019-04-20,4,1800.0,10.0,24.0,100.0,20.0
2019-04-27,SWM201707000217,Multicentro Cespedes,-19.048315060694,-65.2591921451475,inactivo,,18,90,2019-04-24,3,3240.0,18.0,42.0,160.0,60.0
2019-07-04,SWM201707000201,CBA,-19.0501753556321,-65.2560560015405,inactivo,,19,50,2019-06-30,4,3420.0,19.0,30.0,220.0,60.0
2019-07-08,SWM201707000201,CBA,-19.0501753556321,-65.2560560015405,inactivo,,10,45,2019-07-04,4,1800.0,10.0,24.0,60.0,60.0
2019-07-12,SWM201707000201,CBA,-19.0501753556321,-65.2560560015405,inactivo,,20,30,2019-07-08,4,3600.0,20.0,24.0,220.0,100.0
2019-07-18,SWM201707000201,CBA,-19.0501753556321,-65.2560560015405,inactivo,,16,15,2019-07-12,6,2880.0,16.0,36.0,160.0,40.0
2019-07-22,SWM201707000201,CBA,-19.0501753556321,-65.2560560015405,inactivo,,7,10,2019-07-18,4,1260.0,7.0,6.0,80.0,40.0
2019-07-26,SWM201707000201,CBA,-19.0501753556321,-65.2560560015405,inactivo,,31,2,2019-07-22,4,5580.0,31.0,54.0,380.0,60.0
2019-07-31,SWM201707000201,CBA,-19.0501753556321,-65.2560560015405,inactivo,,8,95,2019-07-26,5,1440.0,8.0,6.0,100.0,40.0
2019-04-02,SWM201707000210,Montesori,-19.0810850184759,-65.2491695018615,inactivo,,27,90,2019-03-30,3,4860.0,27.0,0.0,500.0,40.0
2019-04-03,SWM201707000210,Montesori,-19.0810850184759,-65.2491695018615,inactivo,,37,75,2019-04-02,1,6660.0,37.0,18.0,620.0,60.0
2019-04-04,SWM201707000210,Montesori,-19.0810850184759,-65.2491695018615,inactivo,,59,30,2019-04-03,1,10620.0,59.0,90.0,800.0,80.0
2019-04-05,SWM201707000210,Montesori,-19.0810850184759,-65.2491695018615,inactivo,,42,3,2019-04-04,1,7560.0,42.0,6.0,740.0,80.0
2019-04-06,SWM201707000210,Montesori,-19.0810850184759,-65.2491695018615,inactivo,,6,100,2019-04-05,1,1080.0,6.0,12.0,60.0,20.0
2019-04-08,SWM201707000210,Montesori,-19.0810850184759,-65.2491695018615,inactivo,,29,90,2019-04-06,2,5220.0,29.0,54.0,360.0,40.0
2019-04-09,SWM201707000210,Montesori,-19.0810850184759,-65.2491695018615,inactivo,,26,80,2019-04-08,1,4680.0,26.0,0.0,480.0,40.0
2019-04-10,SWM201707000210,Montesori,-19.0810850184759,-65.2491695018615,inactivo,,23,55,2019-04-09,1,4140.0,23.0,30.0,340.0,20.0
2019-04-11,SWM201707000210,Montesori,-19.0810850184759,-65.2491695018615,inactivo,,27,40,2019-04-10,1,4860.0,27.0,24.0,400.0,60.0
2019-04-12,SWM201707000210,Montesori,-19.0810850184759,-65.2491695018615,inactivo,,26,15,2019-04-11,1,4680.0,26.0,42.0,340.0,40.0
2019-04-15,SWM201707000210,Montesori,-19.0810850184759,-65.2491695018615,inactivo,,15,95,2019-04-12,3,2700.0,15.0,18.0,180.0,60.0
2019-04-17,SWM201707000210,Montesori,-19.0810850184759,-65.2491695018615,inactivo,,38,80,2019-04-15,2,6840.0,38.0,30.0,540.0,120.0
2019-04-20,SWM201707000210,Montesori,-19.0810850184759,-65.2491695018615,inactivo,,22,70,2019-04-17,3,3960.0,22.0,30.0,300.0,40.0
2019-04-24,SWM201707000210,Montesori,-19.0810850184759,-65.2491695018615,inactivo,,35,40,2019-04-20,4,6300.0,35.0,24.0,580.0,40.0
2019-04-26,SWM201707000210,Montesori,-19.0810850184759,-65.2491695018615,inactivo,,9,25,2019-04-24,2,1620.0,9.0,24.0,100.0,0.0
2019-04-27,SWM201707000210,Montesori,-19.0810850184759,-65.2491695018615,inactivo,,20,100,2019-04-26,1,3600.0,20.0,12.0,280.0,80.0
2019-05-03,SWM201707000202,Aeropuerto Alcantari,-19.2465508193052,-65.1511204662652,activo,,39,100,2019-04-29,4,7020.0,39.0,96.0,240.0,220.0
2019-05-08,SWM201707000202,Aeropuerto Alcantari,-19.2465508193052,-65.1511204662652,activo,,58,70,2019-05-03,5,10440.0,58.0,108.0,420.0,380.0
2019-05-09,SWM201707000202,Aeropuerto Alcantari,-19.2465508193052,-65.1511204662652,activo,,12,60,2019-05-08,1,2160.0,12.0,42.0,60.0,40.0
2019-05-10,SWM201707000202,Aeropuerto Alcantari,-19.2465508193052,-65.1511204662652,activo,,21,50,2019-05-09,1,3780.0,21.0,48.0,180.0,80.0
2019-05-13,SWM201707000202,Aeropuerto Alcantari,-19.2465508193052,-65.1511204662652,activo,,40,20,2019-05-10,3,7200.0,40.0,78.0,240.0,300.0
2019-05-16,SWM201707000202,Aeropuerto Alcantari,-19.2465508193052,-65.1511204662652,activo,,39,50,2019-05-13,3,7020.0,39.0,90.0,180.0,300.0
2019-05-18,SWM201707000202,Aeropuerto Alcantari,-19.2465508193052,-65.1511204662652,activo,,16,45,2019-05-16,2,2880.0,16.0,36.0,80.0,120.0
2019-05-19,SWM201707000202,Aeropuerto Alcantari,-19.2465508193052,-65.1511204662652,activo,,8,44,2019-05-18,1,1440.0,8.0,24.0,40.0,40.0
2019-05-23,SWM201707000202,Aeropuerto Alcantari,-19.2465508193052,-65.1511204662652,activo,,31,30,2019-05-19,4,5580.0,31.0,84.0,160.0,180.0
2019-05-26,SWM201707000202,Aeropuerto Alcantari,-19.2465508193052,-65.1511204662652,activo,,52,60,2019-05-23,3,9360.0,52.0,114.0,340.0,320.0
2019-05-30,SWM201707000202,Aeropuerto Alcantari,-19.2465508193052,-65.1511204662652,activo,,22,50,2019-05-26,4,3960.0,22.0,42.0,140.0,160.0
2019-05-31,SWM201707000202,Aeropuerto Alcantari,-19.2465508193052,-65.1511204662652,activo,,23,25,2019-05-30,1,4140.0,23.0,54.0,140.0,140.0
2019-05-02,SWM201707000208,ITEC,-19.0477983440613,-65.2645083500505,inactivo,,4,10,2019-04-30,2,720.0,4.0,6.0,40.0,20.0
2019-05-07,SWM201707000208,ITEC,-19.0477983440613,-65.2645083500505,inactivo,,7,5,2019-05-02,5,1260.0,7.0,30.0,40.0,0.0
2019-05-14,SWM201707000208,ITEC,-19.0477983440613,-65.2645083500505,inactivo,,14,3,2019-05-07,7,2520.0,14.0,54.0,80.0,20.0
2019-05-20,SWM201707000208,ITEC,-19.0477983440613,-65.2645083500505,inactivo,,22,100,2019-05-14,6,3960.0,22.0,24.0,180.0,180.0
2019-05-25,SWM201707000208,Mercamax,-19.0439138066822,-65.2447864038234,inactivo,,29,75,2019-05-20,5,5220.0,29.0,42.0,180.0,260.0
2019-05-31,SWM201707000208,Mercamax,-19.0439138066822,-65.2447864038234,inactivo,,23,75,2019-05-25,6,4140.0,23.0,54.0,220.0,60.0
2019-05-02,SWM201707000206,Planeta Kids,-19.0455714685946,-65.2574231604105,activo,,19,50,2019-04-28,4,3420.0,19.0,24.0,120.0,180.0
2019-05-08,SWM201707000206,Planeta Kids,-19.0455714685946,-65.2574231604105,activo,,17,40,2019-05-02,6,3060.0,17.0,12.0,100.0,200.0
2019-05-14,SWM201707000206,Planeta Kids,-19.0455714685946,-65.2574231604105,activo,,25,20,2019-05-08,6,4500.0,25.0,36.0,160.0,220.0
2019-05-22,SWM201707000206,Planeta Kids,-19.0455714685946,-65.2574231604105,activo,,46,100,2019-05-14,8,8280.0,46.0,84.0,280.0,360.0
2019-05-24,SWM201707000206,Planeta Kids,-19.0455714685946,-65.2574231604105,activo,,3,98,2019-05-22,2,540.0,3.0,12.0,0.0,20.0
2019-05-31,SWM201707000206,Planeta Kids,-19.0455714685946,-65.2574231604105,activo,,28,70,2019-05-24,7,5040.0,28.0,12.0,300.0,220.0
2019-05-02,SWM201707000217,Multicentro Cespedes,-19.048315060694,-65.2591921451475,inactivo,,11,80,2019-04-27,5,1980.0,11.0,36.0,80.0,20.0
2019-05-03,SWM201707000217,Multicentro Cespedes,-19.048315060694,-65.2591921451475,inactivo,,5,75,2019-05-02,1,900.0,5.0,6.0,60.0,20.0
2019-05-08,SWM201707000217,Multicentro Cespedes,-19.048315060694,-65.2591921451475,inactivo,,20,60,2019-05-03,5,3600.0,20.0,48.0,140.0,100.0
2019-05-09,SWM201707000217,Multicentro Cespedes,-19.048315060694,-65.2591921451475,inactivo,,5,45,2019-05-08,1,900.0,5.0,6.0,40.0,40.0
2019-05-14,SWM201707000217,Multicentro Cespedes,-19.048315060694,-65.2591921451475,inactivo,,11,45,2019-05-09,5,1980.0,11.0,24.0,60.0,80.0
2019-05-20,SWM201707000217,Multicentro Cespedes,-19.048315060694,-65.2591921451475,inactivo,,22,35,2019-05-14,6,3960.0,22.0,42.0,140.0,160.0
2019-05-22,SWM201707000217,Multicentro Cespedes,-19.048315060694,-65.2591921451475,inactivo,,7,30,2019-05-20,2,1260.0,7.0,18.0,20.0,60.0
2019-05-24,SWM201707000217,Multicentro Cespedes,-19.048315060694,-65.2591921451475,inactivo,,10,20,2019-05-22,2,1800.0,10.0,36.0,20.0,60.0
2019-05-28,SWM201707000217,Multicentro Cespedes,-19.048315060694,-65.2591921451475,inactivo,,6,15,2019-05-24,4,1080.0,6.0,18.0,20.0,40.0
2019-05-31,SWM201707000217,Multicentro Cespedes,-19.048315060694,-65.2591921451475,inactivo,,8,7,2019-05-28,3,1440.0,8.0,18.0,60.0,40.0
2019-05-02,SWM201707000201,CBA,-19.0501753556321,-65.2560560015405,inactivo,,11,55,2019-03-31,32,1980.0,11.0,24.0,100.0,40.0
2019-05-09,SWM201707000201,CBA,-19.0501753556321,-65.2560560015405,inactivo,,28,40,2019-05-02,7,5040.0,28.0,42.0,340.0,80.0
2019-05-13,SWM201707000201,CBA,-19.0501753556321,-65.2560560015405,inactivo,,22,30,2019-05-09,4,3960.0,22.0,36.0,300.0,20.0
2019-05-20,SWM201707000201,CBA,-19.0501753556321,-65.2560560015405,inactivo,,25,5,2019-05-13,7,4500.0,25.0,60.0,220.0,80.0
2019-05-22,SWM201707000201,CBA,-19.0501753556321,-65.2560560015405,inactivo,,7,5,2019-05-20,2,1260.0,7.0,6.0,100.0,20.0
2019-05-28,SWM201707000201,CBA,-19.0501753556321,-65.2560560015405,inactivo,,11,60,2019-05-22,6,1980.0,11.0,18.0,60.0,100.0
2019-05-31,SWM201707000201,CBA,-19.0501753556321,-65.2560560015405,inactivo,,15,55,2019-05-28,3,2700.0,15.0,24.0,160.0,60.0
2019-05-02,SWM201707000210,Montesori,-19.0810850184759,-65.2491695018615,inactivo,,20,95,2019-04-27,5,3600.0,20.0,36.0,220.0,60.0
2019-05-03,SWM201707000210,Montesori,-19.0810850184759,-65.2491695018615,inactivo,,17,80,2019-05-02,1,3060.0,17.0,30.0,200.0,40.0
2019-05-13,SWM201707000210,Montesori,-19.0810850184759,-65.2491695018615,inactivo,,32,80,2019-05-03,10,5760.0,32.0,42.0,460.0,40.0
2019-05-24,SWM201707000210,Montesori,-19.0810850184759,-65.2491695018615,inactivo,,25,70,2019-05-13,11,4500.0,25.0,24.0,320.0,100.0
2019-05-28,SWM201707000210,Montesori,-19.0810850184759,-65.2491695018615,inactivo,,20,60,2019-05-24,4,3600.0,20.0,18.0,300.0,40.0
2019-05-30,SWM201707000210,Montesori,-19.0810850184759,-65.2491695018615,inactivo,,25,40,2019-05-28,2,4500.0,25.0,36.0,320.0,60.0
2019-05-31,SWM201707000210,Montesori,-19.0810850184759,-65.2491695018615,inactivo,,34,15,2019-05-30,1,6120.0,34.0,30.0,400.0,180.0
2019-06-05,SWM201707000202,Aeropuerto Alcantari,-19.2465508193052,-65.1511204662652,activo,,39,60,2019-05-31,5,7020.0,39.0,84.0,300.0,200.0
2019-06-10,SWM201707000202,Aeropuerto Alcantari,-19.2465508193052,-65.1511204662652,activo,,47,30,2019-06-05,5,8460.0,47.0,78.0,400.0,280.0
2019-06-14,SWM201707000202,Aeropuerto Alcantari,-19.2465508193052,-65.1511204662652,activo,,37,5,2019-06-10,4,6660.0,37.0,96.0,260.0,160.0
2019-06-16,SWM201707000202,Aeropuerto Alcantari,-19.2465508193052,-65.1511204662652,activo,,20,90,2019-06-14,2,3600.0,20.0,48.0,160.0,80.0
2019-06-20,SWM201707000202,Aeropuerto Alcantari,-19.2465508193052,-65.1511204662652,activo,,52,55,2019-06-16,4,9360.0,52.0,90.0,380.0,360.0
2019-06-24,SWM201707000202,Aeropuerto Alcantari,-19.2465508193052,-65.1511204662652,activo,,58,15,2019-06-20,4,10440.0,58.0,78.0,560.0,340.0
2019-06-27,SWM201707000202,Aeropuerto Alcantari,-19.2465508193052,-65.1511204662652,activo,,50,60,2019-06-24,3,9000.0,50.0,132.0,220.0,340.0
2019-06-30,SWM201707000202,Aeropuerto Alcantari,-19.2465508193052,-65.1511204662652,activo,,49,20,2019-06-27,3,8820.0,49.0,84.0,300.0,400.0
2019-06-04,SWM201707000208,Mercamax,-19.0439138066822,-65.2447864038234,inactivo,,13,65,2019-05-31,4,2340.0,13.0,30.0,100.0,60.0
2019-06-08,SWM201707000208,Mercamax,-19.0439138066822,-65.2447864038234,inactivo,,12,50,2019-06-04,4,2160.0,12.0,36.0,60.0,60.0
2019-06-11,SWM201707000208,Mercamax,-19.0439138066822,-65.2447864038234,inactivo,,27,35,2019-06-08,3,4860.0,27.0,18.0,320.0,160.0
2019-06-15,SWM201707000208,Mercamax,-19.0439138066822,-65.2447864038234,inactivo,,18,25,2019-06-11,4,3240.0,18.0,48.0,100.0,100.0
2019-06-18,SWM201707000208,Mercamax,-19.0439138066822,-65.2447864038234,inactivo,,13,20,2019-06-15,3,2340.0,13.0,18.0,140.0,60.0
2019-06-21,SWM201707000208,Mercamax,-19.0439138066822,-65.2447864038234,inactivo,,25,60,2019-06-18,3,4500.0,25.0,60.0,160.0,140.0
2019-06-25,SWM201707000208,Mercamax,-19.0439138066822,-65.2447864038234,inactivo,,21,55,2019-06-21,4,3780.0,21.0,36.0,180.0,120.0
2019-06-30,SWM201707000208,Mercamax,-19.0439138066822,-65.2447864038234,inactivo,,10,35,2019-06-25,5,1800.0,10.0,6.0,60.0,120.0
2019-06-04,SWM201707000206,Planeta Kids,-19.0455714685946,-65.2574231604105,activo,,19,50,2019-05-31,4,3420.0,19.0,36.0,180.0,80.0
2019-06-10,SWM201707000206,Planeta Kids,-19.0455714685946,-65.2574231604105,activo,,22,40,2019-06-04,6,3960.0,22.0,12.0,180.0,220.0
2019-06-14,SWM201707000206,Planeta Kids,-19.0455714685946,-65.2574231604105,activo,,5,39,2019-06-10,4,900.0,5.0,6.0,60.0,20.0
2019-06-19,SWM201707000206,Planeta Kids,-19.0455714685946,-65.2574231604105,activo,,21,20,2019-06-14,5,3780.0,21.0,6.0,160.0,240.0
2019-06-23,SWM201707000206,Planeta Kids,-19.0455714685946,-65.2574231604105,activo,,46,100,2019-06-19,4,8280.0,46.0,54.0,220.0,520.0
2019-06-29,SWM201707000206,Planeta Kids,-19.0455714685946,-65.2574231604105,activo,,12,98,2019-06-23,6,2160.0,12.0,12.0,120.0,80.0
2019-06-30,SWM201707000206,Planeta Kids,-19.0455714685946,-65.2574231604105,activo,,22,80,2019-06-29,1,3960.0,22.0,24.0,200.0,160.0
2019-06-04,SWM201707000217,Multicentro Cespedes,-19.048315060694,-65.2591921451475,inactivo,,8,5,2019-05-31,4,1440.0,8.0,18.0,60.0,40.0
2019-06-07,SWM201707000217,Multicentro Cespedes,-19.048315060694,-65.2591921451475,inactivo,,11,2,2019-06-04,3,1980.0,11.0,18.0,80.0,80.0
2019-06-11,SWM201707000217,Multicentro Cespedes,-19.048315060694,-65.2591921451475,inactivo,,9,50,2019-06-07,4,1620.0,9.0,24.0,60.0,40.0
2019-06-14,SWM201707000217,Multicentro Cespedes,-19.048315060694,-65.2591921451475,inactivo,,15,45,2019-06-11,3,2700.0,15.0,48.0,80.0,60.0
2019-06-15,SWM201707000217,Multicentro Cespedes,-19.048315060694,-65.2591921451475,inactivo,,4,,2019-06-14,1,720.0,4.0,12.0,0.0,40.0
2019-06-04,SWM201707000201,CBA,-19.0501753556321,-65.2560560015405,inactivo,,5,55,2019-05-31,4,900.0,5.0,12.0,40.0,20.0
2019-06-07,SWM201707000201,CBA,-19.0501753556321,-65.2560560015405,inactivo,,4,50,2019-06-04,3,720.0,4.0,6.0,0.0,60.0
2019-06-14,SWM201707000201,CBA,-19.0501753556321,-65.2560560015405,inactivo,,27,25,2019-06-07,7,4860.0,27.0,18.0,360.0,120.0
2019-06-17,SWM201707000201,CBA,-19.0501753556321,-65.2560560015405,inactivo,,7,25,2019-06-14,3,1260.0,7.0,6.0,80.0,40.0
2019-06-24,SWM201707000201,CBA,-19.0501753556321,-65.2560560015405,inactivo,,11,10,2019-06-17,7,1980.0,11.0,42.0,60.0,20.0
2019-06-27,SWM201707000201,CBA,-19.0501753556321,-65.2560560015405,inactivo,,8,5,2019-06-24,3,1440.0,8.0,12.0,80.0,40.0
2019-06-30,SWM201707000201,CBA,-19.0501753556321,-65.2560560015405,inactivo,,13,1,2019-06-27,3,2340.0,13.0,18.0,120.0,80.0
2019-06-03,SWM201707000210,Montessori,-19.0810850184759,-65.2491695018615,inactivo,,27,3,2019-05-31,3,4860.0,27.0,18.0,400.0,80.0
2019-06-05,SWM201707000210,Montessori,-19.0810850184759,-65.2491695018615,inactivo,,29,50,2019-06-03,2,5220.0,29.0,30.0,440.0,40.0
2019-06-10,SWM201707000210,Montessori,-19.0810850184759,-65.2491695018615,inactivo,,21,40,2019-06-05,5,3780.0,21.0,30.0,260.0,60.0
2019-06-11,SWM201707000210,Montessori,-19.0810850184759,-65.2491695018615,inactivo,,21,15,2019-06-10,1,3780.0,21.0,36.0,240.0,60.0
2019-06-12,SWM201707000210,Montessori,-19.0810850184759,-65.2491695018615,inactivo,,14,10,2019-06-11,1,2520.0,14.0,6.0,180.0,80.0
2019-06-14,SWM201707000210,Montessori,-19.0810850184759,-65.2491695018615,inactivo,,20,60,2019-06-12,2,3600.0,20.0,24.0,300.0,20.0
2019-06-17,SWM201707000210,Montessori,-19.0810850184759,-65.2491695018615,inactivo,,25,50,2019-06-14,3,4500.0,25.0,18.0,380.0,60.0
2019-06-24,SWM201707000210,Montessori,-19.0810850184759,-65.2491695018615,inactivo,,25,30,2019-06-17,7,4500.0,25.0,24.0,380.0,40.0
2019-06-25,SWM201707000210,Montessori,-19.0810850184759,-65.2491695018615,inactivo,,27,10,2019-06-24,1,4860.0,27.0,18.0,400.0,80.0
2019-06-26,SWM201707000210,Montessori,-19.0810850184759,-65.2491695018615,inactivo,,28,60,2019-06-25,1,5040.0,28.0,42.0,400.0,20.0
2019-06-27,SWM201707000210,Montessori,-19.0810850184759,-65.2491695018615,inactivo,,31,45,2019-06-26,1,5580.0,31.0,30.0,440.0,80.0
2019-06-16,LE-F303V-SCZ-W-B001,Megatlon,-19.0463420170172,-65.2423532164121,inactivo,,17,30,,,3060.0,17.0,18.0,180.0,100.0
2019-06-22,LE-F303V-SCZ-W-B001,Megatlon,-19.0463420170172,-65.2423532164121,inactivo,,21,60,2019-06-16,6,3780.0,21.0,42.0,240.0,40.0
2019-06-26,LE-F303V-SCZ-W-B001,Megatlon,-19.0463420170172,-65.2423532164121,inactivo,,10,95,2019-06-22,4,1800.0,10.0,30.0,60.0,40.0
2019-06-30,LE-F303V-SCZ-W-B001,Megatlon,-19.0463420170172,-65.2423532164121,inactivo,,13,90,2019-06-26,4,2340.0,13.0,12.0,140.0,80.0
2019-07-03,SWM201707000202,Aeropuerto Alcantari,-19.2465508193052,-65.1511204662652,activo,,46,50,2019-06-30,3,8280.0,46.0,78.0,320.0,340.0
2019-07-04,SWM201707000202,Aeropuerto Alcantari,-19.2465508193052,-65.1511204662652,activo,,16,25,2019-07-03,1,2880.0,16.0,30.0,140.0,80.0
2019-07-07,SWM201707000202,Aeropuerto Alcantari,-19.2465508193052,-65.1511204662652,activo,,43,100,2019-07-04,3,7740.0,43.0,60.0,340.0,320.0
2019-07-09,SWM201707000202,Aeropuerto Alcantari,-19.2465508193052,-65.1511204662652,activo,,43,80,2019-07-07,2,7740.0,43.0,78.0,280.0,320.0
2019-07-11,SWM201707000202,Aeropuerto Alcantari,-19.2465508193052,-65.1511204662652,activo,,29,55,2019-07-09,2,5220.0,29.0,48.0,300.0,120.0
2019-07-14,SWM201707000202,Aeropuerto Alcantari,-19.2465508193052,-65.1511204662652,activo,,37,40,2019-07-11,3,6660.0,37.0,78.0,240.0,240.0
2019-07-15,SWM201707000202,Aeropuerto Alcantari,-19.2465508193052,-65.1511204662652,activo,,19,20,2019-07-14,1,3420.0,19.0,48.0,100.0,120.0
2019-07-18,SWM201707000202,Aeropuerto Alcantari,-19.2465508193052,-65.1511204662652,activo,,41,100,2019-07-15,3,7380.0,41.0,114.0,260.0,180.0
2019-07-21,SWM201707000202,Aeropuerto Alcantari,-19.2465508193052,-65.1511204662652,activo,,44,70,2019-07-18,3,7920.0,44.0,60.0,220.0,460.0
2019-07-24,SWM201707000202,Aeropuerto Alcantari,-19.2465508193052,-65.1511204662652,activo,,19,60,2019-07-21,3,3420.0,19.0,72.0,40.0,100.0
2019-07-27,SWM201707000202,Aeropuerto Alcantari,-19.2465508193052,-65.1511204662652,activo,,56,20,2019-07-24,3,10080.0,56.0,114.0,400.0,340.0
2019-07-28,SWM201707000202,Aeropuerto Alcantari,-19.2465508193052,-65.1511204662652,activo,,10,20,2019-07-27,1,1800.0,10.0,18.0,120.0,20.0
2019-07-31,SWM201707000202,Aeropuerto Alcantari,-19.2465508193052,-65.1511204662652,activo,,32,100,2019-07-28,3,5760.0,32.0,78.0,200.0,180.0
2019-07-05,SWM201707000208,Mercamax,-19.0439138066822,-65.2447864038234,inactivo,,8,30,2019-06-30,5,1440.0,8.0,24.0,40.0,40.0
2019-07-08,SWM201707000208,Mercamax,-19.0439138066822,-65.2447864038234,inactivo,,15,100,2019-07-05,3,2700.0,15.0,36.0,80.0,100.0
2019-07-14,SWM201707000208,Mercamax,-19.0439138066822,-65.2447864038234,inactivo,,10,90,2019-07-08,6,1800.0,10.0,24.0,80.0,40.0
2019-07-18,SWM201707000208,Mercamax,-19.0439138066822,-65.2447864038234,inactivo,,10,85,2019-07-14,4,1800.0,10.0,36.0,20.0,60.0
2019-07-22,SWM201707000208,Mercamax,-19.0439138066822,-65.2447864038234,inactivo,,12,80,2019-07-18,4,2160.0,12.0,18.0,80.0,100.0
2019-07-24,SWM201707000208,Mercamax,-19.0439138066822,-65.2447864038234,inactivo,,18,70,2019-07-22,2,3240.0,18.0,60.0,80.0,80.0
2019-07-26,SWM201707000208,Mercamax,-19.0439138066822,-65.2447864038234,inactivo,,12,70,2019-07-24,2,2160.0,12.0,24.0,120.0,40.0
2019-07-31,SWM201707000208,Mercamax,-19.0439138066822,-65.2447864038234,inactivo,,12,55,2019-07-26,5,2160.0,12.0,6.0,140.0,80.0
2019-07-07,SWM201707000206,Planeta Kids,-19.0455714685946,-65.2574231604105,activo,,22,60,2019-06-30,7,3960.0,22.0,36.0,200.0,120.0
2019-07-09,SWM201707000206,Planeta Kids,-19.0455714685946,-65.2574231604105,activo,,13,55,2019-07-07,2,2340.0,13.0,6.0,160.0,80.0
2019-07-11,SWM201707000206,Planeta Kids,-19.0455714685946,-65.2574231604105,activo,,20,45,2019-07-09,2,3600.0,20.0,12.0,140.0,220.0
2019-07-13,SWM201707000206,Planeta Kids,-19.0455714685946,-65.2574231604105,activo,,12,30,2019-07-11,2,2160.0,12.0,6.0,80.0,140.0
2019-07-15,SWM201707000206,Planeta Kids,-19.0455714685946,-65.2574231604105,activo,,38,10,2019-07-13,2,6840.0,38.0,36.0,480.0,160.0
2019-07-18,SWM201707000206,Planeta Kids,-19.0455714685946,-65.2574231604105,activo,,14,100,2019-07-15,3,2520.0,14.0,18.0,100.0,120.0
2019-07-22,SWM201707000206,Planeta Kids,-19.0455714685946,-65.2574231604105,activo,,15,98,2019-07-18,4,2700.0,15.0,24.0,100.0,120.0
2019-07-24,SWM201707000206,Planeta Kids,-19.0455714685946,-65.2574231604105,activo,,8,95,2019-07-22,2,1440.0,8.0,6.0,60.0,80.0
2019-07-26,SWM201707000206,Planeta Kids,-19.0455714685946,-65.2574231604105,activo,,11,90,2019-07-24,2,1980.0,11.0,24.0,40.0,100.0
2019-07-28,SWM201707000206,Planeta Kids,-19.0455714685946,-65.2574231604105,activo,,5,75,2019-07-26,2,900.0,5.0,0.0,80.0,20.0
2019-07-31,SWM201707000206,Planeta Kids,-19.0455714685946,-65.2574231604105,activo,,10,70,2019-07-28,3,1800.0,10.0,12.0,120.0,40.0
2019-07-04,SWM201707000201,CBA,-19.0501753556321,-65.2560560015405,inactivo,,19,50,2019-07-04,0,3420.0,19.0,30.0,220.0,60.0
2019-07-08,SWM201707000201,CBA,-19.0501753556321,-65.2560560015405,inactivo,,10,45,2019-07-08,0,1800.0,10.0,24.0,60.0,60.0
2019-07-12,SWM201707000201,CBA,-19.0501753556321,-65.2560560015405,inactivo,,20,30,2019-07-12,0,3600.0,20.0,24.0,220.0,100.0
2019-07-18,SWM201707000201,CBA,-19.0501753556321,-65.2560560015405,inactivo,,16,15,2019-07-18,0,2880.0,16.0,36.0,160.0,40.0
2019-07-22,SWM201707000201,CBA,-19.0501753556321,-65.2560560015405,inactivo,,7,10,2019-07-22,0,1260.0,7.0,6.0,80.0,40.0
2019-07-26,SWM201707000201,CBA,-19.0501753556321,-65.2560560015405,inactivo,,31,2,2019-07-26,0,5580.0,31.0,54.0,380.0,60.0
2019-07-31,SWM201707000201,CBA,-19.0501753556321,-65.2560560015405,inactivo,,8,95,2019-07-31,0,1440.0,8.0,6.0,100.0,40.0
2019-07-12,SWM201707000210,TDH,-19.0483164776739,-65.2475034877036,inactivo,,10,5,2019-06-27,15,1800.0,10.0,12.0,120.0,40.0
2019-07-14,SWM201707000210,TDH,-19.0483164776739,-65.2475034877036,inactivo,,3,2.5,2019-07-12,2,540.0,3.0,0.0,60.0,0.0
2019-07-16,SWM201707000210,TDH,-19.0483164776739,-65.2475034877036,inactivo,,13,50,2019-07-14,2,2340.0,13.0,36.0,120.0,20.0
2019-07-18,SWM201707000210,TDH,-19.0483164776739,-65.2475034877036,inactivo,,18,45,2019-07-16,2,3240.0,18.0,18.0,240.0,60.0
2019-07-22,SWM201707000210,TDH,-19.0483164776739,-65.2475034877036,inactivo,,22,30,2019-07-18,4,3960.0,22.0,36.0,240.0,80.0
2019-07-24,SWM201707000210,TDH,-19.0483164776739,-65.2475034877036,inactivo,,11,20,2019-07-22,2,1980.0,11.0,6.0,180.0,20.0
2019-07-27,SWM201707000210,TDH,-19.0483164776739,-65.2475034877036,inactivo,,30,2,2019-07-24,3,5400.0,30.0,30.0,340.0,160.0
2019-07-29,SWM201707000210,TDH,-19.0483164776739,-65.2475034877036,inactivo,,19,50,2019-07-27,2,3420.0,19.0,18.0,240.0,80.0
2019-07-31,SWM201707000210,TDH,-19.0483164776739,-65.2475034877036,inactivo,,13,45,2019-07-29,2,2340.0,13.0,0.0,120.0,140.0
2019-07-05,LE-F303V-SCZ-W-B001,Meglaton,-19.0463420170172,-65.2423532164121,inactivo,,21,65,2019-06-30,5,3780.0,21.0,42.0,240.0,40.0
2019-07-09,LE-F303V-SCZ-W-B001,Meglaton,-19.0463420170172,-65.2423532164121,inactivo,,8,60,2019-07-05,4,1440.0,8.0,12.0,20.0,100.0
2019-07-12,LE-F303V-SCZ-W-B001,Meglaton,-19.0463420170172,-65.2423532164121,inactivo,,14,55,2019-07-09,3,2520.0,14.0,36.0,160.0,0.0
2019-07-16,LE-F303V-SCZ-W-B001,Meglaton,-19.0463420170172,-65.2423532164121,inactivo,,12,45,2019-07-12,4,2160.0,12.0,24.0,120.0,40.0
2019-07-18,LE-F303V-SCZ-W-B001,Meglaton,-19.0463420170172,-65.2423532164121,inactivo,,12,40,2019-07-16,2,2160.0,12.0,36.0,120.0,0.0
2019-07-22,LE-F303V-SCZ-W-B001,Meglaton,-19.0463420170172,-65.2423532164121,inactivo,,13,30,2019-07-18,4,2340.0,13.0,42.0,80.0,40.0
2019-07-24,LE-F303V-SCZ-W-B001,Meglaton,-19.0463420170172,-65.2423532164121,inactivo,,18,10,2019-07-22,2,3240.0,18.0,48.0,160.0,40.0
2019-07-28,LE-F303V-SCZ-W-B001,Meglaton,-19.0463420170172,-65.2423532164121,inactivo,,21,100,2019-07-24,4,3780.0,21.0,54.0,200.0,40.0
2019-07-31,LE-F303V-SCZ-W-B001,Meglaton,-19.0463420170172,-65.2423532164121,inactivo,,9,98,2019-07-28,3,1620.0,9.0,30.0,40.0,40.0
2019-08-03,SWM201707000202,Aeropuerto Alcantari,-19.2465508193052,-65.1511204662652,activo,,33,85,2019-07-31,3,5940.0,33.0,108.0,100.0,200.0
2019-08-05,SWM201707000202,Aeropuerto Alcantari,-19.2465508193052,-65.1511204662652,activo,,43,55,2019-08-03,2,7740.0,43.0,102.0,360.0,160.0
2019-08-08,SWM201707000202,Aeropuerto Alcantari,-19.2465508193052,-65.1511204662652,activo,,63,20,2019-08-05,3,11340.0,63.0,150.0,440.0,320.0
2019-08-09,SWM201707000202,Aeropuerto Alcantari,-19.2465508193052,-65.1511204662652,activo,,19,50,2019-08-08,1,3420.0,19.0,36.0,80.0,180.0
2019-08-11,SWM201707000202,Aeropuerto Alcantari,-19.2465508193052,-65.1511204662652,activo,,34,35,2019-08-09,2,6120.0,34.0,60.0,180.0,300.0
2019-08-13,SWM201707000202,Aeropuerto Alcantari,-19.2465508193052,-65.1511204662652,activo,,42,12,2019-08-11,2,7560.0,42.0,114.0,240.0,220.0
2019-08-15,SWM201707000202,Aeropuerto Alcantari,-19.2465508193052,-65.1511204662652,activo,,21,50,2019-08-13,2,3780.0,21.0,60.0,120.0,100.0
2019-08-18,SWM201707000202,Aeropuerto Alcantari,-19.2465508193052,-65.1511204662652,activo,,36,30,2019-08-15,3,6480.0,36.0,126.0,160.0,140.0
2019-08-19,SWM201707000202,Aeropuerto Alcantari,-19.2465508193052,-65.1511204662652,activo,,14,25,2019-08-18,1,2520.0,14.0,12.0,120.0,120.0
2019-08-25,SWM201707000202,Aeropuerto Alcantari,-19.2465508193052,-65.1511204662652,activo,,63,100,2019-08-19,6,11340.0,63.0,156.0,360.0,380.0
2019-08-27,SWM201707000202,Aeropuerto Alcantari,-19.2465508193052,-65.1511204662652,activo,,21,85,2019-08-25,2,3780.0,21.0,30.0,180.0,140.0
2019-08-30,SWM201707000202,Aeropuerto Alcantari,-19.2465508193052,-65.1511204662652,activo,,31,70,2019-08-27,3,5580.0,31.0,48.0,180.0,280.0
2019-08-05,SWM201707000208,Mercamax,-19.0439138066822,-65.2447864038234,inactivo,,35,35,2019-07-31,5,6300.0,35.0,84.0,180.0,240.0
2019-08-09,SWM201707000208,Mercamax,-19.0439138066822,-65.2447864038234,inactivo,,12,20,2019-08-05,4,2160.0,12.0,48.0,40.0,40.0
2019-08-12,SWM201707000208,Mercamax,-19.0439138066822,-65.2447864038234,inactivo,,6,20,2019-08-09,3,1080.0,6.0,6.0,60.0,40.0
2019-08-15,SWM201707000208,Mercamax,-19.0439138066822,-65.2447864038234,inactivo,,12,15,2019-08-12,3,2160.0,12.0,0.0,180.0,60.0
2019-08-19,SWM201707000208,Mercamax,-19.0439138066822,-65.2447864038234,inactivo,,12,95,2019-08-15,4,2160.0,12.0,36.0,80.0,40.0
2019-08-24,SWM201707000208,Mercamax,-19.0439138066822,-65.2447864038234,inactivo,,16,90,2019-08-19,5,2880.0,16.0,12.0,180.0,100.0
2019-08-31,SWM201707000208,Mercamax,-19.0439138066822,-65.2447864038234,inactivo,,13,80,2019-08-24,7,2340.0,13.0,24.0,80.0,100.0
2019-08-05,SWM201707000206,Planeta Kids,-19.0455714685946,-65.2574231604105,activo,,45,45,2019-07-31,5,8100.0,45.0,84.0,300.0,320.0
2019-08-06,SWM201707000206,Planeta Kids,-19.0455714685946,-65.2574231604105,activo,,10,35,2019-08-05,1,1800.0,10.0,24.0,60.0,60.0
2019-08-09,SWM201707000206,Planeta Kids,-19.0455714685946,-65.2574231604105,activo,,13,30,2019-08-06,3,2340.0,13.0,18.0,100.0,100.0
2019-08-15,SWM201707000206,Planeta Kids,-19.0455714685946,-65.2574231604105,activo,,21,100,2019-08-09,6,3780.0,21.0,12.0,120.0,260.0
2019-08-19,SWM201707000206,Planeta Kids,-19.0455714685946,-65.2574231604105,activo,,19,90,2019-08-15,4,3420.0,19.0,36.0,120.0,140.0
2019-08-24,SWM201707000206,Planeta Kids,-19.0455714685946,-65.2574231604105,activo,,12,75,2019-08-19,5,2160.0,12.0,42.0,60.0,40.0
2019-08-30,SWM201707000206,Planeta Kids,-19.0455714685946,-65.2574231604105,activo,,19,70,2019-08-24,6,3420.0,19.0,18.0,140.0,180.0
2019-08-12,SWM201707000217,Pompeya,-19.0473786661682,-65.2584790001049,inactivo,Funcionó mientras estuvo abierto el Supermercado ,6,30,2019-06-15,58,1080.0,6.0,6.0,40.0,60.0
2019-08-15,SWM201707000217,Pompeya,-19.0473786661682,-65.2584790001049,inactivo,Funcionó mientras estuvo abierto el Supermercado ,13,25,2019-08-12,3,2340.0,13.0,6.0,140.0,100.0
2019-08-19,SWM201707000217,Pompeya,-19.0473786661682,-65.2584790001049,inactivo,Funcionó mientras estuvo abierto el Supermercado ,4,15,2019-08-15,4,720.0,4.0,6.0,20.0,40.0
2019-08-27,SWM201707000217,Pompeya,-19.0473786661682,-65.2584790001049,inactivo,Funcionó mientras estuvo abierto el Supermercado ,8,100,2019-08-19,8,1440.0,8.0,24.0,40.0,40.0
2019-08-02,SWM201707000201,CBA,-19.0501753556321,-65.2560560015405,inactivo,,4,98,2019-07-31,2,720.0,4.0,6.0,40.0,20.0
2019-08-07,SWM201707000201,CBA,-19.0501753556321,-65.2560560015405,inactivo,,21,80,2019-08-02,5,3780.0,21.0,36.0,240.0,60.0
2019-08-09,SWM201707000201,CBA,-19.0501753556321,-65.2560560015405,inactivo,,12,80,2019-08-07,2,2160.0,12.0,12.0,140.0,60.0
2019-08-13,SWM201707000201,CBA,-19.0501753556321,-65.2560560015405,inactivo,,10,70,2019-08-09,4,1800.0,10.0,24.0,100.0,20.0
2019-08-15,SWM201707000201,CBA,-19.0501753556321,-65.2560560015405,inactivo,,11,60,2019-08-13,2,1980.0,11.0,6.0,180.0,20.0
2019-08-19,SWM201707000201,CBA,-19.0501753556321,-65.2560560015405,inactivo,,12,55,2019-08-15,4,2160.0,12.0,30.0,120.0,20.0
2019-08-23,SWM201707000201,CBA,-19.0501753556321,-65.2560560015405,inactivo,,18,50,2019-08-19,4,3240.0,18.0,30.0,220.0,40.0
2019-08-30,SWM201707000201,CBA,-19.0501753556321,-65.2560560015405,inactivo,,15,30,2019-08-23,7,2700.0,15.0,36.0,120.0,60.0
2019-08-01,SWM201707000210,TDH,-19.0483164776739,-65.2475034877036,inactivo,,8,45,2019-07-31,1,1440.0,8.0,12.0,40.0,80.0
2019-08-03,SWM201707000210,TDH,-19.0483164776739,-65.2475034877036,inactivo,,17,30,2019-08-01,2,3060.0,17.0,24.0,140.0,120.0
2019-08-05,SWM201707000210,TDH,-19.0483164776739,-65.2475034877036,inactivo,,20,10,2019-08-03,2,3600.0,20.0,18.0,200.0,140.0
2019-08-09,SWM201707000210,TDH,-19.0483164776739,-65.2475034877036,inactivo,,10,5,2019-08-05,4,1800.0,10.0,12.0,160.0,0.0
2019-08-12,SWM201707000210,TDH,-19.0483164776739,-65.2475034877036,inactivo,,19,20,2019-08-09,3,3420.0,19.0,36.0,100.0,160.0
2019-08-14,SWM201707000210,TDH,-19.0483164776739,-65.2475034877036,inactivo,,3,15,2019-08-12,2,540.0,3.0,12.0,20.0,0.0
2019-08-15,SWM201707000210,TDH,-19.0483164776739,-65.2475034877036,inactivo,,10,10,2019-08-14,1,1800.0,10.0,18.0,100.0,40.0
2019-08-17,SWM201707000210,TDH,-19.0483164776739,-65.2475034877036,inactivo,,5,5,2019-08-15,2,900.0,5.0,6.0,40.0,40.0
2019-08-23,SWM201707000210,TDH,-19.0483164776739,-65.2475034877036,inactivo,,12,35,2019-08-17,6,2160.0,12.0,30.0,100.0,40.0
2019-08-30,SWM201707000210,TDH,-19.0483164776739,-65.2475034877036,inactivo,,9,20,2019-08-23,7,1620.0,9.0,18.0,80.0,40.0
2019-08-05,LE-F303V-SCZ-W-B001,Megatlon,-19.0463420170172,-65.2423532164121,inactivo,,23,85,2019-07-31,5,4140.0,23.0,90.0,120.0,40.0
2019-08-09,LE-F303V-SCZ-W-B001,Megatlon,-19.0463420170172,-65.2423532164121,inactivo,,18,75,2019-08-05,4,3240.0,18.0,30.0,180.0,80.0
2019-08-12,LE-F303V-SCZ-W-B001,Megatlon,-19.0463420170172,-65.2423532164121,inactivo,,5,60,2019-08-09,3,900.0,5.0,18.0,20.0,20.0
2019-08-15,LE-F303V-SCZ-W-B001,Megatlon,-19.0463420170172,-65.2423532164121,inactivo,,10,55,2019-08-12,3,1800.0,10.0,42.0,40.0,20.0
2019-08-19,LE-F303V-SCZ-W-B001,Megatlon,-19.0463420170172,-65.2423532164121,inactivo,,10,45,2019-08-15,4,1800.0,10.0,36.0,40.0,40.0
2019-08-23,LE-F303V-SCZ-W-B001,Megatlon,-19.0463420170172,-65.2423532164121,inactivo,,10,40,2019-08-19,4,1800.0,10.0,36.0,60.0,20.0
2019-08-30,LE-F303V-SCZ-W-B001,Megatlon,-19.0463420170172,-65.2423532164121,inactivo,,15,20,2019-08-23,7,2700.0,15.0,54.0,60.0,60.0
2019-09-02,SWM201707000202,Aeropuerto Alcantari,-19.2465508193052,-65.1511204662652,activo,,58,30,2019-08-30,3,10440.0,58.0,138.0,360.0,340.0
2019-09-03,SWM201707000202,Aeropuerto Alcantari,-19.2465508193052,-65.1511204662652,activo,,18,20,2019-09-02,1,3240.0,18.0,18.0,100.0,200.0
2019-09-05,SWM201707000202,Aeropuerto Alcantari,-19.2465508193052,-65.1511204662652,activo,,44,100,2019-09-03,2,7920.0,44.0,66.0,260.0,400.0
2019-09-07,SWM201707000202,Aeropuerto Alcantari,-19.2465508193052,-65.1511204662652,activo,,59,55,2019-09-05,2,10620.0,59.0,96.0,460.0,400.0
2019-09-11,SWM201707000202,Aeropuerto Alcantari,-19.2465508193052,-65.1511204662652,activo,,18,50,2019-09-07,4,3240.0,18.0,36.0,100.0,140.0
2019-09-14,SWM201707000202,Aeropuerto Alcantari,-19.2465508193052,-65.1511204662652,activo,,38,25,2019-09-11,3,6840.0,38.0,84.0,180.0,300.0
2019-09-17,SWM201707000202,Aeropuerto Alcantari,-19.2465508193052,-65.1511204662652,activo,,39,5,2019-09-14,3,7020.0,39.0,78.0,200.0,320.0
2019-09-18,SWM201707000202,Aeropuerto Alcantari,-19.2465508193052,-65.1511204662652,activo,,11,100,2019-09-17,1,1980.0,11.0,18.0,100.0,60.0
2019-09-19,SWM201707000202,Aeropuerto Alcantari,-19.2465508193052,-65.1511204662652,activo,,13,90,2019-09-18,1,2340.0,13.0,18.0,120.0,80.0
2019-09-22,SWM201707000202,Aeropuerto Alcantari,-19.2465508193052,-65.1511204662652,activo,,47,65,2019-09-19,3,8460.0,47.0,90.0,320.0,320.0
2019-09-24,SWM201707000202,Aeropuerto Alcantari,-19.2465508193052,-65.1511204662652,activo,,52,30,2019-09-22,2,9360.0,52.0,60.0,400.0,440.0
2019-09-26,SWM201707000202,Aeropuerto Alcantari,-19.2465508193052,-65.1511204662652,activo,,29,50,2019-09-24,2,5220.0,29.0,36.0,280.0,180.0
2019-09-28,SWM201707000202,Aeropuerto Alcantari,-19.2465508193052,-65.1511204662652,activo,,31,35,2019-09-26,2,5580.0,31.0,102.0,160.0,120.0
2019-03-30,SWM201707000202,Aeropuerto Alcantari,-19.2465508193052,-65.1511204662652,activo,,32,15,2019-03-27,3,5760.0,32.0,78.0,160.0,220.0
2019-09-02,SWM201707000208,Mercamax,-19.0439138066822,-65.2447864038234,inactivo,,50,45,2019-08-31,2,9000.0,50.0,210.0,180.0,120.0
2019-09-04,SWM201707000208,Mercamax,-19.0439138066822,-65.2447864038234,inactivo,,3,44,2019-09-02,2,540.0,3.0,0.0,60.0,0.0
2019-09-09,SWM201707000208,Mercamax,-19.0439138066822,-65.2447864038234,inactivo,,8,40,2019-09-04,5,1440.0,8.0,12.0,20.0,100.0
2019-09-15,SWM201707000208,Mercamax,-19.0439138066822,-65.2447864038234,inactivo,,6,30,2019-09-09,6,1080.0,6.0,12.0,40.0,40.0
2019-09-17,SWM201707000208,Mercamax,-19.0439138066822,-65.2447864038234,inactivo,,12,25,2019-09-15,2,2160.0,12.0,42.0,40.0,60.0
2019-09-20,SWM201707000208,Mercamax,-19.0439138066822,-65.2447864038234,inactivo,,6,50,2019-09-17,3,1080.0,6.0,6.0,20.0,80.0
2019-09-23,SWM201707000208,Mercamax,-19.0439138066822,-65.2447864038234,inactivo,,6,90,2019-09-20,3,1080.0,6.0,12.0,60.0,20.0
2019-09-27,SWM201707000208,Mercamax,-19.0439138066822,-65.2447864038234,inactivo,,12,45,2019-09-23,4,2160.0,12.0,6.0,100.0,120.0
2019-09-30,SWM201707000208,Mercamax,-19.0439138066822,-65.2447864038234,inactivo,,7,45,2019-09-27,3,1260.0,7.0,12.0,0.0,100.0
2019-09-05,SWM201707000206,Planeta Kids,-19.0455714685946,-65.2574231604105,activo,,24,50,2019-08-30,6,4320.0,24.0,42.0,220.0,120.0
2019-09-09,SWM201707000206,Planeta Kids,-19.0455714685946,-65.2574231604105,activo,,31,30,2019-09-05,4,5580.0,31.0,42.0,60.0,420.0
2019-09-15,SWM201707000206,Planeta Kids,-19.0455714685946,-65.2574231604105,activo,,4,25,2019-09-09,6,720.0,4.0,0.0,20.0,60.0
2019-09-17,SWM201707000206,Planeta Kids,-19.0455714685946,-65.2574231604105,activo,,9,20,2019-09-15,2,1620.0,9.0,6.0,20.0,140.0
2019-09-20,SWM201707000206,Planeta Kids,-19.0455714685946,-65.2574231604105,activo,,4,100,2019-09-17,3,720.0,4.0,0.0,60.0,20.0
2019-09-23,SWM201707000206,Planeta Kids,-19.0455714685946,-65.2574231604105,activo,,21,90,2019-09-20,3,3780.0,21.0,36.0,240.0,60.0
2019-09-27,SWM201707000206,Planeta Kids,-19.0455714685946,-65.2574231604105,activo,,7,85,2019-09-23,4,1260.0,7.0,12.0,60.0,40.0
2019-09-30,SWM201707000206,Planeta Kids,-19.0455714685946,-65.2574231604105,activo,,19,65,2019-09-27,3,3420.0,19.0,12.0,180.0,160.0
2019-09-02,SWM201707000217,Pompeya,-19.0473786661682,-65.2584790001049,inactivo,Funcionó mientras estuvo abierto el Supermercado ,9,95,2019-08-27,6,1620.0,9.0,24.0,60.0,40.0
2019-09-09,SWM201707000217,Pompeya,-19.0473786661682,-65.2584790001049,inactivo,Funcionó mientras estuvo abierto el Supermercado ,13,90,2019-09-02,7,2340.0,13.0,24.0,100.0,80.0
2019-09-17,SWM201707000217,Pompeya,-19.0473786661682,-65.2584790001049,inactivo,Funcionó mientras estuvo abierto el Supermercado ,6,80,2019-09-09,8,1080.0,6.0,18.0,60.0,0.0
2019-09-23,SWM201707000217,Pompeya,-19.0473786661682,-65.2584790001049,inactivo,Funcionó mientras estuvo abierto el Supermercado ,4,78,2019-09-17,6,720.0,4.0,12.0,20.0,20.0
2019-09-27,SWM201707000217,Pompeya,-19.0473786661682,-65.2584790001049,inactivo,Funcionó mientras estuvo abierto el Supermercado ,4,75,2019-09-23,4,720.0,4.0,18.0,20.0,0.0
2019-09-30,SWM201707000217,Pompeya,-19.0473786661682,-65.2584790001049,inactivo,Funcionó mientras estuvo abierto el Supermercado ,5,80,2019-09-27,3,900.0,5.0,12.0,0.0,60.0
2019-09-05,SMW201707000201,CBA,-19.0501753556321,-65.2560560015405,inactivo,,24,20,,,4320.0,24.0,84.0,140.0,60.0
2019-09-06,SMW201707000201,CBA,-19.0501753556321,-65.2560560015405,inactivo,,2,100,2019-09-05,1,360.0,2.0,0.0,40.0,0.0
2019-09-09,SMW201707000201,CBA,-19.0501753556321,-65.2560560015405,inactivo,,8,95,2019-09-06,3,1440.0,8.0,12.0,120.0,0.0
2019-09-15,SMW201707000201,CBA,-19.0501753556321,-65.2560560015405,inactivo,,14,86,2019-09-09,6,2520.0,14.0,48.0,80.0,40.0
2019-09-18,SMW201707000201,CBA,-19.0501753556321,-65.2560560015405,inactivo,,6,80,2019-09-15,3,1080.0,6.0,24.0,40.0,0.0
2019-09-20,SMW201707000201,CBA,-19.0501753556321,-65.2560560015405,inactivo,,4,80,2019-09-18,2,720.0,4.0,24.0,0.0,0.0
2019-09-27,SMW201707000201,CBA,-19.0501753556321,-65.2560560015405,inactivo,,15,70,2019-09-20,7,2700.0,15.0,30.0,100.0,100.0
2019-09-02,SWM201707000210,TDH,-19.0483164776739,-65.2475034877036,inactivo,,14,15,2019-08-30,3,2520.0,14.0,24.0,160.0,40.0
2019-09-05,SWM201707000210,TDH,-19.0483164776739,-65.2475034877036,inactivo,,2,15,2019-09-02,3,360.0,2.0,0.0,20.0,20.0
2019-09-09,SWM201707000210,TDH,-19.0483164776739,-65.2475034877036,inactivo,,12,50,2019-09-05,4,2160.0,12.0,30.0,100.0,40.0
2019-09-15,SWM201707000210,TDH,-19.0483164776739,-65.2475034877036,inactivo,,16,48,2019-09-09,6,2880.0,16.0,12.0,200.0,80.0
2019-09-23,SWM201707000210,TDH,-19.0483164776739,-65.2475034877036,inactivo,,38,30,2019-09-15,8,6840.0,38.0,78.0,280.0,220.0
2019-09-27,SWM201707000210,TDH,-19.0483164776739,-65.2475034877036,inactivo,,14,10,2019-09-23,4,2520.0,14.0,36.0,60.0,100.0
2019-09-30,SWM201707000210,TDH,-19.0483164776739,-65.2475034877036,inactivo,,9,2,2019-09-27,3,1620.0,9.0,12.0,40.0,100.0
2019-09-02,LE-F303V-SCZ-W-B001,Megatlon,-19.0463420170172,-65.2423532164121,inactivo,,11,15,2019-08-30,3,1980.0,11.0,24.0,120.0,20.0
2019-09-06,LE-F303V-SCZ-W-B001,Megatlon,-19.0463420170172,-65.2423532164121,inactivo,,20,100,2019-09-02,4,3600.0,20.0,72.0,120.0,40.0
2019-09-09,LE-F303V-SCZ-W-B001,Megatlon,-19.0463420170172,-65.2423532164121,inactivo,,3,98,2019-09-06,3,540.0,3.0,18.0,0.0,0.0
2019-09-18,LE-F303V-SCZ-W-B001,Megatlon,-19.0463420170172,-65.2423532164121,inactivo,,20,80,2019-09-09,9,3600.0,20.0,24.0,200.0,120.0
2019-09-26,LE-F303V-SCZ-W-B001,Megatlon,-19.0463420170172,-65.2423532164121,inactivo,,19,70,2019-09-18,8,3420.0,19.0,48.0,120.0,100.0
2019-09-30,LE-F303V-SCZ-W-B001,Megatlon,-19.0463420170172,-65.2423532164121,inactivo,,9,70,2019-09-26,4,1620.0,9.0,42.0,40.0,0.0
2019-10-03,SWM201707000202,Aeropuerto Alcantari,-19.2465508193052,-65.1511204662652,activo,,25,100,2019-09-28,5,4500.0,25.0,54.0,200.0,120.0
2019-10-06,SWM201707000202,Aeropuerto Alcantari,-19.2465508193052,-65.1511204662652,activo,,59,70,2019-10-03,3,10620.0,59.0,120.0,380.0,400.0
2019-10-09,SWM201707000202,Aeropuerto Alcantari,-19.2465508193052,-65.1511204662652,activo,,29,50,2019-10-06,3,5220.0,29.0,66.0,140.0,220.0
2019-10-12,SWM201707000202,Aeropuerto Alcantari,-19.2465508193052,-65.1511204662652,activo,,24,30,2019-10-09,3,4320.0,24.0,48.0,100.0,220.0
2019-10-15,SWM201707000202,Aeropuerto Alcantari,-19.2465508193052,-65.1511204662652,activo,,35,5,2019-10-12,3,6300.0,35.0,66.0,240.0,240.0
2019-10-17,SWM201707000202,Aeropuerto Alcantari,-19.2465508193052,-65.1511204662652,activo,,19,100,2019-10-15,2,3420.0,19.0,42.0,140.0,100.0
2019-10-21,SWM201707000202,Aeropuerto Alcantari,-19.2465508193052,-65.1511204662652,activo,,35,80,2019-10-17,4,6300.0,35.0,78.0,200.0,240.0
2019-10-26,SWM201707000202,Aeropuerto Alcantari,-19.2465508193052,-65.1511204662652,activo,,42,55,2019-10-21,5,7560.0,42.0,96.0,320.0,200.0
2019-10-28,SWM201707000202,Aeropuerto Alcantari,-19.2465508193052,-65.1511204662652,activo,,39,30,2019-10-26,2,7020.0,39.0,138.0,100.0,220.0
2019-10-07,SWM201707000208,Mercamax,-19.0439138066822,-65.2447864038234,inactivo,,27,25,2019-09-30,7,4860.0,27.0,48.0,260.0,120.0
2019-10-11,SWM201707000208,Mercamax,-19.0439138066822,-65.2447864038234,inactivo,,13,15,2019-10-07,4,2340.0,13.0,30.0,40.0,120.0
2019-10-15,SWM201707000208,Mercamax,-19.0439138066822,-65.2447864038234,inactivo,,14,5,2019-10-11,4,2520.0,14.0,30.0,100.0,80.0
2019-10-21,SWM201707000208,Mercamax,-19.0439138066822,-65.2447864038234,inactivo,,15,50,2019-10-15,6,2700.0,15.0,36.0,100.0,80.0
2019-10-25,SWM201707000208,Mercamax,-19.0439138066822,-65.2447864038234,inactivo,,25,40,2019-10-21,4,4500.0,25.0,84.0,100.0,120.0
2019-10-06,SWM201707000206,Planeta Kids,-19.0455714685946,-65.2574231604105,activo,,28,50,2019-09-30,6,5040.0,28.0,18.0,180.0,320.0
2019-10-12,SWM201707000206,Planeta Kids,-19.0455714685946,-65.2574231604105,activo,,30,25,2019-10-06,6,5400.0,30.0,66.0,260.0,120.0
2019-10-18,SWM201707000206,Planeta Kids,-19.0455714685946,-65.2574231604105,activo,,20,10,2019-10-12,6,3600.0,20.0,36.0,160.0,120.0
2019-10-26,SWM201707000206,Planeta Kids,-19.0455714685946,-65.2574231604105,activo,,15,100,2019-10-18,8,2700.0,15.0,24.0,140.0,80.0
2019-10-07,SWM201707000217,Pompeya,-19.0473786661682,-65.2584790001049,inactivo,Funcionó mientras estuvo abierto el Supermercado ,13,65,2019-10-03,4,2340.0,13.0,42.0,20.0,100.0
2019-10-16,SWM201707000217,Pompeya,-19.0473786661682,-65.2584790001049,inactivo,Funcionó mientras estuvo abierto el Supermercado ,12,55,2019-10-07,9,2160.0,12.0,36.0,60.0,60.0
2019-10-02,SWM201707000217,CBA,-19.0501753556321,-65.2560560015405,inactivo,,3,70,2019-09-30,2,540.0,3.0,18.0,0.0,0.0
2019-10-07,SWM201707000217,CBA,-19.0501753556321,-65.2560560015405,inactivo,,15,55,2019-10-07,0,2700.0,15.0,12.0,260.0,0.0
2019-10-16,SWM201707000217,CBA,-19.0501753556321,-65.2560560015405,inactivo,,28,40,2019-10-16,0,5040.0,28.0,42.0,340.0,80.0
2019-10-22,SWM201707000217,CBA,-19.0501753556321,-65.2560560015405,inactivo,,7,35,2019-10-16,6,1260.0,7.0,18.0,80.0,0.0
2019-10-03,SWM201707000217,TDH,-19.0483164776739,-65.2475034877036,inactivo,,6,50,2019-10-02,1,1080.0,6.0,18.0,20.0,40.0
2019-10-07,SWM201707000217,TDH,-19.0483164776739,-65.2475034877036,inactivo,,23,40,2019-10-07,0,4140.0,23.0,42.0,220.0,100.0
2019-10-16,SWM201707000217,TDH,-19.0483164776739,-65.2475034877036,inactivo,,7,40,2019-10-16,0,1260.0,7.0,0.0,80.0,60.0
2019-10-25,SWM201707000217,TDH,-19.0483164776739,-65.2475034877036,inactivo,,20,20,2019-10-22,3,3600.0,20.0,12.0,200.0,160.0
2019-10-07,LE-F303V-SCZ-W-B001,Megatlon,-19.0463420170172,-65.2423532164121,inactivo,,14,50,2019-09-30,7,2520.0,14.0,36.0,60.0,100.0
2019-10-15,LE-F303V-SCZ-W-B001,Megatlon,-19.0463420170172,-65.2423532164121,inactivo,,25,30,2019-10-07,8,4500.0,25.0,72.0,220.0,40.0
2019-10-18,LE-F303V-SCZ-W-B001,Megatlon,-19.0463420170172,-65.2423532164121,inactivo,,16,30,2019-10-15,3,2880.0,16.0,48.0,80.0,80.0
2019-10-19,LE-F303V-SCZ-W-B001,Megatlon,-19.0463420170172,-65.2423532164121,inactivo,,6,100,2019-10-18,1,1080.0,6.0,12.0,40.0,40.0
2019-10-25,LE-F303V-SCZ-W-B001,Megatlon,-19.0463420170172,-65.2423532164121,inactivo,,18,90,2019-10-19,6,3240.0,18.0,42.0,200.0,20.0
2019-11-02,SWM201707000202,Aeropuerto Alcantari,-19.2465508193052,-65.1511204662652,activo,,33,100,2019-10-28,5,5940.0,33.0,108.0,200.0,100.0
2019-11-08,SWM201707000202,Aeropuerto Alcantari,-19.2465508193052,-65.1511204662652,activo,,59,60,2019-11-02,6,10620.0,59.0,156.0,360.0,300.0
2019-11-14,SWM201707000202,Aeropuerto Alcantari,-19.2465508193052,-65.1511204662652,activo,,40,45,2019-11-08,6,7200.0,40.0,84.0,260.0,260.0
2019-11-17,SWM201707000202,Aeropuerto Alcantari,-19.2465508193052,-65.1511204662652,activo,,23,30,2019-11-14,3,4140.0,23.0,48.0,80.0,220.0
2019-11-20,SWM201707000202,Aeropuerto Alcantari,-19.2465508193052,-65.1511204662652,activo,,49,100,2019-11-17,3,8820.0,49.0,132.0,140.0,400.0
2019-11-24,SWM201707000202,Aeropuerto Alcantari,-19.2465508193052,-65.1511204662652,activo,,49,70,2019-11-20,4,8820.0,49.0,108.0,240.0,380.0
2019-11-26,SWM201707000202,Aeropuerto Alcantari,-19.2465508193052,-65.1511204662652,activo,,25,50,2019-11-24,2,4500.0,25.0,30.0,100.0,300.0
2019-11-30,SWM201707000202,Aeropuerto Alcantari,-19.2465508193052,-65.1511204662652,activo,,32,30,2019-11-26,4,5760.0,32.0,36.0,200.0,320.0
2019-11-02,SWM201707000208,Mercamax,-19.0439138066822,-65.2447864038234,inactivo,,17,45,2019-10-25,8,3060.0,17.0,36.0,60.0,160.0
2019-11-12,SWM201707000208,Mercamax,-19.0439138066822,-65.2447864038234,inactivo,,24,15,2019-11-02,10,4320.0,24.0,54.0,120.0,180.0
2019-11-19,SWM201707000208,Mercamax,-19.0439138066822,-65.2447864038234,inactivo,,21,5,2019-11-12,7,3780.0,21.0,42.0,180.0,100.0
2019-11-26,SWM201707000208,Mercamax,-19.0439138066822,-65.2447864038234,inactivo,,22,40,2019-11-19,7,3960.0,22.0,54.0,160.0,100.0
2019-11-02,SWM201707000206,Planeta Kids,-19.0455714685946,-65.2574231604105,activo,,24,80,2019-10-26,7,4320.0,24.0,42.0,180.0,160.0
2019-11-13,SWM201707000206,Planeta Kids,-19.0455714685946,-65.2574231604105,activo,,11,75,2019-11-02,11,1980.0,11.0,6.0,100.0,100.0
2019-11-19,SWM201707000206,Planeta Kids,-19.0455714685946,-65.2574231604105,activo,,18,60,2019-11-13,6,3240.0,18.0,12.0,100.0,220.0
2019-11-26,SWM201707000206,Planeta Kids,-19.0455714685946,-65.2574231604105,activo,,22,50,2019-11-19,7,3960.0,22.0,48.0,180.0,100.0
2019-11-21,SWM201707000201,CBA,-19.0501753556321,-65.2560560015405,inactivo,,10,10,2019-08-30,83,1800.0,10.0,18.0,100.0,40.0
2019-11-26,SWM201707000201,CBA,-19.0501753556321,-65.2560560015405,inactivo,,6,10,2019-11-21,5,1080.0,6.0,12.0,60.0,20.0
2019-11-02,SWM201707000210,TDH,-19.0483164776739,-65.2475034877036,inactivo,,8,15,2019-09-30,33,1440.0,8.0,12.0,100.0,20.0
2019-11-16,SWM201707000210,TDH,-19.0483164776739,-65.2475034877036,inactivo,,29,50,2019-11-02,14,5220.0,29.0,30.0,300.0,180.0
2019-11-26,SWM201707000210,TDH,-19.0483164776739,-65.2475034877036,inactivo,,34,30,2019-11-16,10,6120.0,34.0,30.0,260.0,320.0
2019-11-30,SWM201707000210,TDH,-19.0483164776739,-65.2475034877036,inactivo,,7,25,2019-11-26,4,1260.0,7.0,12.0,20.0,80.0
2019-12-11,SWM201707000210,TDH,-19.0483164776739,-65.2475034877036,inactivo,,22,15,2019-11-30,11,3960.0,22.0,30.0,200.0,140.0
2019-12-19,SWM201707000210,TDH,-19.0483164776739,-65.2475034877036,inactivo,,19,5,2019-12-11,8,3420.0,19.0,72.0,100.0,40.0
2019-11-02,LE-F303V-SCZ-W-B001,Megatlon,-19.0463420170172,-65.2423532164121,inactivo,,21,70,2019-10-25,8,3780.0,21.0,90.0,80.0,40.0
2019-11-13,LE-F303V-SCZ-W-B001,Megatlon,-19.0463420170172,-65.2423532164121,inactivo,,21,55,2019-11-02,11,3780.0,21.0,54.0,160.0,80.0
2019-11-15,LE-F303V-SCZ-W-B001,Megatlon,-19.0463420170172,-65.2423532164121,inactivo,,9,50,2019-11-13,2,1620.0,9.0,24.0,60.0,40.0
2019-11-26,LE-F303V-SCZ-W-B001,Megatlon,-19.0463420170172,-65.2423532164121,inactivo,,29,25,2019-11-15,11,5220.0,29.0,96.0,220.0,40.0
2019-11-30,LE-F303V-SCZ-W-B001,Megatlon,-19.0463420170172,-65.2423532164121,inactivo,,12,15,2019-11-26,4,2160.0,12.0,48.0,20.0,60.0
2019-12-04,SWM201707000202,Aeropuerto Alcantari,-19.2465508193052,-65.1511204662652,activo,,52,100,2019-11-30,4,9360.0,52.0,114.0,280.0,380.0
2019-12-06,SWM201707000202,Aeropuerto Alcantari,-19.2465508193052,-65.1511204662652,activo,,24,90,2019-12-04,2,4320.0,24.0,30.0,140.0,240.0
2019-12-09,SWM201707000202,Aeropuerto Alcantari,-19.2465508193052,-65.1511204662652,activo,,41,70,2019-12-06,3,7380.0,41.0,66.0,340.0,260.0
2019-12-13,SWM201707000202,Aeropuerto Alcantari,-19.2465508193052,-65.1511204662652,activo,,57,30,2019-12-09,4,10260.0,57.0,120.0,340.0,400.0
2019-12-20,SWM201707000202,Aeropuerto Alcantari,-19.2465508193052,-65.1511204662652,activo,,99,75,2019-12-13,7,17820.0,99.0,192.0,660.0,680.0
2019-12-23,SWM201707000202,Aeropuerto Alcantari,-19.2465508193052,-65.1511204662652,activo,,59,30,2019-12-20,3,10620.0,59.0,108.0,380.0,440.0
2019-12-26,SWM201707000202,Aeropuerto Alcantari,-19.2465508193052,-65.1511204662652,activo,,41,10,2019-12-23,3,7380.0,41.0,78.0,200.0,360.0
2019-12-28,SWM201707000202,Aeropuerto Alcantari,-19.2465508193052,-65.1511204662652,activo,,32,50,2019-12-26,2,5760.0,32.0,84.0,160.0,200.0
2019-12-30,SWM201707000202,Aeropuerto Alcantari,-19.2465508193052,-65.1511204662652,activo,,59,10,2019-12-28,2,10620.0,59.0,96.0,440.0,420.0
2019-12-31,SWM201707000202,Aeropuerto Alcantari,-19.2465508193052,-65.1511204662652,activo,,11,100,2019-12-30,1,1980.0,11.0,18.0,20.0,140.0
2019-12-04,SWM201707000208,Mercamax,-19.0439138066822,-65.2447864038234,inactivo,,18,30,2019-11-26,8,3240.0,18.0,24.0,140.0,140.0
2019-12-10,SWM201707000208,Mercamax,-19.0439138066822,-65.2447864038234,inactivo,,30,10,2019-12-04,6,5400.0,30.0,90.0,120.0,180.0
2019-12-14,SWM201707000208,Mercamax,-19.0439138066822,-65.2447864038234,inactivo,,16,5,2019-12-10,4,2880.0,16.0,12.0,140.0,140.0
2019-12-18,SWM201707000208,Mercamax,-19.0439138066822,-65.2447864038234,inactivo,,11,50,2019-12-14,4,1980.0,11.0,18.0,140.0,20.0
2019-12-30,SWM201707000208,Mercamax,-19.0439138066822,-65.2447864038234,inactivo,,21,40,2019-12-18,12,3780.0,21.0,66.0,120.0,80.0
2019-12-03,SWM201707000206,Planeta Kids,-19.0455714685946,-65.2574231604105,activo,,21,40,2019-11-26,7,3780.0,21.0,30.0,160.0,160.0
2019-12-08,SWM201707000206,Planeta Kids,-19.0455714685946,-65.2574231604105,activo,,16,25,2019-12-03,5,2880.0,16.0,12.0,140.0,140.0
2019-12-16,SWM201707000206,Planeta Kids,-19.0455714685946,-65.2574231604105,activo,,36,85,2019-12-08,8,6480.0,36.0,42.0,180.0,400.0
2019-12-23,SWM201707000206,Planeta Kids,-19.0455714685946,-65.2574231604105,activo,,36,70,2019-12-16,7,6480.0,36.0,30.0,240.0,380.0
2019-12-31,SWM201707000206,Planeta Kids,-19.0455714685946,-65.2574231604105,activo,,59,30,2019-12-23,8,10620.0,59.0,60.0,480.0,500.0
2019-12-03,SWM201707000201,Pompeya,-19.0473786661682,-65.2584790001049,inactivo,Funcionó mientras estuvo abierto el Supermercado ,3,10,2019-11-26,7,540.0,3.0,6.0,40.0,0.0
2019-12-07,SWM201707000201,Pompeya,-19.0473786661682,-65.2584790001049,inactivo,Funcionó mientras estuvo abierto el Supermercado ,17,5,2019-12-06,1,3060.0,17.0,30.0,140.0,100.0
2019-12-11,SWM201707000201,Gineco,-19.0453076497863,-65.2683837910934,inactivo,,23,70,2019-12-07,4,4140.0,23.0,48.0,80.0,220.0
2019-12-12,SWM201707000201,Gineco,-19.0453076497863,-65.2683837910934,inactivo,,21,50,2019-12-11,1,3780.0,21.0,30.0,140.0,180.0
2019-12-14,SWM201707000201,Gineco,-19.0453076497863,-65.2683837910934,inactivo,,41,25,2019-12-12,2,7380.0,41.0,90.0,280.0,240.0
2019-12-16,SWM201707000201,Gineco,-19.0453076497863,-65.2683837910934,inactivo,,18,20,2019-12-14,2,3240.0,18.0,18.0,120.0,180.0
2019-12-18,SWM201707000201,Gineco,-19.0453076497863,-65.2683837910934,inactivo,,35,100,2019-12-16,2,6300.0,35.0,54.0,300.0,220.0
2019-12-20,SWM201707000201,Gineco,-19.0453076497863,-65.2683837910934,inactivo,,41,70,2019-12-18,2,7380.0,41.0,66.0,300.0,300.0
2019-12-23,SWM201707000201,Gineco,-19.0453076497863,-65.2683837910934,inactivo,,30,45,2019-12-20,3,5400.0,30.0,90.0,140.0,160.0
2019-12-06,SWM201707000201,Gineco,-19.0453076497863,-65.2683837910934,inactivo,,21,30,2019-12-03,3,3780.0,21.0,36.0,200.0,100.0
2019-12-30,SWM201707000201,Gineco,-19.0453076497863,-65.2683837910934,inactivo,,35,7.5,2019-12-23,7,6300.0,35.0,96.0,180.0,200.0
2019-12-04,LE-F303V-SCZ-W-B001,Megatlon,-19.0463420170172,-65.2423532164121,inactivo,,9,10,2019-11-30,4,1620.0,9.0,30.0,80.0,0.0
2019-12-11,LE-F303V-SCZ-W-B001,Megatlon,-19.0463420170172,-65.2423532164121,inactivo,,15,1,2019-12-04,7,2700.0,15.0,60.0,80.0,20.0
2019-12-16,LE-F303V-SCZ-W-B001,Megatlon,-19.0463420170172,-65.2423532164121,inactivo,,15,90,2019-12-11,5,2700.0,15.0,36.0,160.0,20.0
2019-12-18,LE-F303V-SCZ-W-B001,Megatlon,-19.0463420170172,-65.2423532164121,inactivo,,6,85,2019-12-16,2,1080.0,6.0,18.0,40.0,20.0
2019-12-30,LE-F303V-SCZ-W-B001,Megatlon,-19.0463420170172,-65.2423532164121,inactivo,,21,70,2019-12-18,12,3780.0,21.0,78.0,160.0,0.0
2020-01-01,SWM201707000202,Aeropuerto Alcantari,-19.2465508193052,-65.1511204662652,activo,,10,95,2019-12-31,1,1800.0,10.0,6.0,100.0,80.0
2020-01-03,SWM201707000202,Aeropuerto Alcantari,-19.2465508193052,-65.1511204662652,activo,,36,75,2020-01-01,2,6480.0,36.0,48.0,300.0,260.0
2020-01-05,SWM201707000202,Aeropuerto Alcantari,-19.2465508193052,-65.1511204662652,activo,,59,30,2020-01-03,2,10620.0,59.0,96.0,460.0,400.0
2020-01-07,SWM201707000202,Aeropuerto Alcantari,-19.2465508193052,-65.1511204662652,activo,,23,10,2020-01-05,2,4140.0,23.0,36.0,140.0,200.0
2020-01-09,SWM201707000202,Aeropuerto Alcantari,-19.2465508193052,-65.1511204662652,activo,,34,100,2020-01-07,2,6120.0,34.0,42.0,140.0,400.0
2020-01-13,SWM201707000202,Aeropuerto Alcantari,-19.2465508193052,-65.1511204662652,activo,,56,60,2020-01-09,4,10080.0,56.0,102.0,360.0,420.0
2020-01-17,SWM201707000202,Aeropuerto Alcantari,-19.2465508193052,-65.1511204662652,activo,,50,30,2020-01-13,4,9000.0,50.0,114.0,320.0,300.0
2020-01-19,SWM201707000202,Aeropuerto Alcantari,-19.2465508193052,-65.1511204662652,activo,,46,2,2020-01-17,2,8280.0,46.0,72.0,300.0,380.0
2020-01-20,SWM201707000202,Aeropuerto Alcantari,-19.2465508193052,-65.1511204662652,activo,,15,100,2020-01-19,1,2700.0,15.0,42.0,20.0,140.0
2020-01-22,SWM201707000202,Aeropuerto Alcantari,-19.2465508193052,-65.1511204662652,activo,,14,80,2020-01-20,2,2520.0,14.0,18.0,80.0,140.0
2020-01-23,SWM201707000202,Aeropuerto Alcantari,-19.2465508193052,-65.1511204662652,activo,,15,75,2020-01-22,1,2700.0,15.0,24.0,100.0,120.0
2020-01-26,SWM201707000202,Aeropuerto Alcantari,-19.2465508193052,-65.1511204662652,activo,,40,50,2020-01-23,3,7200.0,40.0,66.0,280.0,300.0
2020-01-29,SWM201707000202,Aeropuerto Alcantari,-19.2465508193052,-65.1511204662652,activo,,31,35,2020-01-26,3,5580.0,31.0,48.0,260.0,200.0
2020-01-31,SWM201707000202,Aeropuerto Alcantari,-19.2465508193052,-65.1511204662652,activo,,18,15,2020-01-29,2,3240.0,18.0,48.0,140.0,60.0
2020-01-05,SWM201707000208,Mercamax,-19.0439138066822,-65.2447864038234,inactivo,,12,70,2019-12-30,6,2160.0,12.0,24.0,80.0,80.0
2020-01-12,SWM201707000208,Mercamax,-19.0439138066822,-65.2447864038234,inactivo,,22,20,2020-01-05,7,3960.0,22.0,48.0,220.0,60.0
2020-01-20,SWM201707000208,Mercamax,-19.0439138066822,-65.2447864038234,inactivo,,17,5,2020-01-12,8,3060.0,17.0,36.0,100.0,120.0
2020-01-24,SWM201707000208,Mercamax,-19.0439138066822,-65.2447864038234,inactivo,,5,100,2020-01-20,4,900.0,5.0,6.0,60.0,20.0
2020-01-03,SWM201707000206,Planeta Kids,-19.0455714685946,-65.2574231604105,activo,,10,100,2019-12-31,3,1800.0,10.0,0.0,120.0,80.0
2020-01-05,SWM201707000206,Planeta Kids,-19.0455714685946,-65.2574231604105,activo,,19,90,2020-01-03,2,3420.0,19.0,42.0,100.0,140.0
2020-01-09,SWM201707000206,Planeta Kids,-19.0455714685946,-65.2574231604105,activo,,24,75,2020-01-05,4,4320.0,24.0,36.0,120.0,240.0
2020-01-14,SWM201707000206,Planeta Kids,-19.0455714685946,-65.2574231604105,activo,,28,55,2020-01-09,5,5040.0,28.0,54.0,140.0,240.0
2020-01-20,SWM201707000206,Planeta Kids,-19.0455714685946,-65.2574231604105,activo,,33,40,2020-01-14,6,5940.0,33.0,36.0,220.0,320.0
2020-01-24,SWM201707000206,Planeta Kids,-19.0455714685946,-65.2574231604105,activo,,27,15,2020-01-20,4,4860.0,27.0,12.0,200.0,300.0
2020-01-30,SWM201707000206,Planeta Kids,-19.0455714685946,-65.2574231604105,activo,,36,100,2020-01-24,6,6480.0,36.0,48.0,240.0,320.0
2020-01-13,SWM2017070002017,Aeropuerto Alcantari 2,-19.2465508193052,-65.1511204662652,inactivo,,40,80,,,7200.0,40.0,84.0,240.0,280.0
2020-01-17,SWM2017070002017,Aeropuerto Alcantari 2,-19.2465508193052,-65.1511204662652,inactivo,,38,50,2020-01-13,4,6840.0,38.0,54.0,220.0,360.0
2020-01-19,SWM2017070002017,Aeropuerto Alcantari 2,-19.2465508193052,-65.1511204662652,inactivo,,17,35,2020-01-17,2,3060.0,17.0,12.0,100.0,200.0
2020-01-20,SWM2017070002017,Aeropuerto Alcantari 2,-19.2465508193052,-65.1511204662652,inactivo,,31,100,2020-01-19,1,5580.0,31.0,78.0,80.0,280.0
2020-01-22,SWM2017070002017,Aeropuerto Alcantari 2,-19.2465508193052,-65.1511204662652,inactivo,,17,,2020-01-20,2,3060.0,17.0,36.0,120.0,100.0
2020-01-23,SWM2017070002017,Aeropuerto Alcantari 2,-19.2465508193052,-65.1511204662652,inactivo,,19,80,2020-01-22,1,3420.0,19.0,60.0,80.0,100.0
2020-01-26,SWM2017070002017,Aeropuerto Alcantari 2,-19.2465508193052,-65.1511204662652,inactivo,,32,55,2020-01-23,3,5760.0,32.0,96.0,120.0,200.0
2020-01-29,SWM2017070002017,Aeropuerto Alcantari 2,-19.2465508193052,-65.1511204662652,inactivo,,31,40,2020-01-26,3,5580.0,31.0,84.0,180.0,160.0
2020-01-31,SWM2017070002017,Aeropuerto Alcantari 2,-19.2465508193052,-65.1511204662652,inactivo,,15,25,2020-01-29,2,2700.0,15.0,24.0,160.0,60.0
2020-01-03,SWM201707000201,Gineco,-19.0453076497863,-65.2683837910934,inactivo,,51,75,2019-12-30,4,9180.0,51.0,108.0,240.0,420.0
2020-01-05,SWM201707000201,Gineco,-19.0453076497863,-65.2683837910934,inactivo,,11,65,2020-01-03,2,1980.0,11.0,30.0,40.0,80.0
2020-01-07,SWM201707000201,Gineco,-19.0453076497863,-65.2683837910934,inactivo,,15,55,2020-01-05,2,2700.0,15.0,54.0,120.0,0.0
2020-01-10,SWM201707000201,Gineco,-19.0453076497863,-65.2683837910934,inactivo,,13,50,2020-01-07,3,2340.0,13.0,36.0,20.0,120.0
2020-01-14,SWM201707000201,Gineco,-19.0453076497863,-65.2683837910934,inactivo,,23,40,2020-01-10,4,4140.0,23.0,48.0,240.0,60.0
2020-01-18,SWM201707000201,Gineco,-19.0453076497863,-65.2683837910934,inactivo,,34,10,2020-01-14,4,6120.0,34.0,84.0,120.0,280.0
2020-01-20,SWM201707000201,Gineco,-19.0453076497863,-65.2683837910934,inactivo,,17,50,2020-01-18,2,3060.0,17.0,48.0,100.0,80.0
2020-01-23,SWM201707000201,Gineco,-19.0453076497863,-65.2683837910934,inactivo,,36,30,2020-01-20,3,6480.0,36.0,144.0,120.0,120.0
2020-01-24,SWM201707000201,Gineco,-19.0453076497863,-65.2683837910934,inactivo,,9,25,2020-01-23,1,1620.0,9.0,30.0,40.0,40.0
2020-01-26,SWM201707000201,Gineco,-19.0453076497863,-65.2683837910934,inactivo,,20,12,2020-01-24,2,3600.0,20.0,54.0,120.0,100.0
2020-01-29,SWM201707000201,Gineco,-19.0453076497863,-65.2683837910934,inactivo,,12,5,2020-01-26,3,2160.0,12.0,30.0,80.0,60.0
2020-01-31,SWM201707000201,Gineco,-19.0453076497863,-65.2683837910934,inactivo,,15,100,2020-01-29,2,2700.0,15.0,30.0,80.0,120.0
2020-01-03,SWM201707000210,TDH,-19.0483164776739,-65.2475034877036,inactivo,,4,15,2019-12-19,15,720.0,4.0,12.0,40.0,0.0
2020-01-09,SWM201707000210,TDH,-19.0483164776739,-65.2475034877036,inactivo,,16,48,2020-01-03,6,2880.0,16.0,42.0,40.0,140.0
2020-01-14,SWM201707000210,TDH,-19.0483164776739,-65.2475034877036,inactivo,,11,40,2020-01-09,5,1980.0,11.0,18.0,60.0,100.0
2020-01-23,SWM201707000210,TDH,-19.0483164776739,-65.2475034877036,inactivo,,9,40,2020-01-14,9,1620.0,9.0,0.0,20.0,160.0
2020-01-18,LE-F303V-SCZ--W-B001,Cristo,-19.0450551068471,-65.2687865487641,inactivo,,64,50,,,11520.0,64.0,84.0,520.0,480.0
2020-01-20,LE-F303V-SCZ--W-B001,Cristo,-19.0450551068471,-65.2687865487641,inactivo,,61,50,2020-01-18,2,10980.0,61.0,108.0,500.0,360.0
2020-01-22,LE-F303V-SCZ--W-B001,Cristo,-19.0450551068471,-65.2687865487641,inactivo,,58,10,2020-01-20,2,10440.0,58.0,24.0,480.0,600.0
2020-01-24,LE-F303V-SCZ--W-B001,Cristo,-19.0450551068471,-65.2687865487641,inactivo,,47,85,2020-01-22,2,8460.0,47.0,84.0,420.0,240.0
2020-01-26,LE-F303V-SCZ--W-B001,Cristo,-19.0450551068471,-65.2687865487641,inactivo,,19,75,2020-01-24,2,3420.0,19.0,42.0,200.0,40.0
2020-01-29,LE-F303V-SCZ--W-B001,Cristo,-19.0450551068471,-65.2687865487641,inactivo,,46,50,2020-01-26,3,8280.0,46.0,78.0,380.0,280.0
2020-01-31,LE-F303V-SCZ--W-B001,Cristo,-19.0450551068471,-65.2687865487641,inactivo,,42,15,2020-01-29,2,7560.0,42.0,66.0,400.0,220.0
2020-01-07,LE-F303V-SCZ-W-B001,Megatlon,-19.0463420170172,-65.2423532164121,inactivo,,27,45,2019-12-30,8,4860.0,27.0,60.0,180.0,160.0
2020-01-10,LE-303V-LPZ-W-B002,Megatlon,-19.0463420170172,-65.2423532164121,inactivo,,17,45,,,3060.0,17.0,48.0,160.0,20.0
2020-01-15,LE-303V-LPZ-W-B002,Megatlon,-19.0463420170172,-65.2423532164121,inactivo,,15,30,2020-01-10,5,2700.0,15.0,42.0,160.0,0.0
2020-01-24,LE-303V-LPZ-W-B002,Megatlon,-19.0463420170172,-65.2423532164121,inactivo,,16,15,2020-01-15,9,2880.0,16.0,36.0,140.0,60.0
2020-02-05,SWM201707000202,Aeropuerto Alcantari,-19.2465508193052,-65.1511204662652,activo,,38,100,2020-01-31,5,6840.0,38.0,66.0,200.0,340.0
2020-02-10,SWM201707000202,Aeropuerto Alcantari,-19.2465508193052,-65.1511204662652,activo,,75,45,2020-02-05,5,13500.0,75.0,174.0,400.0,520.0
2020-02-13,SWM201707000202,Aeropuerto Alcantari,-19.2465508193052,-65.1511204662652,activo,,34,30,2020-02-10,3,6120.0,34.0,78.0,180.0,240.0
2020-02-14,SWM201707000202,Aeropuerto Alcantari,-19.2465508193052,-65.1511204662652,activo,,7,30,2020-02-13,1,1260.0,7.0,18.0,40.0,40.0
2020-02-17,SWM201707000202,Aeropuerto Alcantari,-19.2465508193052,-65.1511204662652,activo,,53,90,2020-02-14,3,9540.0,53.0,114.0,360.0,320.0
2020-02-25,SWM201707000202,Aeropuerto Alcantari,-19.2465508193052,-65.1511204662652,activo,,59,55,2020-02-17,8,10620.0,59.0,96.0,300.0,560.0
2020-02-28,SWM201707000202,Aeropuerto Alcantari,-19.2465508193052,-65.1511204662652,activo,,54,50,2020-02-25,3,9720.0,54.0,96.0,340.0,420.0
2020-02-04,SWM201707000208,Mercamax,-19.0439138066822,-65.2447864038234,inactivo,,2,95,2020-01-24,11,360.0,2.0,6.0,20.0,0.0
2020-02-10,SWM201707000208,Mercamax,-19.0439138066822,-65.2447864038234,inactivo,,39,75,2020-02-04,6,7020.0,39.0,96.0,300.0,160.0
2020-02-18,SWM201707000208,Mercamax,-19.0439138066822,-65.2447864038234,inactivo,,15,75,2020-02-10,8,2700.0,15.0,36.0,80.0,100.0
2020-02-24,SWM201707000208,Mercamax,-19.0439138066822,-65.2447864038234,inactivo,,25,50,2020-02-18,6,4500.0,25.0,54.0,200.0,120.0
2020-02-28,SWM201707000208,Mercamax,-19.0439138066822,-65.2447864038234,inactivo,,17,40,2020-02-24,4,3060.0,17.0,24.0,160.0,100.0
2020-02-07,SWM201707000206,Planeta Kids,-19.0455714685946,-65.2574231604105,activo,,35,75,2020-01-30,8,6300.0,35.0,84.0,200.0,220.0
2020-02-14,SWM201707000206,Planeta Kids,-19.0455714685946,-65.2574231604105,activo,,33,55,2020-02-07,7,5940.0,33.0,48.0,260.0,240.0
2020-02-22,SWM201707000206,Planeta Kids,-19.0455714685946,-65.2574231604105,activo,,59,20,2020-02-14,8,10620.0,59.0,120.0,360.0,420.0
2020-02-29,SWM201707000206,Planeta Kids,-19.0455714685946,-65.2574231604105,activo,,31,100,2020-02-22,7,5580.0,31.0,72.0,180.0,200.0
2020-02-05,SWM201707000217,Aeropuerto Alcantari 2,-19.2465508193052,-65.1511204662652,inactivo,,41,100,2019-10-25,103,7380.0,41.0,126.0,200.0,200.0
2020-02-10,SWM201707000217,Aeropuerto Alcantari 2,-19.2465508193052,-65.1511204662652,inactivo,,88,45,2020-02-05,5,15840.0,88.0,234.0,340.0,640.0
2020-02-13,SWM201707000217,Aeropuerto Alcantari 2,-19.2465508193052,-65.1511204662652,inactivo,,24,30,2020-02-10,3,4320.0,24.0,30.0,200.0,180.0
2020-02-14,SWM201707000217,Aeropuerto Alcantari 2,-19.2465508193052,-65.1511204662652,inactivo,,11,30,2020-02-13,1,1980.0,11.0,24.0,60.0,80.0
2020-02-17,SWM201707000217,Aeropuerto Alcantari 2,-19.2465508193052,-65.1511204662652,inactivo,,44,95,2020-02-14,3,7920.0,44.0,96.0,180.0,380.0
2020-02-25,SWM201707000217,Aeropuerto Alcantari 2,-19.2465508193052,-65.1511204662652,inactivo,,24,80,2020-02-17,8,4320.0,24.0,48.0,120.0,200.0
2020-02-28,SWM201707000217,Aeropuerto Alcantari 2,-19.2465508193052,-65.1511204662652,inactivo,,59,45,2020-02-25,3,10620.0,59.0,66.0,380.0,580.0
2020-02-03,SWM201707000201,Gineco,-19.0453076497863,-65.2683837910934,inactivo,,17,80,2020-01-31,3,3060.0,17.0,36.0,160.0,60.0
2020-02-05,SWM201707000201,Gineco,-19.0453076497863,-65.2683837910934,inactivo,,46,50,2020-02-03,2,8280.0,46.0,144.0,300.0,140.0
2020-02-08,SWM201707000201,Gineco,-19.0453076497863,-65.2683837910934,inactivo,,57,15,2020-02-05,3,10260.0,57.0,186.0,320.0,200.0
2020-02-15,SWM201707000201,Gineco,-19.0453076497863,-65.2683837910934,inactivo,,70,70,2020-02-08,7,12600.0,70.0,210.0,460.0,240.0
2020-02-19,SWM201707000201,Gineco,-19.0453076497863,-65.2683837910934,inactivo,,29,50,2020-02-15,4,5220.0,29.0,78.0,180.0,140.0
2020-02-26,SWM201707000201,Gineco,-19.0453076497863,-65.2683837910934,inactivo,,15,45,2020-02-19,7,2700.0,15.0,42.0,80.0,80.0
2020-02-28,SWM201707000201,Gineco,-19.0453076497863,-65.2683837910934,inactivo,,26,25,2020-02-26,2,4680.0,26.0,54.0,260.0,80.0
2020-02-29,SWM201707000201,Gineco,-19.0453076497863,-65.2683837910934,inactivo,,10,20,2020-02-28,1,1800.0,10.0,6.0,140.0,40.0
2020-02-05,SWM201707000210,TDH,-19.0483164776739,-65.2475034877036,inactivo,,13,30,2020-01-23,13,2340.0,13.0,36.0,100.0,40.0
2020-02-19,SWM201707000210,TDH,-19.0483164776739,-65.2475034877036,inactivo,,24,10,2020-02-05,14,4320.0,24.0,48.0,140.0,180.0
2020-02-27,SWM201707000210,TDH,-19.0483164776739,-65.2475034877036,inactivo,,5,10,2020-02-19,8,900.0,5.0,12.0,0.0,60.0
2020-02-03,LE-F303V-SCZ-W-B001,Cristo,-19.0450551068471,-65.2687865487641,inactivo,,24,50,2020-01-07,27,4320.0,24.0,42.0,180.0,160.0
2020-02-05,LE-F303V-SCZ-W-B001,Cristo,-19.0450551068471,-65.2687865487641,inactivo,,52,15,2020-02-03,2,9360.0,52.0,66.0,500.0,320.0
2020-02-07,LE-F303V-SCZ-W-B001,Cristo,-19.0450551068471,-65.2687865487641,inactivo,,31,100,2020-02-05,2,5580.0,31.0,24.0,340.0,200.0
2020-02-14,LE-F303V-SCZ-W-B001,Cristo,-19.0450551068471,-65.2687865487641,inactivo,,28,75,2020-02-07,7,5040.0,28.0,24.0,320.0,160.0
2020-02-16,LE-F303V-SCZ-W-B001,Cristo,-19.0450551068471,-65.2687865487641,inactivo,,25,60,2020-02-14,2,4500.0,25.0,24.0,260.0,160.0
2020-02-20,LE-F303V-SCZ-W-B001,Cristo,-19.0450551068471,-65.2687865487641,inactivo,,43,30,2020-02-16,4,7740.0,43.0,90.0,380.0,180.0
2020-02-22,LE-F303V-SCZ-W-B001,Cristo,-19.0450551068471,-65.2687865487641,inactivo,,33,5,2020-02-20,2,5940.0,33.0,90.0,160.0,200.0
2020-02-24,LE-F303V-SCZ-W-B001,Cristo,-19.0450551068471,-65.2687865487641,inactivo,,8,90,2020-02-22,2,1440.0,8.0,12.0,20.0,100.0
2020-02-27,LE-F303V-SCZ-W-B001,Cristo,-19.0450551068471,-65.2687865487641,inactivo,,33,70,2020-02-24,3,5940.0,33.0,48.0,280.0,220.0
2020-02-28,LE-F303V-SCZ-W-B001,Cristo,-19.0450551068471,-65.2687865487641,inactivo,,19,55,2020-02-27,1,3420.0,19.0,36.0,160.0,100.0
2020-02-29,LE-F303V-SCZ-W-B001,Cristo,-19.0450551068471,-65.2687865487641,inactivo,,21,40,2020-02-28,1,3780.0,21.0,54.0,80.0,160.0
2020-02-04,LE-303V-SCZ-W-B002,Megatlon,-19.0463420170172,-65.2423532164121,inactivo,,18,50,,,3240.0,18.0,30.0,160.0,100.0
2020-02-19,LE-303V-SCZ-W-B002,Megatlon,-19.0463420170172,-65.2423532164121,inactivo,,39,25,2020-02-04,15,7020.0,39.0,132.0,240.0,100.0
2020-02-28,LE-303V-SCZ-W-B002,Megatlon,-19.0463420170172,-65.2423532164121,inactivo,,12,12,2020-02-19,9,2160.0,12.0,54.0,60.0,0.0
2021-03-01,SWM201707000202,Aeropuerto Alcantari,-19.2465508193052,-65.1511204662652,activo,,1009,50,2020-02-28,367,181620.0,1009.0,1830.0,6280.0,7800.0
2021-03-01,SWM201707000208,Mercamax,-19.0439138066822,-65.2447864038234,inactivo,,569,50,2020-02-28,367,102420.0,569.0,930.0,3680.0,4600.0
2021-03-19,SWM201707000206,Planeta Kids,-19.0455714685946,-65.2574231604105,activo,,54,100,2020-02-29,384,9720.0,54.0,60.0,540.0,340.0
2021-03-21,SWM201707000217,Alcantari Maq2,-19.2465508193052,-65.1511204662652,inactivo,,452,55,2020-02-28,387,81360.0,452.0,792.0,3000.0,3400.0
2021-03-01,SWM201707000201,Gineco,-19.0453076497863,-65.2683837910934,inactivo,,863,80,2020-02-29,366,155340.0,863.0,1470.0,6620.0,5740.0
2021-06-30,SWM201707000210,TDH-Belgrano,-19.0414560477101,-65.2396387662719,inactivo,"Funcionó en el TDH y en la pandemia en la casa del Riqui, para envíos",200,60,2020-02-27,489,36000.0,200.0,186.0,1020.0,2360.0
2021-03-01,LE-F303V-SCZ-W-B001,Cristo,-19.0450551068471,-65.2687865487641,inactivo,,623,70,2020-02-29,366,112140.0,623.0,1014.0,4620.0,4460.0
2021-08-31,LE-303V-LPZ-W-B002,Megatlon,-19.0463420170172,-65.2423532164121,inactivo,,94,50,2020-01-24,585,16920.0,94.0,210.0,720.0,460.0
2021-07-10,SVM201707000208,Cristo de las Américas,-19.0450551068471,-65.2687865487641,activo,,16,25,,,2880.0,16.0,36.0,160.0,40.0
2021-07-15,SVM201707000208,Cristo de las Américas,-19.0450551068471,-65.2687865487641,activo,,14,15,2021-07-10,5,2520.0,14.0,42.0,120.0,20.0
2021-07-22,SVM201707000208,Cristo de las Américas,-19.0450551068471,-65.2687865487641,activo,,12,50,2021-07-15,7,2160.0,12.0,18.0,140.0,40.0
2021-07-31,SVM201707000208,Cristo de las Américas,-19.0450551068471,-65.2687865487641,activo,,21,35,2021-07-22,9,3780.0,21.0,36.0,80.0,220.0
2021-07-10,SVM201707000206,Hospital Gineco Obstetrico,-19.0453076497863,-65.2683837910934,activo,,29,10,,,5220.0,29.0,42.0,300.0,140.0
2021-07-15,SVM201707000206,Hospital Gineco Obstetrico,-19.0453076497863,-65.2683837910934,activo,,10,50,2021-07-10,5,1800.0,10.0,18.0,60.0,80.0
2021-07-22,SVM201707000206,Hospital Gineco Obstetrico,-19.0453076497863,-65.2683837910934,activo,,27,35,2021-07-15,7,4860.0,27.0,36.0,360.0,60.0
2021-07-31,SVM201707000206,Hospital Gineco Obstetrico,-19.0453076497863,-65.2683837910934,activo,,31,15,2021-07-22,9,5580.0,31.0,24.0,340.0,200.0
2021-07-02,SVM201707000217,PLANETA KIDS,-19.0455714685946,-65.2574231604105,activo,,13,100,,,2340.0,13.0,36.0,60.0,80.0
2021-07-09,SVM201707000217,PLANETA KIDS,-19.0455714685946,-65.2574231604105,activo,,21,80,2021-07-02,7,3780.0,21.0,36.0,120.0,180.0
2021-07-15,SVM201707000217,PLANETA KIDS,-19.0455714685946,-65.2574231604105,activo,,20,70,2021-07-09,6,3600.0,20.0,36.0,180.0,100.0
2021-07-22,SVM201707000217,PLANETA KIDS,-19.0455714685946,-65.2574231604105,activo,,36,45,2021-07-15,7,6480.0,36.0,66.0,320.0,180.0
2021-07-31,SVM201707000217,PLANETA KIDS,-19.0455714685946,-65.2574231604105,activo,,35,15,2021-07-22,9,6300.0,35.0,72.0,100.0,360.0
2021-07-05,SVM201707000201,HOSPITAL IPTK,-19.0453815849578,-65.2577412201278,inactivo,,7,70,,,1260.0,7.0,12.0,80.0,20.0
2021-07-09,SVM201707000201,HOSPITAL IPTK,-19.0453815849578,-65.2577412201278,inactivo,,14,60,2021-07-05,4,2520.0,14.0,30.0,100.0,80.0
2021-07-15,SVM201707000201,HOSPITAL IPTK,-19.0453815849578,-65.2577412201278,inactivo,,21,45,2021-07-09,6,3780.0,21.0,60.0,160.0,60.0
2021-07-24,SVM201707000201,HOSPITAL IPTK,-19.0453815849578,-65.2577412201278,inactivo,,24,25,2021-07-15,9,4320.0,24.0,60.0,180.0,100.0
2021-07-31,SVM201707000201,HOSPITAL IPTK,-19.0453815849578,-65.2577412201278,inactivo,,20,10,2021-07-24,7,3600.0,20.0,60.0,100.0,100.0
2021-07-06,SWM201707000210,BNB agencia España,-19.0470229262504,-65.2581107204392,inactivo,,17,50,2021-06-30,6,3060.0,17.0,12.0,180.0,120.0
2021-07-16,SWM201707000210,BNB agencia España,-19.0470229262504,-65.2581107204392,inactivo,,14,40,2021-07-06,10,2520.0,14.0,12.0,180.0,60.0
2021-07-24,SWM201707000210,BNB agencia España,-19.0470229262504,-65.2581107204392,inactivo,,20,30,2021-07-16,8,3600.0,20.0,18.0,220.0,120.0
2021-07-31,SWM201707000210,BNB agencia España,-19.0470229262504,-65.2581107204392,inactivo,,13,15,2021-07-24,7,2340.0,13.0,6.0,120.0,120.0
2021-07-28,LE-F303V-SCZ-W-B001,PIAR,-19.0414443039697,-65.2392128864358,inactivo,,18,70,2021-03-01,149,3240.0,18.0,18.0,40.0,260.0
2021-08-03,SWM201707000202,Aeropuerto Alcantari,-19.2465508193052,-65.1511204662652,activo,,38,25,2021-03-01,155,6840.0,38.0,102.0,200.0,220.0
2021-08-06,SWM201707000202,Aeropuerto Alcantari,-19.2465508193052,-65.1511204662652,activo,,18,70,2021-08-03,3,3240.0,18.0,18.0,120.0,180.0
2021-08-11,SWM201707000202,Aeropuerto Alcantari,-19.2465508193052,-65.1511204662652,activo,,59,60,2021-08-06,5,10620.0,59.0,114.0,280.0,520.0
2021-08-15,SWM201707000202,Aeropuerto Alcantari,-19.2465508193052,-65.1511204662652,activo,,30,45,2021-08-11,4,5400.0,30.0,24.0,180.0,340.0
2021-08-21,SWM201707000202,Aeropuerto Alcantari,-19.2465508193052,-65.1511204662652,activo,,58,0,2021-08-15,6,10440.0,58.0,114.0,320.0,460.0
2021-08-22,SWM201707000202,Aeropuerto Alcantari,-19.2465508193052,-65.1511204662652,activo,,4,100,2021-08-21,1,720.0,4.0,12.0,0.0,40.0
2021-08-26,SWM201707000202,Aeropuerto Alcantari,-19.2465508193052,-65.1511204662652,activo,,47,70,2021-08-22,4,8460.0,47.0,90.0,140.0,500.0
2021-08-30,SWM201707000202,Aeropuerto Alcantari,-19.2465508193052,-65.1511204662652,activo,,46,40,2021-08-26,4,8280.0,46.0,114.0,220.0,320.0
2021-08-04,SVM201707000208,Cristo de las Américas,-19.0450551068471,-65.2687865487641,activo,,22,25,2021-07-31,4,3960.0,22.0,30.0,180.0,160.0
2021-08-06,SVM201707000208,Cristo de las Américas,-19.0450551068471,-65.2687865487641,activo,,12,10,2021-08-04,2,2160.0,12.0,18.0,140.0,40.0
2021-08-18,SVM201707000208,Cristo de las Américas,-19.0450551068471,-65.2687865487641,activo,,25,50,2021-08-06,12,4500.0,25.0,18.0,320.0,120.0
2021-08-26,SVM201707000208,Cristo de las Américas,-19.0450551068471,-65.2687865487641,activo,,37,25,2021-08-18,8,6660.0,37.0,30.0,460.0,180.0
2021-08-31,SVM201707000208,Cristo de las Américas,-19.0450551068471,-65.2687865487641,activo,,14,15,2021-08-26,5,2520.0,14.0,36.0,60.0,100.0
2021-08-06,SVM201707000206,Hospital Gineco Obstetrico,-19.0453076497863,-65.2683837910934,activo,,18,100,2021-07-31,6,3240.0,18.0,30.0,220.0,40.0
2021-08-18,SVM201707000206,Hospital Gineco Obstetrico,-19.0453076497863,-65.2683837910934,activo,,40,70,2021-08-06,12,7200.0,40.0,48.0,340.0,300.0
2021-08-31,SVM201707000206,Hospital Gineco Obstetrico,-19.0453076497863,-65.2683837910934,activo,,31,45,2021-08-18,13,5580.0,31.0,42.0,280.0,200.0
2021-08-06,SVM201707000217,PLANETA KIDS,-19.0455714685946,-65.2574231604105,activo,,27,50,2021-07-31,6,4860.0,27.0,24.0,280.0,180.0
2021-08-11,SVM201707000217,PLANETA KIDS,-19.0455714685946,-65.2574231604105,activo,,39,25,2021-08-06,5,7020.0,39.0,60.0,260.0,320.0
2021-08-18,SVM201707000217,PLANETA KIDS,-19.0455714685946,-65.2574231604105,activo,,28,100,2021-08-11,7,5040.0,28.0,48.0,240.0,160.0
2021-08-24,SVM201707000217,PLANETA KIDS,-19.0455714685946,-65.2574231604105,activo,,28,90,2021-08-18,6,5040.0,28.0,48.0,160.0,240.0
2021-08-31,SVM201707000217,PLANETA KIDS,-19.0455714685946,-65.2574231604105,activo,,27,70,2021-08-24,7,4860.0,27.0,30.0,260.0,180.0
2021-08-06,SVM201707000201,HOSPITAL IPTK,-19.0453815849578,-65.2577412201278,inactivo,,19,50,2021-07-31,6,3420.0,19.0,42.0,180.0,60.0
2021-08-18,SVM201707000201,HOSPITAL IPTK,-19.0453815849578,-65.2577412201278,inactivo,,24,30,2021-08-06,12,4320.0,24.0,54.0,160.0,140.0
2021-08-27,SVM201707000201,HOSPITAL IPTK,-19.0453815849578,-65.2577412201278,inactivo,,23,15,2021-08-18,9,4140.0,23.0,36.0,180.0,160.0
2021-08-07,SWM201707000210,BNB agencia España,-19.0470229262504,-65.2581107204392,inactivo,,13,100,2021-07-31,7,2340.0,13.0,6.0,140.0,100.0
2021-08-31,SWM201707000210,BNB agencia España,-19.0470229262504,-65.2581107204392,inactivo,,24,80,2021-08-07,24,4320.0,24.0,36.0,320.0,40.0
2021-08-16,LE-F303V-SCZ-W-B001,PIAR,-19.0414443039697,-65.2392128864358,inactivo,,47,45,2021-07-28,19,8460.0,47.0,36.0,220.0,600.0
2021-08-31,LE-F303V-SCZ-W-B001,PIAR,-19.0414443039697,-65.2392128864358,inactivo,,35,0,2021-08-16,15,6300.0,35.0,42.0,220.0,340.0
2021-09-04,SWM201707000202,Aeropuerto Alcantari,-19.2465508193052,-65.1511204662652,activo,,39,50,2021-08-30,5,7020.0,39.0,90.0,180.0,300.0
2021-09-09,SWM201707000202,Aeropuerto Alcantari,-19.2465508193052,-65.1511204662652,activo,,36,30,2021-09-04,5,6480.0,36.0,72.0,220.0,260.0
2021-09-14,SWM201707000202,Aeropuerto Alcantari,-19.2465508193052,-65.1511204662652,activo,,42,100,2021-09-09,5,7560.0,42.0,78.0,180.0,400.0
2021-09-19,SWM201707000202,Aeropuerto Alcantari,-19.2465508193052,-65.1511204662652,activo,,37,70,2021-09-14,5,6660.0,37.0,30.0,240.0,400.0
2021-09-24,SWM201707000202,Aeropuerto Alcantari,-19.2465508193052,-65.1511204662652,activo,,55,40,2021-09-19,5,9900.0,55.0,90.0,440.0,360.0
2021-09-27,SWM201707000202,Aeropuerto Alcantari,-19.2465508193052,-65.1511204662652,activo,,41,15,2021-09-24,3,7380.0,41.0,66.0,260.0,340.0
2021-09-30,SWM201707000202,Aeropuerto Alcantari,-19.2465508193052,-65.1511204662652,activo,,32,100,2021-09-27,3,5760.0,32.0,72.0,120.0,280.0
2021-09-09,SVM201707000206,Hospital Gineco Obstetrico,-19.0453076497863,-65.2683837910934,activo,,10,40,2021-08-31,9,1800.0,10.0,18.0,20.0,120.0
2021-09-15,SVM201707000206,Hospital Gineco Obstetrico,-19.0453076497863,-65.2683837910934,activo,,9,30,2021-09-09,6,1620.0,9.0,12.0,80.0,60.0
2021-09-17,SVM201707000206,Hospital Gineco Obstetrico,-19.0453076497863,-65.2683837910934,activo,,2,25,2021-09-15,2,360.0,2.0,0.0,20.0,20.0
2021-09-23,SVM201707000206,Hospital Gineco Obstetrico,-19.0453076497863,-65.2683837910934,activo,,4,24,2021-09-17,6,720.0,4.0,18.0,20.0,0.0
2021-09-30,SVM201707000206,Hospital Gineco Obstetrico,-19.0453076497863,-65.2683837910934,activo,,10,15,2021-09-23,7,1800.0,10.0,18.0,60.0,80.0
2021-09-09,SVM201707000217,PLANETA KIDS,-19.0455714685946,-65.2574231604105,activo,,40,40,2021-08-31,9,7200.0,40.0,42.0,380.0,280.0
2021-09-15,SVM201707000217,PLANETA KIDS,-19.0455714685946,-65.2574231604105,activo,,18,25,2021-09-09,6,3240.0,18.0,42.0,160.0,60.0
2021-09-17,SVM201707000217,PLANETA KIDS,-19.0455714685946,-65.2574231604105,activo,,5,24,2021-09-15,2,900.0,5.0,6.0,20.0,60.0
2021-09-22,SVM201707000217,PLANETA KIDS,-19.0455714685946,-65.2574231604105,activo,,48,100,2021-09-17,5,8640.0,48.0,66.0,420.0,320.0
2021-09-25,SVM201707000217,PLANETA KIDS,-19.0455714685946,-65.2574231604105,activo,,10,85,2021-09-22,3,1800.0,10.0,12.0,60.0,100.0
2021-09-28,SVM201707000217,PLANETA KIDS,-19.0455714685946,-65.2574231604105,activo,,8,75,2021-09-25,3,1440.0,8.0,12.0,0.0,120.0
2021-09-30,SVM201707000217,PLANETA KIDS,-19.0455714685946,-65.2574231604105,activo,,8,65,2021-09-28,2,1440.0,8.0,12.0,40.0,80.0
2021-09-09,SVM201707000201,HOSPITAL IPTK,-19.0453815849578,-65.2577412201278,inactivo,,32,50,2021-08-27,13,5760.0,32.0,24.0,380.0,180.0
2021-09-25,SVM201707000201,HOSPITAL IPTK,-19.0453815849578,-65.2577412201278,inactivo,,29,30,2021-09-09,16,5220.0,29.0,30.0,300.0,180.0
2021-09-30,SVM201707000201,HOSPITAL IPTK,-19.0453815849578,-65.2577412201278,inactivo,,8,20,2021-09-25,5,1440.0,8.0,6.0,100.0,40.0
2021-09-18,SWM201707000210,BNB agencia España,-19.0470229262504,-65.2581107204392,inactivo,,12,75,2021-08-31,18,2160.0,12.0,18.0,100.0,80.0
2021-10-08,SWM201707000210,BNB agencia España,-19.0470229262504,-65.2581107204392,inactivo,,4,73,2021-09-18,20,720.0,4.0,6.0,40.0,20.0
2021-09-10,LE-F303V-SCZ-W-B001,PIAR BOLIVIA,-19.0414443039697,-65.2392128864358,inactivo,,12,70,2021-08-31,10,2160.0,12.0,0.0,40.0,200.0
2021-09-19,LE-F303V-SCZ-W-B001,PIAR BOLIVIA,-19.0414443039697,-65.2392128864358,inactivo,,10,60,2021-09-10,9,1800.0,10.0,12.0,80.0,80.0
2021-09-27,LE-F303V-SCZ-W-B001,PIAR BOLIVIA,-19.0414443039697,-65.2392128864358,inactivo,,23,45,2021-09-19,8,4140.0,23.0,6.0,240.0,200.0
2021-09-30,LE-F303V-SCZ-W-B001,PIAR BOLIVIA,-19.0414443039697,-65.2392128864358,inactivo,,3,20,2021-09-27,3,540.0,3.0,0.0,20.0,40.0
2021-08-31,LE-F303V-LPZ-W-B002,Hospital Jaime Mendoza,-19.0460668264958,-65.2674587641731,inactivo,,30,50,,,5400.0,30.0,36.0,220.0,260.0
2021-09-01,LE-F303V-LPZ-W-B002,Hospital Jaime Mendoza,-19.0460668264958,-65.2674587641731,inactivo,,19,30,2021-08-31,1,3420.0,19.0,24.0,140.0,160.0
2021-09-04,LE-F303V-LPZ-W-B002,Hospital Jaime Mendoza,-19.0460668264958,-65.2674587641731,inactivo,,33,100,2021-09-01,3,5940.0,33.0,48.0,200.0,300.0
2021-09-08,LE-F303V-LPZ-W-B002,Hospital Jaime Mendoza,-19.0460668264958,-65.2674587641731,inactivo,,59,40,2021-09-04,4,10620.0,59.0,36.0,500.0,560.0
2021-09-09,LE-F303V-LPZ-W-B002,Hospital Jaime Mendoza,-19.0460668264958,-65.2674587641731,inactivo,,7,35,2021-09-08,1,1260.0,7.0,6.0,80.0,40.0
2021-09-13,LE-F303V-LPZ-W-B002,Hospital Jaime Mendoza,-19.0460668264958,-65.2674587641731,inactivo,,53,100,2021-09-09,4,9540.0,53.0,42.0,300.0,620.0
2021-09-15,LE-F303V-LPZ-W-B002,Hospital Jaime Mendoza,-19.0460668264958,-65.2674587641731,inactivo,,43,55,2021-09-13,2,7740.0,43.0,48.0,380.0,320.0
2021-09-17,LE-F303V-LPZ-W-B002,Hospital Jaime Mendoza,-19.0460668264958,-65.2674587641731,inactivo,,30,22,2021-09-15,2,5400.0,30.0,36.0,240.0,240.0
2021-09-20,LE-F303V-LPZ-W-B002,Hospital Jaime Mendoza,-19.0460668264958,-65.2674587641731,inactivo,,23,100,2021-09-17,3,4140.0,23.0,48.0,100.0,200.0
2021-09-23,LE-F303V-LPZ-W-B002,Hospital Jaime Mendoza,-19.0460668264958,-65.2674587641731,inactivo,,54,60,2021-09-20,3,9720.0,54.0,30.0,480.0,500.0
2021-09-27,LE-F303V-LPZ-W-B002,Hospital Jaime Mendoza,-19.0460668264958,-65.2674587641731,inactivo,,42,15,2021-09-23,4,7560.0,42.0,42.0,360.0,340.0
2021-09-28,LE-F303V-LPZ-W-B002,Hospital Jaime Mendoza,-19.0460668264958,-65.2674587641731,inactivo,,15,100,2021-09-27,1,2700.0,15.0,12.0,180.0,80.0
2021-09-30,LE-F303V-LPZ-W-B002,Hospital Jaime Mendoza,-19.0460668264958,-65.2674587641731,inactivo,,54,60,2021-09-28,2,9720.0,54.0,54.0,280.0,620.0
2021-10-07,SWM201707000202,Aeropuerto Alcantari,-19.2465508193052,-65.1511204662652,activo,,37,70,2021-09-30,7,6660.0,37.0,84.0,140.0,320.0
2021-10-12,SWM201707000202,Aeropuerto Alcantari,-19.2465508193052,-65.1511204662652,activo,,49,35,2021-10-07,5,8820.0,49.0,60.0,240.0,540.0
2021-10-18,SWM201707000202,Aeropuerto Alcantari,-19.2465508193052,-65.1511204662652,activo,,46,100,2021-10-12,6,8280.0,46.0,78.0,280.0,380.0
2021-10-20,SWM201707000202,Aeropuerto Alcantari,-19.2465508193052,-65.1511204662652,activo,,11,95,2021-10-18,2,1980.0,11.0,18.0,100.0,60.0
2021-10-26,SWM201707000202,Aeropuerto Alcantari,-19.2465508193052,-65.1511204662652,activo,,39,65,2021-10-20,6,7020.0,39.0,66.0,260.0,300.0
2021-10-31,SWM201707000202,Aeropuerto Alcantari,-19.2465508193052,-65.1511204662652,activo,,42,35,2021-10-26,5,7560.0,42.0,84.0,200.0,360.0
2021-10-03,SVM201707000208,Cristo de las Américas,-19.0450551068471,-65.2687865487641,activo,,9,45,2021-08-31,33,1620.0,9.0,0.0,80.0,100.0
2021-10-06,SVM201707000208,Cristo de las Américas,-19.0450551068471,-65.2687865487641,activo,,15,40,2021-10-03,3,2700.0,15.0,42.0,100.0,60.0
2021-10-08,SVM201707000208,Cristo de las Américas,-19.0450551068471,-65.2687865487641,activo,,27,15,2021-10-06,2,4860.0,27.0,84.0,140.0,120.0
2021-10-14,SVM201707000208,Cristo de las Américas,-19.0450551068471,-65.2687865487641,activo,,16,5,2021-10-08,6,2880.0,16.0,18.0,140.0,120.0
2021-10-19,SVM201707000208,Cristo de las Américas,-19.0450551068471,-65.2687865487641,activo,,25,45,2021-10-14,5,4500.0,25.0,18.0,140.0,300.0
2021-10-24,SVM201707000208,Cristo de las Américas,-19.0450551068471,-65.2687865487641,activo,,19,25,2021-10-19,5,3420.0,19.0,36.0,180.0,80.0
2021-10-26,SVM201707000208,Cristo de las Américas,-19.0450551068471,-65.2687865487641,activo,,14,20,2021-10-24,2,2520.0,14.0,24.0,180.0,20.0
2021-10-30,SVM201707000208,Cristo de las Américas,-19.0450551068471,-65.2687865487641,activo,,10,15,2021-10-26,4,1800.0,10.0,30.0,60.0,40.0
2021-10-06,SVM201707000206,Hospital Gineco Obstetrico,-19.0453076497863,-65.2683837910934,activo,,8,10,2021-09-30,6,1440.0,8.0,24.0,40.0,40.0
2021-10-08,SVM201707000206,Hospital Gineco Obstetrico,-19.0453076497863,-65.2683837910934,activo,,19,0,2021-10-06,2,3420.0,19.0,60.0,120.0,60.0
2021-10-14,SVM201707000206,Hospital Gineco Obstetrico,-19.0453076497863,-65.2683837910934,activo,,19,35,2021-10-08,6,3420.0,19.0,42.0,40.0,200.0
2021-10-19,SVM201707000206,Hospital Gineco Obstetrico,-19.0453076497863,-65.2683837910934,activo,,29,15,2021-10-14,5,5220.0,29.0,72.0,180.0,160.0
2021-10-24,SVM201707000206,Hospital Gineco Obstetrico,-19.0453076497863,-65.2683837910934,activo,,25,50,2021-10-19,5,4500.0,25.0,90.0,60.0,140.0
2021-10-26,SVM201707000206,Hospital Gineco Obstetrico,-19.0453076497863,-65.2683837910934,activo,,9,45,2021-10-24,2,1620.0,9.0,24.0,40.0,60.0
2021-10-30,SVM201707000206,Hospital Gineco Obstetrico,-19.0453076497863,-65.2683837910934,activo,,22,25,2021-10-26,4,3960.0,22.0,36.0,100.0,220.0
2021-10-03,SVM201707000217,PLANETA KIDS,-19.0455714685946,-65.2574231604105,activo,,7,60,2021-09-30,3,1260.0,7.0,0.0,80.0,60.0
2021-10-06,SVM201707000217,PLANETA KIDS,-19.0455714685946,-65.2574231604105,activo,,7,57,2021-10-03,3,1260.0,7.0,18.0,60.0,20.0
2021-10-08,SVM201707000217,PLANETA KIDS,-19.0455714685946,-65.2574231604105,activo,,6,55,2021-10-06,2,1080.0,6.0,6.0,20.0,80.0
2021-10-14,SVM201707000217,PLANETA KIDS,-19.0455714685946,-65.2574231604105,activo,,26,30,2021-10-08,6,4680.0,26.0,42.0,180.0,200.0
2021-10-22,SVM201707000217,PLANETA KIDS,-19.0455714685946,-65.2574231604105,activo,,36,7,2021-10-14,8,6480.0,36.0,84.0,280.0,160.0
2021-10-27,SVM201707000217,PLANETA KIDS,-19.0455714685946,-65.2574231604105,activo,,19,100,2021-10-22,5,3420.0,19.0,24.0,40.0,260.0
2021-10-31,SVM201707000217,PLANETA KIDS,-19.0455714685946,-65.2574231604105,activo,,13,90,2021-10-27,4,2340.0,13.0,18.0,100.0,100.0
2021-10-06,SVM201707000201,HOSPITAL IPTK,-19.0453815849578,-65.2577412201278,inactivo,,9,15,2021-09-30,6,1620.0,9.0,6.0,100.0,60.0
2021-10-22,SVM201707000201,HOSPITAL IPTK,-19.0453815849578,-65.2577412201278,inactivo,,44,40,2021-10-06,16,7920.0,44.0,18.0,400.0,420.0
2021-11-04,SVM201707000201,HOSPITAL IPTK,-19.0453815849578,-65.2577412201278,inactivo,,50,3,2021-10-22,13,9000.0,50.0,72.0,460.0,300.0
2021-10-08,SWM201707000210,BNB agencia España,-19.0470229262504,-65.2581107204392,inactivo,,4,70,2021-10-08,0,720.0,4.0,6.0,40.0,20.0
2021-10-22,SWM201707000210,BNB agencia España,-19.0470229262504,-65.2581107204392,inactivo,,10,60,2021-10-08,14,1800.0,10.0,42.0,20.0,40.0
2021-11-04,SWM201707000210,BNB agencia España,-19.0470229262504,-65.2581107204392,inactivo,,4,55,2021-10-22,13,720.0,4.0,12.0,20.0,20.0
2021-10-08,LE-F303V-SCZ-W-B001,PIAR BOLIVIA,-19.0414443039697,-65.2392128864358,inactivo,,7,20,2021-09-30,8,1260.0,7.0,0.0,140.0,0.0
2021-10-05,LE-F303V-LPZ-W-B002,Hospital Jaime Mendoza,-19.0460668264958,-65.2674587641731,inactivo,,55,5,2021-09-30,5,9900.0,55.0,72.0,400.0,460.0
2021-10-06,LE-F303V-LPZ-W-B002,Hospital Jaime Mendoza,-19.0460668264958,-65.2674587641731,inactivo,,6,100,2021-10-05,1,1080.0,6.0,0.0,40.0,80.0
2021-10-08,LE-F303V-LPZ-W-B002,Hospital Jaime Mendoza,-19.0460668264958,-65.2674587641731,inactivo,,50,65,2021-10-06,2,9000.0,50.0,42.0,300.0,560.0
2021-10-11,LE-F303V-LPZ-W-B002,Hospital Jaime Mendoza,-19.0460668264958,-65.2674587641731,inactivo,,56,100,2021-10-08,3,10080.0,56.0,90.0,220.0,600.0
2021-10-14,LE-F303V-LPZ-W-B002,Hospital Jaime Mendoza,-19.0460668264958,-65.2674587641731,inactivo,,62,50,2021-10-11,3,11160.0,62.0,72.0,300.0,700.0
2021-10-17,LE-F303V-LPZ-W-B002,Hospital Jaime Mendoza,-19.0460668264958,-65.2674587641731,inactivo,,47,5,2021-10-14,3,8460.0,47.0,54.0,180.0,580.0
2021-10-19,LE-F303V-LPZ-W-B002,Hospital Jaime Mendoza,-19.0460668264958,-65.2674587641731,inactivo,,42,75,2021-10-17,2,7560.0,42.0,54.0,140.0,520.0
2021-10-22,LE-F303V-LPZ-W-B002,Hospital Jaime Mendoza,-19.0460668264958,-65.2674587641731,inactivo,,65,10,2021-10-19,3,11700.0,65.0,72.0,360.0,700.0
2021-10-24,LE-F303V-LPZ-W-B002,Hospital Jaime Mendoza,-19.0460668264958,-65.2674587641731,inactivo,,42,80,2021-10-22,2,7560.0,42.0,78.0,40.0,540.0
2021-10-26,LE-F303V-LPZ-W-B002,Hospital Jaime Mendoza,-19.0460668264958,-65.2674587641731,inactivo,,51,40,2021-10-24,2,9180.0,51.0,42.0,240.0,640.0
2021-10-28,LE-F303V-LPZ-W-B002,Hospital Jaime Mendoza,-19.0460668264958,-65.2674587641731,inactivo,,43,100,2021-10-26,2,7740.0,43.0,48.0,140.0,560.0
2021-10-30,LE-F303V-LPZ-W-B002,Hospital Jaime Mendoza,-19.0460668264958,-65.2674587641731,inactivo,,45,60,2021-10-28,2,8100.0,45.0,66.0,260.0,420.0
2021-11-04,SWM201707000202,Aeropuerto Alcantari,-19.2465508193052,-65.1511204662652,activo,,41,100,2021-10-31,4,7380.0,41.0,54.0,200.0,440.0
2021-11-09,SWM201707000202,Aeropuerto Alcantari,-19.2465508193052,-65.1511204662652,activo,,60,60,2021-11-04,5,10800.0,60.0,102.0,420.0,440.0
2021-11-12,SWM201707000202,Aeropuerto Alcantari,-19.2465508193052,-65.1511204662652,activo,,21,45,2021-11-09,3,3780.0,21.0,42.0,120.0,160.0
2021-11-18,SWM201707000202,Aeropuerto Alcantari,-19.2465508193052,-65.1511204662652,activo,,35,25,2021-11-12,6,6300.0,35.0,60.0,140.0,360.0
2021-11-22,SWM201707000202,Aeropuerto Alcantari,-19.2465508193052,-65.1511204662652,activo,,21,100,2021-11-18,4,3780.0,21.0,18.0,120.0,240.0
2021-11-25,SWM201707000202,Aeropuerto Alcantari,-19.2465508193052,-65.1511204662652,activo,,25,90,2021-11-22,3,4500.0,25.0,36.0,120.0,260.0
2021-11-29,SWM201707000202,Aeropuerto Alcantari,-19.2465508193052,-65.1511204662652,activo,,36,60,2021-11-25,4,6480.0,36.0,78.0,220.0,240.0
2021-11-06,SVM201707000208,Cristo de las Américas,-19.0450551068471,-65.2687865487641,activo,,24,100,2021-10-30,7,4320.0,24.0,54.0,220.0,80.0
2021-11-10,SVM201707000208,Cristo de las Américas,-19.0450551068471,-65.2687865487641,activo,,13,90,2021-11-06,4,2340.0,13.0,30.0,80.0,80.0
2021-11-15,SVM201707000208,Cristo de las Américas,-19.0450551068471,-65.2687865487641,activo,,23,75,2021-11-10,5,4140.0,23.0,36.0,80.0,260.0
2021-11-18,SVM201707000208,Cristo de las Américas,-19.0450551068471,-65.2687865487641,activo,,10,60,2021-11-15,3,1800.0,10.0,12.0,60.0,100.0
2021-11-22,SVM201707000208,Cristo de las Américas,-19.0450551068471,-65.2687865487641,activo,,12,50,2021-11-18,4,2160.0,12.0,60.0,0.0,40.0
2021-11-26,SVM201707000208,Cristo de las Américas,-19.0450551068471,-65.2687865487641,activo,,13,40,2021-11-22,4,2340.0,13.0,24.0,40.0,140.0
2021-12-01,SVM201707000208,Cristo de las Américas,-19.0450551068471,-65.2687865487641,activo,,14,25,2021-11-26,5,2520.0,14.0,42.0,20.0,120.0
2021-11-06,SVM201707000206,Hospital Gineco Obstetrico,-19.0453076497863,-65.2683837910934,activo,,44,45,2021-10-30,7,7920.0,44.0,120.0,220.0,260.0
2021-11-10,SVM201707000206,Hospital Gineco Obstetrico,-19.0453076497863,-65.2683837910934,activo,,22,28,2021-11-06,4,3960.0,22.0,72.0,80.0,120.0
2021-11-15,SVM201707000206,Hospital Gineco Obstetrico,-19.0453076497863,-65.2683837910934,activo,,30,10,2021-11-10,5,5400.0,30.0,60.0,140.0,260.0
2021-11-18,SVM201707000206,Hospital Gineco Obstetrico,-19.0453076497863,-65.2683837910934,activo,,23,48,2021-11-15,3,4140.0,23.0,60.0,80.0,180.0
2021-11-22,SVM201707000206,Hospital Gineco Obstetrico,-19.0453076497863,-65.2683837910934,activo,,32,20,2021-11-18,4,5760.0,32.0,54.0,260.0,200.0
2021-11-26,SVM201707000206,Hospital Gineco Obstetrico,-19.0453076497863,-65.2683837910934,activo,,12,15,2021-11-22,4,2160.0,12.0,12.0,100.0,100.0
2021-12-01,SVM201707000206,Hospital Gineco Obstetrico,-19.0453076497863,-65.2683837910934,activo,,29,50,2021-11-26,5,5220.0,29.0,72.0,80.0,260.0
2021-11-04,SVM201707000217,PLANETA KIDS,-19.0455714685946,-65.2574231604105,activo,,16,80,2021-10-31,4,2880.0,16.0,24.0,160.0,80.0
2021-11-13,SVM201707000217,PLANETA KIDS,-19.0455714685946,-65.2574231604105,activo,,21,55,2021-11-04,9,3780.0,21.0,30.0,160.0,160.0
2021-11-18,SVM201707000217,PLANETA KIDS,-19.0455714685946,-65.2574231604105,activo,,14,50,2021-11-13,5,2520.0,14.0,12.0,160.0,80.0
2021-11-25,SVM201707000217,PLANETA KIDS,-19.0455714685946,-65.2574231604105,activo,,31,30,2021-11-18,7,5580.0,31.0,60.0,260.0,160.0
2021-12-03,SVM201707000217,PLANETA KIDS,-19.0455714685946,-65.2574231604105,activo,,35,2,2021-11-25,8,6300.0,35.0,60.0,200.0,300.0
2021-11-18,SVM201707000201,HOSPITAL IPTK,-19.0453815849578,-65.2577412201278,inactivo,,32,85,2021-11-04,14,5760.0,32.0,12.0,380.0,220.0
2021-12-03,SVM201707000201,HOSPITAL IPTK,-19.0453815849578,-65.2577412201278,inactivo,,37,60,2021-11-18,15,6660.0,37.0,6.0,500.0,220.0
2021-11-19,SWM201707000210,BNB agencia España,-19.0470229262504,-65.2581107204392,inactivo,,5,50,2021-11-04,15,900.0,5.0,18.0,40.0,0.0
2021-12-11,SWM201707000210,BNB agencia España,-19.0470229262504,-65.2581107204392,inactivo,,4,50,2021-11-19,22,720.0,4.0,6.0,0.0,60.0
2021-11-01,LE-F303V-LPZ-W-B002,Hospital Jaime Mendoza,-19.0460668264958,-65.2674587641731,inactivo,,19,50,2021-10-30,2,3420.0,19.0,30.0,20.0,260.0
2021-11-04,LE-F303V-LPZ-W-B002,Hospital Jaime Mendoza,-19.0460668264958,-65.2674587641731,inactivo,,61,100,2021-11-01,3,10980.0,61.0,42.0,320.0,760.0
2021-11-06,LE-F303V-LPZ-W-B002,Hospital Jaime Mendoza,-19.0460668264958,-65.2674587641731,inactivo,,51,50,2021-11-04,2,9180.0,51.0,24.0,320.0,620.0
2021-11-08,LE-F303V-LPZ-W-B002,Hospital Jaime Mendoza,-19.0460668264958,-65.2674587641731,inactivo,,37,15,2021-11-06,2,6660.0,37.0,60.0,240.0,300.0
2021-11-10,LE-F303V-LPZ-W-B002,Hospital Jaime Mendoza,-19.0460668264958,-65.2674587641731,inactivo,,41,100,2021-11-08,2,7380.0,41.0,30.0,220.0,500.0
2021-11-12,LE-F303V-LPZ-W-B002,Hospital Jaime Mendoza,-19.0460668264958,-65.2674587641731,inactivo,,27,60,2021-11-10,2,4860.0,27.0,30.0,80.0,360.0
2021-11-15,LE-F303V-LPZ-W-B002,Hospital Jaime Mendoza,-19.0460668264958,-65.2674587641731,inactivo,,47,15,2021-11-12,3,8460.0,47.0,54.0,320.0,440.0
2021-11-18,LE-F303V-LPZ-W-B002,Hospital Jaime Mendoza,-19.0460668264958,-65.2674587641731,inactivo,,61,75,2021-11-15,3,10980.0,61.0,48.0,200.0,860.0
2021-11-20,LE-F303V-LPZ-W-B002,Hospital Jaime Mendoza,-19.0460668264958,-65.2674587641731,inactivo,,39,30,2021-11-18,2,7020.0,39.0,48.0,260.0,360.0
2021-11-22,LE-F303V-LPZ-W-B002,Hospital Jaime Mendoza,-19.0460668264958,-65.2674587641731,inactivo,,31,100,2021-11-20,2,5580.0,31.0,30.0,120.0,400.0
2021-11-24,LE-F303V-LPZ-W-B002,Hospital Jaime Mendoza,-19.0460668264958,-65.2674587641731,inactivo,,41,60,2021-11-22,2,7380.0,41.0,42.0,160.0,520.0
2021-11-26,LE-F303V-LPZ-W-B002,Hospital Jaime Mendoza,-19.0460668264958,-65.2674587641731,inactivo,,35,40,2021-11-24,2,6300.0,35.0,30.0,180.0,420.0
2021-11-29,LE-F303V-LPZ-W-B002,Hospital Jaime Mendoza,-19.0460668264958,-65.2674587641731,inactivo,,40,10,2021-11-26,3,7200.0,40.0,42.0,280.0,380.0
2021-12-01,LE-F303V-LPZ-W-B002,Hospital Jaime Mendoza,-19.0460668264958,-65.2674587641731,inactivo,,37,80,2021-11-29,2,6660.0,37.0,66.0,180.0,340.0
2021-12-03,SWM201707000202,Aeropuerto Alcantari,-19.2465508193052,-65.1511204662652,activo,,56,20,2021-11-29,4,10080.0,56.0,90.0,320.0,500.0
2021-12-05,SWM201707000202,Aeropuerto Alcantari,-19.2465508193052,-65.1511204662652,activo,,37,100,2021-12-03,2,6660.0,37.0,66.0,240.0,280.0
2021-12-10,SWM201707000202,Aeropuerto Alcantari,-19.2465508193052,-65.1511204662652,activo,,60,50,2021-12-05,5,10800.0,60.0,78.0,420.0,520.0
2021-12-14,SWM201707000202,Aeropuerto Alcantari,-19.2465508193052,-65.1511204662652,activo,,50,5,2021-12-10,4,9000.0,50.0,108.0,180.0,460.0
2021-12-15,SWM201707000202,Aeropuerto Alcantari,-19.2465508193052,-65.1511204662652,activo,,10,100,2021-12-14,1,1800.0,10.0,0.0,140.0,60.0
2021-12-18,SWM201707000202,Aeropuerto Alcantari,-19.2465508193052,-65.1511204662652,activo,,45,80,2021-12-15,3,8100.0,45.0,84.0,260.0,360.0
2021-12-20,SWM201707000202,Aeropuerto Alcantari,-19.2465508193052,-65.1511204662652,activo,,23,50,2021-12-18,2,4140.0,23.0,42.0,120.0,200.0
2021-12-24,SWM201707000202,Aeropuerto Alcantari,-19.2465508193052,-65.1511204662652,activo,,64,100,2021-12-20,4,11520.0,64.0,120.0,420.0,460.0
2021-12-26,SWM201707000202,Aeropuerto Alcantari,-19.2465508193052,-65.1511204662652,activo,,30,90,2021-12-24,2,5400.0,30.0,72.0,180.0,180.0
2021-12-30,SWM201707000202,Aeropuerto Alcantari,-19.2465508193052,-65.1511204662652,activo,,59,45,2021-12-26,4,10620.0,59.0,126.0,260.0,500.0
2022-01-03,SWM201707000202,Aeropuerto Alcantari,-19.2465508193052,-65.1511204662652,activo,,42,10,2021-12-30,4,7560.0,42.0,78.0,80.0,500.0
2021-12-06,SVM201707000208,Cristo de las Américas,-19.0450551068471,-65.2687865487641,activo,,28,10,2021-12-01,5,5040.0,28.0,54.0,180.0,200.0
2021-12-08,SVM201707000208,Cristo de las Américas,-19.0450551068471,-65.2687865487641,activo,,6,5,2021-12-06,2,1080.0,6.0,24.0,20.0,20.0
2021-12-13,SVM201707000208,Cristo de las Américas,-19.0450551068471,-65.2687865487641,activo,,18,95,2021-12-08,5,3240.0,18.0,48.0,60.0,140.0
2021-12-16,SVM201707000208,Cristo de las Américas,-19.0450551068471,-65.2687865487641,activo,,12,80,2021-12-13,3,2160.0,12.0,18.0,100.0,80.0
2021-12-17,SVM201707000208,Cristo de las Américas,-19.0450551068471,-65.2687865487641,activo,,9,75,2021-12-16,1,1620.0,9.0,18.0,60.0,60.0
2021-12-22,SVM201707000208,Cristo de las Américas,-19.0450551068471,-65.2687865487641,activo,,22,65,2021-12-17,5,3960.0,22.0,42.0,180.0,120.0
2021-12-25,SVM201707000208,Cristo de las Américas,-19.0450551068471,-65.2687865487641,activo,,9,50,2021-12-22,3,1620.0,9.0,30.0,40.0,40.0
2021-12-28,SVM201707000208,Cristo de las Américas,-19.0450551068471,-65.2687865487641,activo,,11,45,2021-12-25,3,1980.0,11.0,36.0,60.0,40.0
2022-01-02,SVM201707000208,Cristo de las Américas,-19.0450551068471,-65.2687865487641,activo,,20,8,2021-12-28,5,3600.0,20.0,24.0,140.0,180.0
2021-12-06,SVM201707000206,Hospital Gineco Obstetrico,-19.0453076497863,-65.2683837910934,activo,,31,75,2021-12-01,5,5580.0,31.0,48.0,80.0,380.0
2021-12-08,SVM201707000206,Hospital Gineco Obstetrico,-19.0453076497863,-65.2683837910934,activo,,15,60,2021-12-06,2,2700.0,15.0,30.0,0.0,200.0
2021-12-13,SVM201707000206,Hospital Gineco Obstetrico,-19.0453076497863,-65.2683837910934,activo,,24,40,2021-12-08,5,4320.0,24.0,30.0,120.0,260.0
2021-12-17,SVM201707000206,Hospital Gineco Obstetrico,-19.0453076497863,-65.2683837910934,activo,,31,15,2021-12-13,4,5580.0,31.0,18.0,140.0,420.0
2021-12-22,SVM201707000206,Hospital Gineco Obstetrico,-19.0453076497863,-65.2683837910934,activo,,28,0,2021-12-17,5,5040.0,28.0,48.0,0.0,400.0
2021-12-25,SVM201707000206,Hospital Gineco Obstetrico,-19.0453076497863,-65.2683837910934,activo,,12,45,2021-12-22,3,2160.0,12.0,30.0,60.0,80.0
2021-12-28,SVM201707000206,Hospital Gineco Obstetrico,-19.0453076497863,-65.2683837910934,activo,,26,50,2021-12-25,3,4680.0,26.0,42.0,100.0,280.0
2022-01-02,SVM201707000206,Hospital Gineco Obstetrico,-19.0453076497863,-65.2683837910934,activo,,33,0,2021-12-28,5,5940.0,33.0,36.0,80.0,460.0
2021-12-10,SVM201707000217,PLANETA KIDS,-19.0455714685946,-65.2574231604105,activo,,37,80,2021-12-03,7,6660.0,37.0,24.0,420.0,240.0
2021-12-17,SVM201707000217,PLANETA KIDS,-19.0455714685946,-65.2574231604105,activo,,56,30,2021-12-10,7,10080.0,56.0,54.0,660.0,280.0
2021-12-24,SVM201707000217,PLANETA KIDS,-19.0455714685946,-65.2574231604105,activo,,45,100,2021-12-17,7,8100.0,45.0,42.0,440.0,320.0
2021-12-26,SVM201707000217,PLANETA KIDS,-19.0455714685946,-65.2574231604105,activo,,38,80,2021-12-24,2,6840.0,38.0,48.0,380.0,220.0
2021-12-31,SVM201707000217,PLANETA KIDS,-19.0455714685946,-65.2574231604105,activo,,44,50,2021-12-26,5,7920.0,44.0,18.0,460.0,360.0
2022-01-03,SVM201707000217,PLANETA KIDS,-19.0455714685946,-65.2574231604105,activo,,32,25,2021-12-31,3,5760.0,32.0,48.0,200.0,280.0
2021-12-10,SVM201707000201,HOSPITAL IPTK,-19.0453815849578,-65.2577412201278,inactivo,,22,40,2021-12-03,7,3960.0,22.0,18.0,240.0,140.0
2021-12-13,SVM201707000201,HOSPITAL IPTK,-19.0453815849578,-65.2577412201278,inactivo,,3,35,2021-12-10,3,540.0,3.0,0.0,20.0,40.0
2021-12-24,SVM201707000201,HOSPITAL IPTK,-19.0453815849578,-65.2577412201278,inactivo,,46,100,2021-12-13,11,8280.0,46.0,36.0,600.0,200.0
2021-12-26,SVM201707000201,HOSPITAL IPTK,-19.0453815849578,-65.2577412201278,inactivo,,17,90,2021-12-24,2,3060.0,17.0,18.0,140.0,140.0
2021-12-31,SVM201707000201,HOSPITAL IPTK,-19.0453815849578,-65.2577412201278,inactivo,,23,75,2021-12-26,5,4140.0,23.0,30.0,260.0,100.0
2022-01-03,SVM201707000201,HOSPITAL IPTK,-19.0453815849578,-65.2577412201278,inactivo,,7,60,2021-12-31,3,1260.0,7.0,24.0,20.0,40.0
2021-12-24,SWM201707000210,BNB agencia España,-19.0470229262504,-65.2581107204392,inactivo,,12,40,2021-12-11,13,2160.0,12.0,12.0,80.0,120.0
2021-12-03,LE-F303V-LPZ-W-B002,Hospital Jaime Mendoza,-19.0460668264958,-65.2674587641731,inactivo,,20,60,2021-12-01,2,3600.0,20.0,24.0,100.0,220.0
2021-12-06,LE-F303V-LPZ-W-B002,Hospital Jaime Mendoza,-19.0460668264958,-65.2674587641731,inactivo,,37,25,2021-12-03,3,6660.0,37.0,24.0,280.0,380.0
2021-12-08,LE-F303V-LPZ-W-B002,Hospital Jaime Mendoza,-19.0460668264958,-65.2674587641731,inactivo,,35,0,2021-12-06,2,6300.0,35.0,24.0,160.0,460.0
2021-12-10,LE-F303V-LPZ-W-B002,Hospital Jaime Mendoza,-19.0460668264958,-65.2674587641731,inactivo,,37,65,2021-12-08,2,6660.0,37.0,24.0,260.0,400.0
2021-12-13,LE-F303V-LPZ-W-B002,Hospital Jaime Mendoza,-19.0460668264958,-65.2674587641731,inactivo,,20,50,2021-12-10,3,3600.0,20.0,36.0,120.0,160.0
2021-12-15,LE-F303V-LPZ-W-B002,Hospital Jaime Mendoza,-19.0460668264958,-65.2674587641731,inactivo,,49,5,2021-12-13,2,8820.0,49.0,78.0,220.0,500.0
2021-12-17,LE-F303V-LPZ-W-B002,Hospital Jaime Mendoza,-19.0460668264958,-65.2674587641731,inactivo,,48,70,2021-12-15,2,8640.0,48.0,60.0,160.0,600.0
2021-12-20,LE-F303V-LPZ-W-B002,Hospital Jaime Mendoza,-19.0460668264958,-65.2674587641731,inactivo,,41,45,2021-12-17,3,7380.0,41.0,54.0,300.0,340.0
2021-12-22,LE-F303V-LPZ-W-B002,Hospital Jaime Mendoza,-19.0460668264958,-65.2674587641731,inactivo,,24,15,2021-12-20,2,4320.0,24.0,18.0,80.0,340.0
2021-12-25,LE-F303V-LPZ-W-B002,Hospital Jaime Mendoza,-19.0460668264958,-65.2674587641731,inactivo,,33,85,2021-12-22,3,5940.0,33.0,24.0,260.0,320.0
2021-12-28,LE-F303V-LPZ-W-B002,Hospital Jaime Mendoza,-19.0460668264958,-65.2674587641731,inactivo,,28,60,2021-12-25,3,5040.0,28.0,48.0,240.0,160.0
2021-12-31,LE-F303V-LPZ-W-B002,Hospital Jaime Mendoza,-19.0460668264958,-65.2674587641731,inactivo,,27,40,2021-12-28,3,4860.0,27.0,42.0,180.0,220.0
2022-01-02,LE-F303V-LPZ-W-B002,Hospital Jaime Mendoza,-19.0460668264958,-65.2674587641731,inactivo,,19,15,2021-12-31,2,3420.0,19.0,12.0,260.0,80.0
2022-01-05,SWM201707000202,Aeropuerto Alcantari,-19.2465508193052,-65.1511204662652,activo,,35,100,2022-01-03,2,6300.0,35.0,60.0,180.0,320.0
2022-01-07,SWM201707000202,Aeropuerto Alcantari,-19.2465508193052,-65.1511204662652,activo,,35,70,2022-01-05,2,6300.0,35.0,60.0,260.0,240.0
2022-01-09,SWM201707000202,Aeropuerto Alcantari,-19.2465508193052,-65.1511204662652,activo,,39,40,2022-01-07,2,7020.0,39.0,102.0,140.0,300.0
2022-01-13,SWM201707000202,Aeropuerto Alcantari,-19.2465508193052,-65.1511204662652,activo,,63,100,2022-01-09,4,11340.0,63.0,138.0,340.0,460.0
2022-01-16,SWM201707000202,Aeropuerto Alcantari,-19.2465508193052,-65.1511204662652,activo,,31,80,2022-01-13,3,5580.0,31.0,42.0,220.0,260.0
2022-01-18,SWM201707000202,Aeropuerto Alcantari,-19.2465508193052,-65.1511204662652,activo,,26,55,2022-01-16,2,4680.0,26.0,48.0,160.0,200.0
2022-01-23,SWM201707000202,Aeropuerto Alcantari,-19.2465508193052,-65.1511204662652,activo,,44,40,2022-01-18,5,7920.0,44.0,36.0,280.0,480.0
2022-01-28,SWM201707000202,Aeropuerto Alcantari,-19.2465508193052,-65.1511204662652,activo,,38,100,2022-01-23,5,6840.0,38.0,66.0,240.0,300.0
2022-01-04,SVM201707000208,Cristo de las Américas,-19.0450551068471,-65.2687865487641,activo,,5,100,2022-01-02,2,900.0,5.0,6.0,20.0,60.0
2022-01-07,SVM201707000208,Cristo de las Américas,-19.0450551068471,-65.2687865487641,activo,,9,98,2022-01-04,3,1620.0,9.0,12.0,60.0,80.0
2022-01-12,SVM201707000208,Cristo de las Américas,-19.0450551068471,-65.2687865487641,activo,,14,85,2022-01-07,5,2520.0,14.0,18.0,120.0,100.0
2022-01-16,SVM201707000208,Cristo de las Américas,-19.0450551068471,-65.2687865487641,activo,,10,80,2022-01-12,4,1800.0,10.0,18.0,100.0,40.0
2022-01-19,SVM201707000208,Cristo de las Américas,-19.0450551068471,-65.2687865487641,activo,,1,75,2022-01-16,3,180.0,1.0,0.0,0.0,20.0
2022-01-23,SVM201707000208,Cristo de las Américas,-19.0450551068471,-65.2687865487641,activo,,25,55,2022-01-19,4,4500.0,25.0,42.0,100.0,260.0
2022-01-26,SVM201707000208,Cristo de las Américas,-19.0450551068471,-65.2687865487641,activo,,14,45,2022-01-23,3,2520.0,14.0,24.0,40.0,160.0
2022-01-30,SVM201707000208,Cristo de las Américas,-19.0450551068471,-65.2687865487641,activo,,25,25,2022-01-26,4,4500.0,25.0,42.0,180.0,180.0
2022-01-04,SVM201707000206,Hospital Gineco Obstetrico,-19.0453076497863,-65.2683837910934,activo,,10,100,2022-01-02,2,1800.0,10.0,24.0,0.0,120.0
2022-01-07,SVM201707000206,Hospital Gineco Obstetrico,-19.0453076497863,-65.2683837910934,activo,,23,80,2022-01-04,3,4140.0,23.0,42.0,160.0,160.0
2022-01-12,SVM201707000206,Hospital Gineco Obstetrico,-19.0453076497863,-65.2683837910934,activo,,33,50,2022-01-07,5,5940.0,33.0,42.0,160.0,360.0
2022-01-16,SVM201707000206,Hospital Gineco Obstetrico,-19.0453076497863,-65.2683837910934,activo,,18,45,2022-01-12,4,3240.0,18.0,24.0,60.0,220.0
2022-01-19,SVM201707000206,Hospital Gineco Obstetrico,-19.0453076497863,-65.2683837910934,activo,,25,20,2022-01-16,3,4500.0,25.0,24.0,160.0,260.0
2022-01-23,SVM201707000206,Hospital Gineco Obstetrico,-19.0453076497863,-65.2683837910934,activo,,37,95,2022-01-19,4,6660.0,37.0,30.0,300.0,340.0
2022-01-26,SVM201707000206,Hospital Gineco Obstetrico,-19.0453076497863,-65.2683837910934,activo,,23,85,2022-01-23,3,4140.0,23.0,36.0,160.0,180.0
2022-01-30,SVM201707000206,Hospital Gineco Obstetrico,-19.0453076497863,-65.2683837910934,activo,,30,50,2022-01-26,4,5400.0,30.0,54.0,280.0,140.0
2022-01-09,SVM201707000217,PLANETA KIDS,-19.0455714685946,-65.2574231604105,activo,,47,60,2022-01-03,6,8460.0,47.0,72.0,300.0,400.0
2022-01-14,SVM201707000217,PLANETA KIDS,-19.0455714685946,-65.2574231604105,activo,,15,40,2022-01-09,5,2700.0,15.0,18.0,140.0,100.0
2022-01-18,SVM201707000217,PLANETA KIDS,-19.0455714685946,-65.2574231604105,activo,,15,20,2022-01-14,4,2700.0,15.0,18.0,160.0,80.0
2022-01-23,SVM201707000217,PLANETA KIDS,-19.0455714685946,-65.2574231604105,activo,,12,100,2022-01-18,5,2160.0,12.0,0.0,120.0,120.0
2022-01-27,SVM201707000217,PLANETA KIDS,-19.0455714685946,-65.2574231604105,activo,,35,75,2022-01-23,4,6300.0,35.0,54.0,220.0,300.0
2022-01-30,SVM201707000217,PLANETA KIDS,-19.0455714685946,-65.2574231604105,activo,,13,65,2022-01-27,3,2340.0,13.0,36.0,80.0,60.0
2022-01-14,SVM201707000201,HOSPITAL IPTK,-19.0453815849578,-65.2577412201278,inactivo,,12,50,2022-01-03,11,2160.0,12.0,24.0,120.0,40.0
2022-01-27,SVM201707000201,HOSPITAL IPTK,-19.0453815849578,-65.2577412201278,inactivo,,20,45,2022-01-14,13,3600.0,20.0,18.0,240.0,100.0
2022-01-31,SWM201707000210,BNB agencia España,-19.0470229262504,-65.2581107204392,inactivo,,15,35,2021-12-24,38,2700.0,15.0,30.0,80.0,120.0
2022-01-04,LE-F303V-LPZ-W-B002,Hospital Jaime Mendoza,-19.0460668264958,-65.2674587641731,inactivo,,21,95,2022-01-02,2,3780.0,21.0,36.0,200.0,100.0
2022-01-07,LE-F303V-LPZ-W-B002,Hospital Jaime Mendoza,-19.0460668264958,-65.2674587641731,inactivo,,17,80,2022-01-04,3,3060.0,17.0,24.0,100.0,160.0
2022-01-10,LE-F303V-LPZ-W-B002,Hospital Jaime Mendoza,-19.0460668264958,-65.2674587641731,inactivo,,28,50,2022-01-07,3,5040.0,28.0,42.0,200.0,220.0
2022-01-12,LE-F303V-LPZ-W-B002,Hospital Jaime Mendoza,-19.0460668264958,-65.2674587641731,inactivo,,20,25,2022-01-10,2,3600.0,20.0,42.0,80.0,180.0
2022-01-16,LE-F303V-LPZ-W-B002,Hospital Jaime Mendoza,-19.0460668264958,-65.2674587641731,inactivo,,42,95,2022-01-12,4,7560.0,42.0,90.0,200.0,340.0
2022-01-19,LE-F303V-LPZ-W-B002,Hospital Jaime Mendoza,-19.0460668264958,-65.2674587641731,inactivo,,37,55,2022-01-16,3,6660.0,37.0,42.0,240.0,360.0
2022-01-23,LE-F303V-LPZ-W-B002,Hospital Jaime Mendoza,-19.0460668264958,-65.2674587641731,inactivo,,34,30,2022-01-19,4,6120.0,34.0,54.0,200.0,300.0
2022-01-26,LE-F303V-LPZ-W-B002,Hospital Jaime Mendoza,-19.0460668264958,-65.2674587641731,inactivo,,36,95,2022-01-23,3,6480.0,36.0,60.0,140.0,380.0
2022-01-30,LE-F303V-LPZ-W-B002,Hospital Jaime Mendoza,-19.0460668264958,-65.2674587641731,inactivo,,35,55,2022-01-26,4,6300.0,35.0,24.0,200.0,420.0
2022-02-02,SWM201707000202,Aeropuerto Alcantari,-19.2465508193052,-65.1511204662652,activo,,55,65,2022-01-28,5,9900.0,55.0,96.0,160.0,620.0
2022-02-06,SWM201707000202,Aeropuerto Alcantari,-19.2465508193052,-65.1511204662652,activo,,59,25,2022-02-02,4,10620.0,59.0,108.0,320.0,500.0
2022-02-08,SWM201707000202,Aeropuerto Alcantari,-19.2465508193052,-65.1511204662652,activo,,29,100,2022-02-06,2,5220.0,29.0,72.0,120.0,220.0
2022-02-13,SWM201707000202,Aeropuerto Alcantari,-19.2465508193052,-65.1511204662652,activo,,32,80,2022-02-08,5,5760.0,32.0,66.0,120.0,300.0
2022-02-15,SWM201707000202,Aeropuerto Alcantari,-19.2465508193052,-65.1511204662652,activo,,20,65,2022-02-13,2,3600.0,20.0,48.0,60.0,180.0
2022-02-20,SWM201707000202,Aeropuerto Alcantari,-19.2465508193052,-65.1511204662652,activo,,50,35,2022-02-15,5,9000.0,50.0,90.0,240.0,460.0
2022-02-24,SWM201707000202,Aeropuerto Alcantari,-19.2465508193052,-65.1511204662652,activo,,59,100,2022-02-20,4,10620.0,59.0,90.0,300.0,580.0
2022-03-01,SWM201707000202,Aeropuerto Alcantari,-19.2465508193052,-65.1511204662652,activo,,52,55,2022-02-24,5,9360.0,52.0,84.0,260.0,500.0
2022-02-02,SVM201707000208,Cristo de las Américas,-19.0450551068471,-65.2687865487641,activo,,17,15,2022-01-30,3,3060.0,17.0,36.0,160.0,60.0
2022-02-04,SVM201707000208,Cristo de las Américas,-19.0450551068471,-65.2687865487641,activo,,6,12,2022-02-02,2,1080.0,6.0,12.0,60.0,20.0
2022-02-07,SVM201707000208,Cristo de las Américas,-19.0450551068471,-65.2687865487641,activo,,21,100,2022-02-04,3,3780.0,21.0,24.0,140.0,200.0
2022-02-11,SVM201707000208,Cristo de las Américas,-19.0450551068471,-65.2687865487641,activo,,20,90,2022-02-07,4,3600.0,20.0,48.0,180.0,60.0
2022-02-15,SVM201707000208,Cristo de las Américas,-19.0450551068471,-65.2687865487641,activo,,22,75,2022-02-11,4,3960.0,22.0,66.0,80.0,140.0
2022-02-20,SVM201707000208,Cristo de las Américas,-19.0450551068471,-65.2687865487641,activo,,35,45,2022-02-15,5,6300.0,35.0,66.0,360.0,120.0
2022-02-24,SVM201707000208,Cristo de las Américas,-19.0450551068471,-65.2687865487641,activo,,8,30,2022-02-20,4,1440.0,8.0,12.0,100.0,20.0
2022-02-27,SVM201707000208,Cristo de las Américas,-19.0450551068471,-65.2687865487641,activo,,3,30,2022-02-24,3,540.0,3.0,12.0,20.0,0.0
2022-02-02,SWM201707000206,Hospital Gineco Obstetrico,-19.0453076497863,-65.2683837910934,activo,,25,35,2021-03-19,320,4500.0,25.0,42.0,220.0,140.0
2022-02-04,SWM201707000206,Hospital Gineco Obstetrico,-19.0453076497863,-65.2683837910934,activo,,13,25,2022-02-02,2,2340.0,13.0,12.0,100.0,120.0
2022-02-07,SWM201707000206,Hospital Gineco Obstetrico,-19.0453076497863,-65.2683837910934,activo,,23,5,2022-02-04,3,4140.0,23.0,24.0,80.0,300.0
2022-02-11,SWM201707000206,Hospital Gineco Obstetrico,-19.0453076497863,-65.2683837910934,activo,,30,95,2022-02-07,4,5400.0,30.0,54.0,160.0,260.0
2022-02-15,SWM201707000206,Hospital Gineco Obstetrico,-19.0453076497863,-65.2683837910934,activo,,21,75,2022-02-11,4,3780.0,21.0,24.0,180.0,160.0
2022-02-20,SWM201707000206,Hospital Gineco Obstetrico,-19.0453076497863,-65.2683837910934,activo,,24,50,2022-02-15,5,4320.0,24.0,48.0,120.0,200.0
2022-02-24,SWM201707000206,Hospital Gineco Obstetrico,-19.0453076497863,-65.2683837910934,activo,,30,28,2022-02-20,4,5400.0,30.0,60.0,200.0,200.0
2022-02-27,SWM201707000206,Hospital Gineco Obstetrico,-19.0453076497863,-65.2683837910934,activo,,9,15,2022-02-24,3,1620.0,9.0,24.0,40.0,60.0
2022-02-02,SVM201707000217,PLANETA KIDS,-19.0455714685946,-65.2574231604105,activo,,18,45,2022-01-30,3,3240.0,18.0,6.0,200.0,140.0
2022-02-06,SVM201707000217,PLANETA KIDS,-19.0455714685946,-65.2574231604105,activo,,34,25,2022-02-02,4,6120.0,34.0,36.0,140.0,420.0
2022-02-09,SVM201707000217,PLANETA KIDS,-19.0455714685946,-65.2574231604105,activo,,17,4,2022-02-06,3,3060.0,17.0,24.0,120.0,140.0
2022-02-13,SVM201707000217,PLANETA KIDS,-19.0455714685946,-65.2574231604105,activo,,17,100,2022-02-09,4,3060.0,17.0,24.0,100.0,160.0
2022-02-20,SVM201707000217,PLANETA KIDS,-19.0455714685946,-65.2574231604105,activo,,30,70,2022-02-13,7,5400.0,30.0,30.0,200.0,300.0
2022-02-24,SVM201707000217,PLANETA KIDS,-19.0455714685946,-65.2574231604105,activo,,19,55,2022-02-20,4,3420.0,19.0,12.0,160.0,180.0
2022-03-02,SVM201707000217,PLANETA KIDS,-19.0455714685946,-65.2574231604105,activo,,9,50,2022-02-24,6,1620.0,9.0,24.0,100.0,0.0
2022-02-24,SVM201707000201,HOSPITAL IPTK,-19.0453815849578,-65.2577412201278,inactivo,,26,15,2022-01-27,28,4680.0,26.0,42.0,260.0,120.0
2022-02-09,SWM201707000210,BNB agencia España,-19.0470229262504,-65.2581107204392,inactivo,,7,30,2022-01-31,9,1260.0,7.0,0.0,80.0,60.0
2022-02-02,LE-F303V-LPZ-W-B002,Hospital Jaime Mendoza,-19.0460668264958,-65.2674587641731,inactivo,,20,40,2022-01-30,3,3600.0,20.0,12.0,180.0,180.0
2022-02-04,LE-F303V-LPZ-W-B002,Hospital Jaime Mendoza,-19.0460668264958,-65.2674587641731,inactivo,,25,28,2022-02-02,2,4500.0,25.0,30.0,180.0,220.0
2022-02-07,LE-F303V-LPZ-W-B002,Hospital Jaime Mendoza,-19.0460668264958,-65.2674587641731,inactivo,,25,100,2022-02-04,3,4500.0,25.0,36.0,140.0,240.0
2022-02-11,LE-F303V-LPZ-W-B002,Hospital Jaime Mendoza,-19.0460668264958,-65.2674587641731,inactivo,,32,80,2022-02-07,4,5760.0,32.0,36.0,240.0,280.0
2022-02-15,LE-F303V-LPZ-W-B002,Hospital Jaime Mendoza,-19.0460668264958,-65.2674587641731,inactivo,,15,55,2022-02-11,4,2700.0,15.0,18.0,100.0,140.0
2022-02-20,LE-F303V-LPZ-W-B002,Hospital Jaime Mendoza,-19.0460668264958,-65.2674587641731,inactivo,,43,15,2022-02-15,5,7740.0,43.0,36.0,280.0,460.0
2022-02-24,LE-F303V-LPZ-W-B002,Hospital Jaime Mendoza,-19.0460668264958,-65.2674587641731,inactivo,,47,80,2022-02-20,4,8460.0,47.0,6.0,340.0,580.0
2022-02-27,LE-F303V-LPZ-W-B002,Hospital Jaime Mendoza,-19.0460668264958,-65.2674587641731,inactivo,,24,70,2022-02-24,3,4320.0,24.0,12.0,180.0,260.0
2022-03-06,SWM201707000202,Aeropuerto Alcantari,-19.2465508193052,-65.1511204662652,activo,,58,15,2022-03-01,5,10440.0,58.0,114.0,400.0,380.0
2022-03-09,SWM201707000202,Aeropuerto Alcantari,-19.2465508193052,-65.1511204662652,activo,,39,100,2022-03-06,3,7020.0,39.0,84.0,140.0,360.0
2022-03-11,SWM201707000202,Aeropuerto Alcantari,-19.2465508193052,-65.1511204662652,activo,,35,70,2022-03-09,2,6300.0,35.0,60.0,340.0,160.0
2022-03-15,SWM201707000202,Aeropuerto Alcantari,-19.2465508193052,-65.1511204662652,activo,,51,30,2022-03-11,4,9180.0,51.0,96.0,240.0,460.0
2022-03-18,SWM201707000202,Aeropuerto Alcantari,-19.2465508193052,-65.1511204662652,activo,,17,10,2022-03-15,3,3060.0,17.0,24.0,100.0,160.0
2022-03-20,SWM201707000202,Aeropuerto Alcantari,-19.2465508193052,-65.1511204662652,activo,,20,100,2022-03-18,2,3600.0,20.0,48.0,120.0,120.0
2022-03-25,SWM201707000202,Aeropuerto Alcantari,-19.2465508193052,-65.1511204662652,activo,,49,70,2022-03-20,5,8820.0,49.0,96.0,340.0,320.0
2022-03-30,SWM201707000202,Aeropuerto Alcantari,-19.2465508193052,-65.1511204662652,activo,,56,30,2022-03-25,5,10080.0,56.0,84.0,220.0,620.0
2022-04-03,SWM201707000202,Aeropuerto Alcantari,-19.2465508193052,-65.1511204662652,activo,,48,5,2022-03-30,4,8640.0,48.0,90.0,260.0,400.0
2022-03-04,SVM201707000208,Cristo de las Américas,-19.0450551068471,-65.2687865487641,activo,,7,20,2022-02-27,5,1260.0,7.0,6.0,20.0,100.0
2022-03-07,SVM201707000208,Cristo de las Américas,-19.0450551068471,-65.2687865487641,activo,,12,15,2022-03-04,3,2160.0,12.0,24.0,40.0,120.0
2022-03-10,SVM201707000208,Cristo de las Américas,-19.0450551068471,-65.2687865487641,activo,,11,10,2022-03-07,3,1980.0,11.0,18.0,120.0,40.0
2022-03-15,SVM201707000208,Cristo de las Américas,-19.0450551068471,-65.2687865487641,activo,,12,5,2022-03-10,5,2160.0,12.0,12.0,80.0,120.0
2022-03-19,SVM201707000208,Cristo de las Américas,-19.0450551068471,-65.2687865487641,activo,,8,100,2022-03-15,4,1440.0,8.0,6.0,80.0,60.0
2022-03-28,SVM201707000208,Cristo de las Américas,-19.0450551068471,-65.2687865487641,activo,,41,70,2022-03-19,9,7380.0,41.0,120.0,220.0,200.0
2022-04-03,SVM201707000208,Cristo de las Américas,-19.0450551068471,-65.2687865487641,activo,,51,30,2022-03-28,6,9180.0,51.0,114.0,340.0,300.0
2022-03-04,SVM201707000206,Hospital Gineco Obstetrico,-19.0453076497863,-65.2683837910934,activo,,18,5,2022-01-30,33,3240.0,18.0,6.0,140.0,200.0
2022-03-07,SVM201707000206,Hospital Gineco Obstetrico,-19.0453076497863,-65.2683837910934,activo,,1,100,2022-03-04,3,180.0,1.0,0.0,20.0,0.0
2022-03-10,SVM201707000206,Hospital Gineco Obstetrico,-19.0453076497863,-65.2683837910934,activo,,20,85,2022-03-07,3,3600.0,20.0,18.0,200.0,140.0
2022-03-15,SVM201707000206,Hospital Gineco Obstetrico,-19.0453076497863,-65.2683837910934,activo,,26,65,2022-03-10,5,4680.0,26.0,24.0,260.0,180.0
2022-03-19,SVM201707000206,Hospital Gineco Obstetrico,-19.0453076497863,-65.2683837910934,activo,,16,50,2022-03-15,4,2880.0,16.0,36.0,120.0,80.0
2022-03-28,SVM201707000206,Hospital Gineco Obstetrico,-19.0453076497863,-65.2683837910934,activo,,35,20,2022-03-19,9,6300.0,35.0,60.0,220.0,280.0
2022-04-03,SVM201707000206,Hospital Gineco Obstetrico,-19.0453076497863,-65.2683837910934,activo,,18,5,2022-03-28,6,3240.0,18.0,12.0,140.0,180.0
2022-03-06,SVM201707000217,PLANETA KIDS,-19.0455714685946,-65.2574231604105,activo,,12,40,2022-03-02,4,2160.0,12.0,0.0,140.0,100.0
2022-03-15,SVM201707000217,PLANETA KIDS,-19.0455714685946,-65.2574231604105,activo,,53,100,2022-03-06,9,9540.0,53.0,66.0,440.0,400.0
2022-03-20,SVM201707000217,PLANETA KIDS,-19.0455714685946,-65.2574231604105,activo,,29,80,2022-03-15,5,5220.0,29.0,54.0,220.0,180.0
2022-03-25,SVM201707000217,PLANETA KIDS,-19.0455714685946,-65.2574231604105,activo,,11,70,2022-03-20,5,1980.0,11.0,6.0,80.0,120.0
2022-03-28,SVM201707000217,PLANETA KIDS,-19.0455714685946,-65.2574231604105,activo,,16,60,2022-03-25,3,2880.0,16.0,18.0,100.0,160.0
2022-04-03,SVM201707000217,PLANETA KIDS,-19.0455714685946,-65.2574231604105,activo,,19,50,2022-03-28,6,3420.0,19.0,30.0,180.0,100.0
2022-03-15,SVM201707000201,HOSPITAL IPTK,-19.0453815849578,-65.2577412201278,inactivo,,13,5,2022-02-24,19,2340.0,13.0,18.0,80.0,120.0
2022-03-25,SVM201707000201,HOSPITAL IPTK,-19.0453815849578,-65.2577412201278,inactivo,,12,100,2022-03-15,10,2160.0,12.0,6.0,220.0,0.0
2022-03-28,SVM201707000201,HOSPITAL IPTK,-19.0453815849578,-65.2577412201278,inactivo,,7,90,2022-03-25,3,1260.0,7.0,12.0,60.0,40.0
2022-03-21,SWM201707000210,BNB agencia España,-19.0470229262504,-65.2581107204392,inactivo,,14,20,2022-02-09,40,2520.0,14.0,60.0,20.0,60.0
2022-03-04,LE-F303V-LPZ-W-B002,Hospital Jaime Mendoza,-19.0460668264958,-65.2674587641731,inactivo,,40,30,2022-02-27,5,7200.0,40.0,36.0,420.0,260.0
2022-03-07,LE-F303V-LPZ-W-B002,Hospital Jaime Mendoza,-19.0460668264958,-65.2674587641731,inactivo,,22,10,2022-03-04,3,3960.0,22.0,6.0,320.0,100.0
2022-03-10,LE-F303V-LPZ-W-B002,Hospital Jaime Mendoza,-19.0460668264958,-65.2674587641731,inactivo,,30,85,2022-03-07,3,5400.0,30.0,18.0,280.0,260.0
2022-03-15,LE-F303V-LPZ-W-B002,Hospital Jaime Mendoza,-19.0460668264958,-65.2674587641731,inactivo,,54,45,2022-03-10,5,9720.0,54.0,30.0,380.0,600.0
2022-03-19,LE-F303V-LPZ-W-B002,Hospital Jaime Mendoza,-19.0460668264958,-65.2674587641731,inactivo,,47,100,2022-03-15,4,8460.0,47.0,60.0,360.0,380.0
2022-03-23,LE-F303V-LPZ-W-B002,Hospital Jaime Mendoza,-19.0460668264958,-65.2674587641731,inactivo,,47,60,2022-03-19,4,8460.0,47.0,30.0,460.0,380.0
2022-03-28,LE-F303V-LPZ-W-B002,Hospital Jaime Mendoza,-19.0460668264958,-65.2674587641731,inactivo,,31,40,2022-03-23,5,5580.0,31.0,42.0,160.0,320.0
2022-04-03,LE-F303V-LPZ-W-B002,Hospital Jaime Mendoza,-19.0460668264958,-65.2674587641731,inactivo,,45,100,2022-03-28,6,8100.0,45.0,54.0,260.0,460.0
2022-04-05,LE-F303V-LPZ-W-B002,Hospital Jaime Mendoza,-19.0460668264958,-65.2674587641731,inactivo,,20,80,2022-04-03,2,3600.0,20.0,18.0,180.0,160.0
2022-04-09,SWM201707000202,Aeropuerto Alcantari,-19.2465508193052,-65.1511204662652,activo,,50,80,2022-04-03,6,9000.0,50.0,96.0,160.0,520.0
2022-04-14,SWM201707000202,Aeropuerto Alcantari,-19.2465508193052,-65.1511204662652,activo,,56,35,2022-04-09,5,10080.0,56.0,72.0,360.0,520.0
2022-04-15,SWM201707000202,Aeropuerto Alcantari,-19.2465508193052,-65.1511204662652,activo,,19,15,2022-04-14,1,3420.0,19.0,48.0,140.0,80.0
2022-04-18,SWM201707000202,Aeropuerto Alcantari,-19.2465508193052,-65.1511204662652,activo,,39,5,2022-04-15,3,7020.0,39.0,30.0,300.0,380.0
2022-04-20,SWM201707000202,Aeropuerto Alcantari,-19.2465508193052,-65.1511204662652,activo,,15,100,2022-04-18,2,2700.0,15.0,6.0,80.0,200.0
2022-04-27,SWM201707000202,Aeropuerto Alcantari,-19.2465508193052,-65.1511204662652,activo,,52,80,2022-04-20,7,9360.0,52.0,72.0,380.0,420.0
2022-05-03,SWM201707000202,Aeropuerto Alcantari,-19.2465508193052,-65.1511204662652,activo,,59,30,2022-04-27,6,10620.0,59.0,126.0,360.0,400.0
2022-05-08,SWM201707000202,Aeropuerto Alcantari,-19.2465508193052,-65.1511204662652,activo,,52,100,2022-05-03,5,9360.0,52.0,144.0,220.0,340.0
2022-04-09,SVM201707000208,Cristo de las Américas,-19.0450551068471,-65.2687865487641,activo,,39,5,2022-04-03,6,7020.0,39.0,66.0,280.0,280.0
2022-04-16,SVM201707000208,Cristo de las Américas,-19.0450551068471,-65.2687865487641,activo,,35,95,2022-04-09,7,6300.0,35.0,72.0,280.0,180.0
2022-04-23,SVM201707000208,Cristo de las Américas,-19.0450551068471,-65.2687865487641,activo,,30,55,2022-04-16,7,5400.0,30.0,18.0,340.0,200.0
2022-04-28,SVM201707000208,Cristo de las Américas,-19.0450551068471,-65.2687865487641,activo,,38,40,2022-04-23,5,6840.0,38.0,54.0,180.0,400.0
2022-04-09,SVM201707000206,Hospital Gineco Obstetrico,-19.0453076497863,-65.2683837910934,activo,,30,80,2022-04-03,6,5400.0,30.0,66.0,160.0,220.0
2022-04-16,SVM201707000206,Hospital Gineco Obstetrico,-19.0453076497863,-65.2683837910934,activo,,37,50,2022-04-09,7,6660.0,37.0,90.0,220.0,220.0
2022-04-23,SVM201707000206,Hospital Gineco Obstetrico,-19.0453076497863,-65.2683837910934,activo,,22,35,2022-04-16,7,3960.0,22.0,60.0,140.0,100.0
2022-04-28,SVM201707000206,Hospital Gineco Obstetrico,-19.0453076497863,-65.2683837910934,activo,,14,25,2022-04-23,5,2520.0,14.0,24.0,140.0,60.0
2022-04-09,SVM201707000217,PLANETA KIDS,-19.0455714685946,-65.2574231604105,activo,,39,20,2022-04-03,6,7020.0,39.0,78.0,200.0,320.0
2022-04-16,SVM201707000217,PLANETA KIDS,-19.0455714685946,-65.2574231604105,activo,,56,85,2022-04-09,7,10080.0,56.0,72.0,440.0,440.0
2022-04-27,SVM201707000217,PLANETA KIDS,-19.0455714685946,-65.2574231604105,activo,,44,45,2022-04-16,11,7920.0,44.0,24.0,460.0,340.0
2022-05-02,SVM201707000217,PLANETA KIDS,-19.0455714685946,-65.2574231604105,activo,,25,25,2022-04-27,5,4500.0,25.0,18.0,260.0,180.0
2022-04-09,SVM201707000201,HOSPITAL IPTK,-19.0453815849578,-65.2577412201278,inactivo,,19,80,2022-03-28,12,3420.0,19.0,42.0,200.0,40.0
2022-04-16,SVM201707000201,HOSPITAL IPTK,-19.0453815849578,-65.2577412201278,inactivo,,14,75,2022-04-09,7,2520.0,14.0,18.0,160.0,60.0
2022-04-27,SVM201707000201,HOSPITAL IPTK,-19.0453815849578,-65.2577412201278,inactivo,,25,50,2022-04-16,11,4500.0,25.0,18.0,360.0,80.0
2022-04-09,Landao 01,Hospital Jaime Mendoza,-19.0460668264958,-65.2674587641731,inactivo,,31,20,,,5580.0,31.0,60.0,120.0,300.0
2022-04-14,Landao 01,Hospital Jaime Mendoza,-19.0460668264958,-65.2674587641731,inactivo,,35,75,2022-04-09,5,6300.0,35.0,66.0,180.0,300.0
2022-04-19,Landao 01,Hospital Jaime Mendoza,-19.0460668264958,-65.2674587641731,inactivo,,42,30,2022-04-14,5,7560.0,42.0,108.0,100.0,380.0
2022-04-23,Landao 01,Hospital Jaime Mendoza,-19.0460668264958,-65.2674587641731,inactivo,,30,100,2022-04-19,4,5400.0,30.0,48.0,200.0,240.0
2022-04-28,Landao 01,Hospital Jaime Mendoza,-19.0460668264958,-65.2674587641731,inactivo,,31,55,2022-04-23,5,5580.0,31.0,30.0,120.0,400.0
2022-05-01,Landao 01,Hospital Jaime Mendoza,-19.0460668264958,-65.2674587641731,inactivo,,28,30,2022-04-28,3,5040.0,28.0,72.0,80.0,240.0
2022-05-08,SWM201707000202,Aeropuerto Alcantari,-19.2465508193052,-65.1511204662652,activo,,52,100,2022-05-08,0,9360.0,52.0,144.0,220.0,340.0
2022-05-12,SWM201707000202,Aeropuerto Alcantari,-19.2465508193052,-65.1511204662652,activo,,30,80,2022-05-08,4,5400.0,30.0,60.0,180.0,220.0
2022-05-13,SWM201707000202,Aeropuerto Alcantari,-19.2465508193052,-65.1511204662652,activo,,11,70,2022-05-12,1,1980.0,11.0,18.0,80.0,80.0
2022-05-16,SWM201707000202,Aeropuerto Alcantari,-19.2465508193052,-65.1511204662652,activo,,21,50,2022-05-13,3,3780.0,21.0,54.0,40.0,200.0
2022-05-22,SWM201707000202,Aeropuerto Alcantari,-19.2465508193052,-65.1511204662652,activo,,60,10,2022-05-16,6,10800.0,60.0,120.0,340.0,460.0
2022-05-26,SWM201707000202,Aeropuerto Alcantari,-19.2465508193052,-65.1511204662652,activo,,32,50,2022-05-22,4,5760.0,32.0,72.0,120.0,280.0
2022-05-30,SWM201707000202,Aeropuerto Alcantari,-19.2465508193052,-65.1511204662652,activo,,56,100,2022-05-26,4,10080.0,56.0,96.0,140.0,660.0
2022-05-07,SVM201707000208,Cristo de las Américas,-19.0450551068471,-65.2687865487641,activo,,58,100,2022-04-28,9,10440.0,58.0,66.0,280.0,660.0
2022-05-14,SVM201707000208,Cristo de las Américas,-19.0450551068471,-65.2687865487641,activo,,44,70,2022-05-07,7,7920.0,44.0,78.0,260.0,360.0
2022-05-23,SVM201707000208,Cristo de las Américas,-19.0450551068471,-65.2687865487641,activo,,60,30,2022-05-14,9,10800.0,60.0,60.0,460.0,540.0
2022-05-28,SVM201707000208,Cristo de las Américas,-19.0450551068471,-65.2687865487641,activo,,41,15,2022-05-23,5,7380.0,41.0,48.0,360.0,300.0
2022-05-07,SVM201707000206,Hospital Gineco Obstetrico,-19.0453076497863,-65.2683837910934,activo,,29,100,2022-04-28,9,5220.0,29.0,84.0,160.0,140.0
2022-05-14,SVM201707000206,Hospital Gineco Obstetrico,-19.0453076497863,-65.2683837910934,activo,,19,80,2022-05-07,7,3420.0,19.0,30.0,80.0,200.0
2022-05-23,SVM201707000206,Hospital Gineco Obstetrico,-19.0453076497863,-65.2683837910934,activo,,30,70,2022-05-14,9,5400.0,30.0,72.0,340.0,20.0
2022-05-28,SVM201707000206,Hospital Gineco Obstetrico,-19.0453076497863,-65.2683837910934,activo,,15,50,2022-05-23,5,2700.0,15.0,54.0,60.0,60.0
2022-06-03,SVM201707000206,Hospital Gineco Obstetrico,-19.0453076497863,-65.2683837910934,activo,,14,40,2022-05-28,6,2520.0,14.0,24.0,140.0,60.0
2022-06-11,SVM201707000206,Hospital Gineco Obstetrico,-19.0453076497863,-65.2683837910934,activo,,44,100,2022-06-03,8,7920.0,44.0,84.0,420.0,180.0
2022-05-07,SVM201707000217,PLANETA KIDS,-19.0455714685946,-65.2574231604105,activo,,32,100,2022-05-02,5,5760.0,32.0,60.0,240.0,200.0
2022-05-12,SVM201707000217,PLANETA KIDS,-19.0455714685946,-65.2574231604105,activo,,30,80,2022-05-07,5,5400.0,30.0,42.0,280.0,180.0
2022-05-28,SVM201707000217,PLANETA KIDS,-19.0455714685946,-65.2574231604105,activo,,90,15,2022-05-12,16,16200.0,90.0,96.0,840.0,640.0
2022-05-07,SVM201707000201,HOSPITAL IPTK,-19.0453815849578,-65.2577412201278,inactivo,,22,80,2022-04-27,10,3960.0,22.0,12.0,340.0,60.0
2022-05-14,SVM201707000201,HOSPITAL IPTK,-19.0453815849578,-65.2577412201278,inactivo,,10,30,2022-05-07,7,1800.0,10.0,12.0,100.0,60.0
2022-05-30,SVM201707000201,HOSPITAL IPTK,-19.0453815849578,-65.2577412201278,inactivo,,40,95,2022-05-14,16,7200.0,40.0,48.0,520.0,120.0
2022-05-05,Landao 01,Hospital Jaime Mendoza,-19.0460668264958,-65.2674587641731,inactivo,,30,100,2022-05-01,4,5400.0,30.0,48.0,60.0,380.0
2022-05-07,Landao 01,Hospital Jaime Mendoza,-19.0460668264958,-65.2674587641731,inactivo,,27,65,2022-05-05,2,4860.0,27.0,30.0,60.0,380.0
2022-05-10,Landao 01,Hospital Jaime Mendoza,-19.0460668264958,-65.2674587641731,inactivo,,40,15,2022-05-07,3,7200.0,40.0,36.0,100.0,580.0
2022-05-12,Landao 01,Hospital Jaime Mendoza,-19.0460668264958,-65.2674587641731,inactivo,,34,0,2022-05-10,2,6120.0,34.0,30.0,100.0,480.0
2022-05-14,Landao 01,Hospital Jaime Mendoza,-19.0460668264958,-65.2674587641731,inactivo,,15,90,2022-05-12,2,2700.0,15.0,6.0,20.0,260.0
2022-05-18,Landao 01,Hospital Jaime Mendoza,-19.0460668264958,-65.2674587641731,inactivo,,49,40,2022-05-14,4,8820.0,49.0,90.0,140.0,540.0
2022-05-22,Landao 01,Hospital Jaime Mendoza,-19.0460668264958,-65.2674587641731,inactivo,,39,95,2022-05-18,4,7020.0,39.0,72.0,100.0,440.0
2022-05-25,Landao 01,Hospital Jaime Mendoza,-19.0460668264958,-65.2674587641731,inactivo,,42,50,2022-05-22,3,7560.0,42.0,24.0,80.0,680.0
2022-05-28,Landao 01,Hospital Jaime Mendoza,-19.0460668264958,-65.2674587641731,inactivo,,37,5,2022-05-25,3,6660.0,37.0,84.0,120.0,340.0
2022-05-30,Landao 01,Hospital Jaime Mendoza,-19.0460668264958,-65.2674587641731,inactivo,,12,100,2022-05-28,2,2160.0,12.0,0.0,40.0,200.0
2022-06-03,SWM201707000202,Aeropuerto Alcantari,-19.2465508193052,-65.1511204662652,activo,,51,80,2022-05-30,4,9180.0,51.0,90.0,220.0,500.0
2022-06-08,SWM201707000202,Aeropuerto Alcantari,-19.2465508193052,-65.1511204662652,activo,,48,30,2022-06-03,5,8640.0,48.0,96.0,240.0,400.0
2022-06-13,SWM201707000202,Aeropuerto Alcantari,-19.2465508193052,-65.1511204662652,activo,,57,100,2022-06-08,5,10260.0,57.0,138.0,400.0,280.0
2022-06-18,SWM201707000202,Aeropuerto Alcantari,-19.2465508193052,-65.1511204662652,activo,,51,60,2022-06-13,5,9180.0,51.0,102.0,340.0,340.0
2022-06-21,SWM201707000202,Aeropuerto Alcantari,-19.2465508193052,-65.1511204662652,activo,,33,35,2022-06-18,3,5940.0,33.0,54.0,180.0,300.0
2022-06-28,SWM201707000202,Aeropuerto Alcantari,-19.2465508193052,-65.1511204662652,activo,,59,100,2022-06-21,7,10620.0,59.0,108.0,320.0,500.0
2022-06-03,SVM201707000208,Cristo de las Américas,-19.0450551068471,-65.2687865487641,activo,,51,80,2022-05-28,6,9180.0,51.0,72.0,320.0,460.0
2022-06-11,SVM201707000208,Cristo de las Américas,-19.0450551068471,-65.2687865487641,activo,,29,55,2022-06-03,8,5220.0,29.0,48.0,180.0,240.0
2022-06-19,SVM201707000208,Cristo de las Américas,-19.0450551068471,-65.2687865487641,activo,,53,30,2022-06-11,8,9540.0,53.0,96.0,360.0,380.0
2022-06-27,SVM201707000208,Cristo de las Américas,-19.0450551068471,-65.2687865487641,activo,,50,90,2022-06-19,8,9000.0,50.0,42.0,440.0,420.0
2022-06-03,SVM201707000206,Hospital Gineco Obstetrico,-19.0453076497863,-65.2683837910934,activo,,14,40,2022-06-03,0,2520.0,14.0,24.0,140.0,60.0
2022-06-11,SVM201707000206,Hospital Gineco Obstetrico,-19.0453076497863,-65.2683837910934,activo,,44,100,2022-06-11,0,7920.0,44.0,84.0,420.0,180.0
2022-06-19,SVM201707000206,Hospital Gineco Obstetrico,-19.0453076497863,-65.2683837910934,activo,,32,85,2022-06-11,8,5760.0,32.0,72.0,300.0,100.0
2022-06-27,SVM201707000206,Hospital Gineco Obstetrico,-19.0453076497863,-65.2683837910934,activo,,16,75,2022-06-19,8,2880.0,16.0,48.0,80.0,80.0
2022-06-08,SVM201707000217,PLANETA KIDS,-19.0455714685946,-65.2574231604105,activo,,41,90,2022-05-28,11,7380.0,41.0,66.0,240.0,360.0
2022-06-19,SVM201707000217,PLANETA KIDS,-19.0455714685946,-65.2574231604105,activo,,57,45,2022-06-08,11,10260.0,57.0,96.0,460.0,360.0
2022-06-24,SVM201707000217,PLANETA KIDS,-19.0455714685946,-65.2574231604105,activo,,29,30,2022-06-19,5,5220.0,29.0,12.0,320.0,220.0
2022-06-13,SVM201707000201,HOSPITAL IPTK,-19.0453815849578,-65.2577412201278,inactivo,,38,60,2022-05-30,14,6840.0,38.0,66.0,440.0,100.0
2022-06-19,SVM201707000201,HOSPITAL IPTK,-19.0453815849578,-65.2577412201278,inactivo,,23,45,2022-06-13,6,4140.0,23.0,36.0,220.0,120.0
2022-06-24,SVM201707000201,HOSPITAL IPTK,-19.0453815849578,-65.2577412201278,inactivo,,16,40,2022-06-19,5,2880.0,16.0,6.0,200.0,100.0
2022-06-28,SVM201707000201,HOSPITAL IPTK,-19.0453815849578,-65.2577412201278,inactivo,,4,35,2022-06-24,4,720.0,4.0,6.0,60.0,0.0
2022-06-03,Landao 01,Hospital Jaime Mendoza,-19.0460668264958,-65.2674587641731,inactivo,,37,60,2022-05-30,4,6660.0,37.0,48.0,80.0,500.0
2022-06-07,Landao 01,Hospital Jaime Mendoza,-19.0460668264958,-65.2674587641731,inactivo,,24,25,2022-06-03,4,4320.0,24.0,36.0,60.0,300.0
2022-06-11,Landao 01,Hospital Jaime Mendoza,-19.0460668264958,-65.2674587641731,inactivo,,26,100,2022-06-07,4,4680.0,26.0,66.0,100.0,200.0
2022-06-15,Landao 01,Hospital Jaime Mendoza,-19.0460668264958,-65.2674587641731,inactivo,,47,45,2022-06-11,4,8460.0,47.0,84.0,260.0,400.0
2022-06-19,Landao 01,Hospital Jaime Mendoza,-19.0460668264958,-65.2674587641731,inactivo,,34,5,2022-06-15,4,6120.0,34.0,54.0,180.0,320.0
2022-06-21,Landao 01,Hospital Jaime Mendoza,-19.0460668264958,-65.2674587641731,inactivo,,14,98,2022-06-19,2,2520.0,14.0,30.0,0.0,180.0
2022-06-24,Landao 01,Hospital Jaime Mendoza,-19.0460668264958,-65.2674587641731,inactivo,,27,75,2022-06-21,3,4860.0,27.0,72.0,20.0,280.0
2022-06-27,Landao 01,Hospital Jaime Mendoza,-19.0460668264958,-65.2674587641731,inactivo,,33,40,2022-06-24,3,5940.0,33.0,54.0,100.0,380.0
2022-06-30,Landao 01,Hospital Jaime Mendoza,-19.0460668264958,-65.2674587641731,inactivo,,29,95,2022-06-27,3,5220.0,29.0,24.0,80.0,420.0
2022-06-16,Landao 02,Terminal de Buses Sucre,-19.0390010960377,-65.2469812394272,inactivo,,21,70,,,3780.0,21.0,72.0,40.0,140.0
2022-06-19,Landao 02,Terminal de Buses Sucre,-19.0390010960377,-65.2469812394272,inactivo,,25,40,2022-06-16,3,4500.0,25.0,72.0,80.0,180.0
2022-06-21,Landao 02,Terminal de Buses Sucre,-19.0390010960377,-65.2469812394272,inactivo,,16,15,2022-06-19,2,2880.0,16.0,48.0,0.0,160.0
2022-06-24,Landao 02,Terminal de Buses Sucre,-19.0390010960377,-65.2469812394272,inactivo,,10,5,2022-06-21,3,1800.0,10.0,18.0,40.0,100.0
2022-06-30,Landao 02,Terminal de Buses Sucre,-19.0390010960377,-65.2469812394272,inactivo,,25,90,2022-06-24,6,4500.0,25.0,48.0,100.0,240.0
2022-07-06,SWM201707000202,Aeropuerto Alcantari,-19.2465508193052,-65.1511204662652,activo,,44,70,2022-06-28,8,7920.0,44.0,72.0,340.0,300.0
2022-07-11,SWM201707000202,Aeropuerto Alcantari,-19.2465508193052,-65.1511204662652,activo,,60,20,2022-07-06,5,10800.0,60.0,84.0,340.0,580.0
2022-07-14,SWM201707000202,Aeropuerto Alcantari,-19.2465508193052,-65.1511204662652,activo,,25,50,2022-07-11,3,4500.0,25.0,42.0,60.0,300.0
2022-07-18,SWM201707000202,Aeropuerto Alcantari,-19.2465508193052,-65.1511204662652,activo,,66,5,2022-07-14,4,11880.0,66.0,138.0,420.0,440.0
2022-07-21,SWM201707000202,Aeropuerto Alcantari,-19.2465508193052,-65.1511204662652,activo,,36,65,2022-07-18,3,6480.0,36.0,66.0,340.0,160.0
2022-07-25,SWM201707000202,Aeropuerto Alcantari,-19.2465508193052,-65.1511204662652,activo,,42,100,2022-07-21,4,7560.0,42.0,84.0,280.0,280.0
2022-07-28,SWM201707000202,Aeropuerto Alcantari,-19.2465508193052,-65.1511204662652,activo,,30,80,2022-07-25,3,5400.0,30.0,84.0,80.0,240.0
2022-07-11,SVM201707000208,Cristo de las Américas,-19.0450551068471,-65.2687865487641,activo,,43,55,2022-06-27,14,7740.0,43.0,42.0,260.0,460.0
2022-07-19,SVM201707000208,Cristo de las Américas,-19.0450551068471,-65.2687865487641,activo,,42,15,2022-07-11,8,7560.0,42.0,84.0,360.0,200.0
2022-07-26,SVM201707000208,Cristo de las Américas,-19.0450551068471,-65.2687865487641,activo,,44,100,2022-07-19,7,7920.0,44.0,54.0,340.0,360.0
2022-07-11,SVM201707000206,Hospital Gineco Obstetrico,-19.0453076497863,-65.2683837910934,activo,,54,20,2022-06-27,14,9720.0,54.0,60.0,360.0,520.0
2022-07-19,SVM201707000206,Hospital Gineco Obstetrico,-19.0453076497863,-65.2683837910934,activo,,27,98,2022-07-11,8,4860.0,27.0,36.0,260.0,160.0
2022-07-26,SVM201707000206,Hospital Gineco Obstetrico,-19.0453076497863,-65.2683837910934,activo,,18,80,2022-07-19,7,3240.0,18.0,42.0,100.0,120.0
2022-07-04,SVM201707000217,PLANETA KIDS,-19.0455714685946,-65.2574231604105,activo,,42,0,2022-06-24,10,7560.0,42.0,48.0,400.0,280.0
2022-07-15,SVM201707000217,PLANETA KIDS,-19.0455714685946,-65.2574231604105,activo,,63,55,2022-07-04,11,11340.0,63.0,54.0,740.0,340.0
2022-07-22,SVM201707000217,PLANETA KIDS,-19.0455714685946,-65.2574231604105,activo,,41,30,2022-07-15,7,7380.0,41.0,48.0,400.0,260.0
2022-07-31,SVM201707000217,PLANETA KIDS,-19.0455714685946,-65.2574231604105,activo,,47,90,2022-07-22,9,8460.0,47.0,60.0,300.0,440.0
2022-07-22,SVM201707000201,HOSPITAL IPTK,-19.0453815849578,-65.2577412201278,inactivo,,47,0,2022-06-28,24,8460.0,47.0,84.0,520.0,140.0
2022-07-31,SVM201707000201,HOSPITAL IPTK,-19.0453815849578,-65.2577412201278,inactivo,,21,80,2022-07-22,9,3780.0,21.0,36.0,180.0,120.0
2022-07-18,SWM201707000210,Hospital Jaime Mendoza,-19.0460668264958,-65.2674587641731,inactivo,,64,60,2022-03-21,119,11520.0,64.0,96.0,460.0,500.0
2022-07-21,SWM201707000210,Hospital Jaime Mendoza,-19.0460668264958,-65.2674587641731,inactivo,,32,30,2022-07-18,3,5760.0,32.0,48.0,160.0,320.0
2022-07-26,SWM201707000210,Hospital Jaime Mendoza,-19.0460668264958,-65.2674587641731,inactivo,,54,95,2022-07-21,5,9720.0,54.0,66.0,520.0,340.0
2022-07-30,SWM201707000210,Hospital Jaime Mendoza,-19.0460668264958,-65.2674587641731,inactivo,,60,45,2022-07-26,4,10800.0,60.0,108.0,300.0,540.0
2022-07-04,Landao 01,Hospital Jaime Mendoza,-19.0460668264958,-65.2674587641731,inactivo,,21,80,2022-06-30,4,3780.0,21.0,24.0,80.0,260.0
2022-07-11,Landao 01,Hospital Jaime Mendoza,-19.0460668264958,-65.2674587641731,inactivo,,33,30,2022-07-04,7,5940.0,33.0,72.0,120.0,300.0
2022-07-02,Landao 02,Terminal de Buses Sucre,-19.0390010960377,-65.2469812394272,inactivo,,6,,2022-06-30,2,1080.0,6.0,12.0,0.0,80.0
2022-07-05,Landao 02,Terminal de Buses Sucre,-19.0390010960377,-65.2469812394272,inactivo,,29,40,2022-07-02,3,5220.0,29.0,96.0,40.0,220.0
2022-07-08,Landao 02,Terminal de Buses Sucre,-19.0390010960377,-65.2469812394272,inactivo,,32,5,2022-07-05,3,5760.0,32.0,66.0,120.0,300.0
2022-07-10,Landao 02,Terminal de Buses Sucre,-19.0390010960377,-65.2469812394272,inactivo,,19,90,2022-07-08,2,3420.0,19.0,48.0,40.0,180.0
2022-07-14,Landao 02,Terminal de Buses Sucre,-19.0390010960377,-65.2469812394272,inactivo,,26,50,2022-07-10,4,4680.0,26.0,72.0,40.0,240.0
2022-07-18,Landao 02,Terminal de Buses Sucre,-19.0390010960377,-65.2469812394272,inactivo,,29,2,2022-07-14,4,5220.0,29.0,90.0,100.0,180.0
2022-07-21,Landao 02,Terminal de Buses Sucre,-19.0390010960377,-65.2469812394272,inactivo,,16,90,2022-07-18,3,2880.0,16.0,42.0,0.0,180.0
2022-07-26,Landao 02,Terminal de Buses Sucre,-19.0390010960377,-65.2469812394272,inactivo,,27,50,2022-07-21,5,4860.0,27.0,54.0,80.0,280.0
2022-07-31,Landao 02,Terminal de Buses Sucre,-19.0390010960377,-65.2469812394272,inactivo,,24,25,2022-07-26,5,4320.0,24.0,84.0,120.0,80.0
2022-08-03,SWM201707000202,Aeropuerto Alcantari,-19.2465508193052,-65.1511204662652,activo,,53,40,2022-07-28,6,9540.0,53.0,114.0,220.0,460.0
2022-08-09,SWM201707000202,Aeropuerto Alcantari,-19.2465508193052,-65.1511204662652,activo,,69,50,2022-08-03,6,12420.0,69.0,132.0,220.0,720.0
2022-08-13,SWM201707000202,Aeropuerto Alcantari,-19.2465508193052,-65.1511204662652,activo,,33,25,2022-08-09,4,5940.0,33.0,42.0,180.0,340.0
2022-08-17,SWM201707000202,Aeropuerto Alcantari,-19.2465508193052,-65.1511204662652,activo,,51,45,2022-08-13,4,9180.0,51.0,42.0,280.0,600.0
2022-08-22,SWM201707000202,Aeropuerto Alcantari,-19.2465508193052,-65.1511204662652,activo,,46,100,2022-08-17,5,8280.0,46.0,84.0,220.0,420.0
2022-08-27,SWM201707000202,Aeropuerto Alcantari,-19.2465508193052,-65.1511204662652,activo,,57,60,2022-08-22,5,10260.0,57.0,90.0,380.0,460.0
2022-08-31,SWM201707000202,Aeropuerto Alcantari,-19.2465508193052,-65.1511204662652,activo,,49,25,2022-08-27,4,8820.0,49.0,90.0,220.0,460.0
2022-08-04,SVM201707000208,Cristo de las Américas,-19.0450551068471,-65.2687865487641,activo,,32,80,2022-07-26,9,5760.0,32.0,90.0,200.0,140.0
2022-08-12,SVM201707000208,Cristo de las Américas,-19.0450551068471,-65.2687865487641,activo,,28,55,2022-08-04,8,5040.0,28.0,36.0,160.0,280.0
2022-08-21,SVM201707000208,Cristo de las Américas,-19.0450551068471,-65.2687865487641,activo,,51,15,2022-08-12,9,9180.0,51.0,84.0,340.0,400.0
2022-08-27,SVM201707000208,Cristo de las Américas,-19.0450551068471,-65.2687865487641,activo,,23,0,2022-08-21,6,4140.0,23.0,36.0,220.0,120.0
2022-09-02,SVM201707000208,Cristo de las Américas,-19.0450551068471,-65.2687865487641,activo,,18,95,2022-08-27,6,3240.0,18.0,36.0,180.0,60.0
2022-08-04,SVM201707000206,Hospital Gineco Obstetrico,-19.0453076497863,-65.2683837910934,activo,,29,60,2022-07-26,9,5220.0,29.0,60.0,180.0,200.0
2022-08-12,SVM201707000206,Hospital Gineco Obstetrico,-19.0453076497863,-65.2683837910934,activo,,39,20,2022-08-04,8,7020.0,39.0,102.0,180.0,260.0
2022-08-21,SVM201707000206,Hospital Gineco Obstetrico,-19.0453076497863,-65.2683837910934,activo,,31,100,2022-08-12,9,5580.0,31.0,54.0,160.0,280.0
2022-08-27,SVM201707000206,Hospital Gineco Obstetrico,-19.0453076497863,-65.2683837910934,activo,,35,70,2022-08-21,6,6300.0,35.0,84.0,180.0,240.0
2022-09-02,SVM201707000206,Hospital Gineco Obstetrico,-19.0453076497863,-65.2683837910934,activo,,34,50,2022-08-27,6,6120.0,34.0,60.0,200.0,280.0
2022-08-04,SVM201707000217,PLANETA KIDS,-19.0455714685946,-65.2574231604105,activo,,14,80,2022-07-31,4,2520.0,14.0,30.0,60.0,120.0
2022-08-12,SVM201707000217,PLANETA KIDS,-19.0455714685946,-65.2574231604105,activo,,36,50,2022-08-04,8,6480.0,36.0,66.0,200.0,300.0
2022-08-21,SVM201707000217,PLANETA KIDS,-19.0455714685946,-65.2574231604105,activo,,48,15,2022-08-12,9,8640.0,48.0,30.0,480.0,380.0
2022-08-27,SVM201707000217,PLANETA KIDS,-19.0455714685946,-65.2574231604105,activo,,27,95,2022-08-21,6,4860.0,27.0,42.0,240.0,160.0
2022-09-05,SVM201707000217,PLANETA KIDS,-19.0455714685946,-65.2574231604105,activo,,38,70,2022-08-27,9,6840.0,38.0,36.0,340.0,300.0
2022-08-12,SVM201707000201,HOSPITAL IPTK,-19.0453815849578,-65.2577412201278,inactivo,,25,60,2022-07-31,12,4500.0,25.0,24.0,300.0,120.0
2022-08-21,SVM201707000201,HOSPITAL IPTK,-19.0453815849578,-65.2577412201278,inactivo,,21,50,2022-08-12,9,3780.0,21.0,0.0,300.0,120.0
2022-08-27,SVM201707000201,HOSPITAL IPTK,-19.0453815849578,-65.2577412201278,inactivo,,10,30,2022-08-21,6,1800.0,10.0,12.0,120.0,40.0
2022-09-05,SVM201707000201,HOSPITAL IPTK,-19.0453815849578,-65.2577412201278,inactivo,,12,95,2022-08-27,9,2160.0,12.0,18.0,120.0,60.0
2022-08-03,SWM201707000210,Hospital Jaime Mendoza,-19.0460668264958,-65.2674587641731,inactivo,,23,25,2022-07-30,4,4140.0,23.0,42.0,80.0,240.0
2022-08-09,SWM201707000210,Hospital Jaime Mendoza,-19.0460668264958,-65.2674587641731,inactivo,,51,100,2022-08-03,6,9180.0,51.0,78.0,260.0,500.0
2022-08-12,SWM201707000210,Hospital Jaime Mendoza,-19.0460668264958,-65.2674587641731,inactivo,,38,60,2022-08-09,3,6840.0,38.0,54.0,320.0,260.0
2022-08-18,SWM201707000210,Hospital Jaime Mendoza,-19.0460668264958,-65.2674587641731,inactivo,,49,10,2022-08-12,6,8820.0,49.0,72.0,440.0,300.0
2022-08-24,SWM201707000210,Hospital Jaime Mendoza,-19.0460668264958,-65.2674587641731,inactivo,,62,70,2022-08-18,6,11160.0,62.0,102.0,480.0,420.0
2022-08-27,SWM201707000210,Hospital Jaime Mendoza,-19.0460668264958,-65.2674587641731,inactivo,,28,45,2022-08-24,3,5040.0,28.0,60.0,220.0,140.0
2022-09-02,SWM201707000210,Hospital Jaime Mendoza,-19.0460668264958,-65.2674587641731,inactivo,,62,100,2022-08-27,6,11160.0,62.0,66.0,400.0,620.0
2022-08-08,Landao 02,Terminal de Buses Sucre,-19.0390010960377,-65.2469812394272,inactivo,,27,75,2022-07-31,8,4860.0,27.0,48.0,100.0,280.0
2022-08-14,Landao 02,Terminal de Buses Sucre,-19.0390010960377,-65.2469812394272,inactivo,,15,50,2022-08-08,6,2700.0,15.0,30.0,80.0,120.0
2022-08-21,Landao 02,Terminal de Buses Sucre,-19.0390010960377,-65.2469812394272,inactivo,,28,15,2022-08-14,7,5040.0,28.0,96.0,80.0,160.0
2022-08-28,Landao 02,Terminal de Buses Sucre,-19.0390010960377,-65.2469812394272,inactivo,,17,0,2022-08-21,7,3060.0,17.0,66.0,40.0,80.0
2022-09-03,SWM201707000202,Aeropuerto Alcantari,-19.2465508193052,-65.1511204662652,activo,,30,100,2022-08-31,3,5400.0,30.0,36.0,180.0,300.0
2022-09-05,SWM201707000202,Aeropuerto Alcantari,-19.2465508193052,-65.1511204662652,activo,,12,95,2022-09-03,2,2160.0,12.0,30.0,40.0,100.0
2022-09-10,SWM201707000202,Aeropuerto Alcantari,-19.2465508193052,-65.1511204662652,activo,,34,70,2022-09-05,5,6120.0,34.0,60.0,160.0,320.0
2022-09-14,SWM201707000202,Aeropuerto Alcantari,-19.2465508193052,-65.1511204662652,activo,,54,30,2022-09-10,4,9720.0,54.0,120.0,180.0,500.0
2022-09-18,SWM201707000202,Aeropuerto Alcantari,-19.2465508193052,-65.1511204662652,activo,,49,100,2022-09-14,4,8820.0,49.0,96.0,300.0,360.0
2022-09-22,SWM201707000202,Aeropuerto Alcantari,-19.2465508193052,-65.1511204662652,activo,,50,75,2022-09-18,4,9000.0,50.0,90.0,200.0,500.0
2022-09-27,SWM201707000202,Aeropuerto Alcantari,-19.2465508193052,-65.1511204662652,activo,,58,30,2022-09-22,5,10440.0,58.0,66.0,240.0,700.0
2022-10-01,SWM201707000202,Aeropuerto Alcantari,-19.2465508193052,-65.1511204662652,activo,,41,100,2022-09-27,4,7380.0,41.0,132.0,220.0,160.0
2022-09-08,SVM201707000208,Cristo de las Américas,-19.0450551068471,-65.2687865487641,activo,,19,80,2022-09-02,6,3420.0,19.0,42.0,140.0,100.0
2022-09-17,SVM201707000208,Cristo de las Américas,-19.0450551068471,-65.2687865487641,activo,,39,50,2022-09-08,9,7020.0,39.0,18.0,340.0,380.0
2022-09-24,SVM201707000208,Cristo de las Américas,-19.0450551068471,-65.2687865487641,activo,,36,25,2022-09-17,7,6480.0,36.0,72.0,240.0,240.0
2022-09-30,SVM201707000208,Cristo de las Américas,-19.0450551068471,-65.2687865487641,activo,,36,100,2022-09-24,6,6480.0,36.0,48.0,300.0,260.0
2022-09-08,SVM201707000206,Hospital Gineco Obstetrico,-19.0453076497863,-65.2683837910934,activo,,26,20,2022-09-02,6,4680.0,26.0,78.0,80.0,180.0
2022-09-17,SVM201707000206,Hospital Gineco Obstetrico,-19.0453076497863,-65.2683837910934,activo,,46,100,2022-09-08,9,8280.0,46.0,78.0,380.0,280.0
2022-09-24,SVM201707000206,Hospital Gineco Obstetrico,-19.0453076497863,-65.2683837910934,activo,,31,80,2022-09-17,7,5580.0,31.0,42.0,140.0,340.0
2022-09-30,SVM201707000206,Hospital Gineco Obstetrico,-19.0453076497863,-65.2683837910934,activo,,29,65,2022-09-24,6,5220.0,29.0,78.0,140.0,180.0
2022-09-11,SVM201707000217,PLANETA KIDS,-19.0455714685946,-65.2574231604105,activo,,31,40,2022-09-05,6,5580.0,31.0,60.0,240.0,180.0
2022-09-22,SVM201707000217,PLANETA KIDS,-19.0455714685946,-65.2574231604105,activo,,51,5,2022-09-11,11,9180.0,51.0,84.0,400.0,340.0
2022-09-25,SVM201707000217,PLANETA KIDS,-19.0455714685946,-65.2574231604105,activo,,17,25,2022-09-22,3,3060.0,17.0,24.0,100.0,160.0
2022-09-30,SVM201707000217,PLANETA KIDS,-19.0455714685946,-65.2574231604105,activo,,17,15,2022-09-25,5,3060.0,17.0,48.0,40.0,140.0
2022-09-24,SVM201707000201,HOSPITAL IPTK,-19.0453815849578,-65.2577412201278,inactivo,,31,60,2022-09-21,3,5580.0,31.0,36.0,280.0,220.0
2022-09-29,SVM201707000201,HOSPITAL IPTK,-19.0453815849578,-65.2577412201278,inactivo,,36,30,2022-09-24,5,6480.0,36.0,42.0,300.0,280.0
2022-09-21,SVM201707000201,HOSPITAL IPTK,-19.0453815849578,-65.2577412201278,inactivo,,27,80,2022-09-05,16,4860.0,27.0,24.0,240.0,220.0
2022-09-07,SWM201707000210,Hospital Jaime Mendoza,-19.0460668264958,-65.2674587641731,inactivo,,61,50,2022-09-02,5,10980.0,61.0,78.0,560.0,400.0
2022-09-12,SWM201707000210,Hospital Jaime Mendoza,-19.0460668264958,-65.2674587641731,inactivo,,58,100,2022-09-07,5,10440.0,58.0,108.0,320.0,480.0
2022-09-17,SWM201707000210,Hospital Jaime Mendoza,-19.0460668264958,-65.2674587641731,inactivo,,61,55,2022-09-12,5,10980.0,61.0,66.0,400.0,600.0
2022-09-24,SWM201707000210,Hospital Jaime Mendoza,-19.0460668264958,-65.2674587641731,inactivo,,71,3,2022-09-17,7,12780.0,71.0,108.0,460.0,600.0
2022-09-29,SWM201707000210,Hospital Jaime Mendoza,-19.0460668264958,-65.2674587641731,inactivo,,39,85,2022-09-24,5,7020.0,39.0,54.0,340.0,260.0
2022-09-28,LE-F303V-SCZ-W-B003,Terminal de Buses Sucre,-19.0390010960377,-65.2469812394272,inactivo,,24,20,,,4320.0,24.0,60.0,160.0,120.0
2022-09-02,Landao 02,Terminal de Buses Sucre,-19.0390010960377,-65.2469812394272,inactivo,,11,95,2022-08-28,5,1980.0,11.0,36.0,0.0,100.0
2022-09-11,Landao 02,Terminal de Buses Sucre,-19.0390010960377,-65.2469812394272,inactivo,,42,50,2022-09-02,9,7560.0,42.0,126.0,180.0,240.0
2022-09-18,Landao 02,Terminal de Buses Sucre,-19.0390010960377,-65.2469812394272,inactivo,,39,10,2022-09-11,7,7020.0,39.0,102.0,180.0,260.0
2022-10-06,SWM201707000202,Aeropuerto Alcantari,-19.2465508193052,-65.1511204662652,activo,,43,80,2022-10-01,5,7740.0,43.0,54.0,220.0,460.0
2022-10-10,SWM201707000202,Aeropuerto Alcantari,-19.2465508193052,-65.1511204662652,activo,,35,50,2022-10-06,4,6300.0,35.0,66.0,220.0,260.0
2022-10-16,SWM201707000202,Aeropuerto Alcantari,-19.2465508193052,-65.1511204662652,activo,,42,15,2022-10-10,6,7560.0,42.0,102.0,200.0,300.0
2022-10-20,SWM201707000202,Aeropuerto Alcantari,-19.2465508193052,-65.1511204662652,activo,,46,95,2022-10-16,4,8280.0,46.0,42.0,160.0,620.0
2022-10-22,SWM201707000202,Aeropuerto Alcantari,-19.2465508193052,-65.1511204662652,activo,,12,90,2022-10-20,2,2160.0,12.0,36.0,20.0,100.0
2022-10-28,SWM201707000202,Aeropuerto Alcantari,-19.2465508193052,-65.1511204662652,activo,,47,50,2022-10-22,6,8460.0,47.0,138.0,160.0,320.0
2022-11-04,SWM201707000202,Aeropuerto Alcantari,-19.2465508193052,-65.1511204662652,activo,,60,5,2022-10-28,7,10800.0,60.0,78.0,280.0,660.0
2022-10-08,SVM201707000208,Cristo de las Américas,-19.0450551068471,-65.2687865487641,activo,,40,80,2022-09-30,8,7200.0,40.0,54.0,260.0,360.0
2022-10-15,SVM201707000208,Cristo de las Américas,-19.0450551068471,-65.2687865487641,activo,,30,55,2022-10-08,7,5400.0,30.0,48.0,320.0,120.0
2022-10-19,SVM201707000208,Cristo de las Américas,-19.0450551068471,-65.2687865487641,activo,,18,45,2022-10-15,4,3240.0,18.0,12.0,100.0,220.0
2022-10-26,SVM201707000208,Cristo de las Américas,-19.0450551068471,-65.2687865487641,activo,,22,30,2022-10-19,7,3960.0,22.0,60.0,120.0,120.0
2022-11-01,SVM201707000208,Cristo de las Américas,-19.0450551068471,-65.2687865487641,activo,,24,5,2022-10-26,6,4320.0,24.0,18.0,200.0,220.0
2022-10-08,SVM201707000206,Hospital Gineco Obstetrico,-19.0453076497863,-65.2683837910934,activo,,40,20,2022-09-30,8,7200.0,40.0,66.0,280.0,300.0
2022-10-13,SVM201707000206,Hospital Gineco Obstetrico,-19.0453076497863,-65.2683837910934,activo,,24,95,2022-10-08,5,4320.0,24.0,42.0,180.0,160.0
2022-10-19,SVM201707000206,Hospital Gineco Obstetrico,-19.0453076497863,-65.2683837910934,activo,,29,80,2022-10-13,6,5220.0,29.0,84.0,80.0,220.0
2022-10-26,SVM201707000206,Hospital Gineco Obstetrico,-19.0453076497863,-65.2683837910934,activo,,34,50,2022-10-19,7,6120.0,34.0,66.0,100.0,360.0
2022-11-01,SVM201707000206,Hospital Gineco Obstetrico,-19.0453076497863,-65.2683837910934,activo,,33,20,2022-10-26,6,5940.0,33.0,54.0,240.0,240.0
2022-10-08,SWM201707000217,PLANETA KIDS,-19.0455714685946,-65.2574231604105,activo,,43,60,2021-03-21,566,7740.0,43.0,84.0,280.0,300.0
2022-10-15,SWM201707000217,PLANETA KIDS,-19.0455714685946,-65.2574231604105,activo,,30,50,2022-10-08,7,5400.0,30.0,42.0,180.0,280.0
2022-10-22,SWM201707000217,PLANETA KIDS,-19.0455714685946,-65.2574231604105,activo,,29,30,2022-10-15,7,5220.0,29.0,48.0,200.0,220.0
2022-10-29,SWM201707000217,PLANETA KIDS,-19.0455714685946,-65.2574231604105,activo,,36,0,2022-10-22,7,6480.0,36.0,30.0,320.0,300.0
2022-10-06,SVM201707000201,HOSPITAL GASTROENTEROLOGICO,-19.045190671258,-65.2674982014533,activo,,55,100,2022-09-29,7,9900.0,55.0,78.0,540.0,300.0
2022-10-13,SVM201707000201,HOSPITAL GASTROENTEROLOGICO,-19.045190671258,-65.2674982014533,activo,,39,70,2022-10-06,7,7020.0,39.0,42.0,380.0,260.0
2022-10-19,SVM201707000201,HOSPITAL GASTROENTEROLOGICO,-19.045190671258,-65.2674982014533,activo,,35,35,2022-10-13,6,6300.0,35.0,36.0,220.0,360.0
2022-10-26,SVM201707000201,HOSPITAL GASTROENTEROLOGICO,-19.045190671258,-65.2674982014533,activo,,27,15,2022-10-19,7,4860.0,27.0,24.0,260.0,200.0
2022-11-01,SVM201707000201,HOSPITAL GASTROENTEROLOGICO,-19.045190671258,-65.2674982014533,activo,,32,90,2022-10-26,6,5760.0,32.0,42.0,300.0,200.0
2022-10-05,SWM201707000210,Hospital Jaime Mendoza,-19.0460668264958,-65.2674587641731,inactivo,,57,35,2022-09-29,6,10260.0,57.0,108.0,300.0,480.0
2022-10-08,SWM201707000210,Hospital Jaime Mendoza,-19.0460668264958,-65.2674587641731,inactivo,,49,10,2022-10-05,3,8820.0,49.0,78.0,360.0,360.0
2022-10-13,SWM201707000210,Hospital Jaime Mendoza,-19.0460668264958,-65.2674587641731,inactivo,,57,70,2022-10-08,5,10260.0,57.0,156.0,260.0,360.0
2022-10-17,SWM201707000210,Hospital Jaime Mendoza,-19.0460668264958,-65.2674587641731,inactivo,,52,30,2022-10-13,4,9360.0,52.0,66.0,400.0,420.0
2022-10-22,SWM201707000210,Hospital Jaime Mendoza,-19.0460668264958,-65.2674587641731,inactivo,,51,0,2022-10-17,5,9180.0,51.0,84.0,320.0,420.0
2022-10-26,SWM201707000210,Hospital Jaime Mendoza,-19.0460668264958,-65.2674587641731,inactivo,,46,65,2022-10-22,4,8280.0,46.0,96.0,200.0,400.0
2022-11-01,SWM201707000210,Hospital Jaime Mendoza,-19.0460668264958,-65.2674587641731,inactivo,,58,25,2022-10-26,6,10440.0,58.0,144.0,320.0,360.0
2022-10-02,LE-F303V-SCZ-W-B003,Terminal de Buses Sucre,-19.0390010960377,-65.2469812394272,inactivo,,14,95,2022-09-28,4,2520.0,14.0,36.0,120.0,40.0
2022-10-08,LE-F303V-SCZ-W-B003,Terminal de Buses Sucre,-19.0390010960377,-65.2469812394272,inactivo,,28,75,2022-10-02,6,5040.0,28.0,42.0,280.0,140.0
2022-10-15,LE-F303V-SCZ-W-B003,Terminal de Buses Sucre,-19.0390010960377,-65.2469812394272,inactivo,,37,45,2022-10-08,7,6660.0,37.0,66.0,220.0,300.0
2022-10-19,LE-F303V-SCZ-W-B003,Terminal de Buses Sucre,-19.0390010960377,-65.2469812394272,inactivo,,25,25,2022-10-15,4,4500.0,25.0,30.0,220.0,180.0
2022-10-26,LE-F303V-SCZ-W-B003,Terminal de Buses Sucre,-19.0390010960377,-65.2469812394272,inactivo,,42,0,2022-10-19,7,7560.0,42.0,72.0,340.0,260.0
2022-10-31,LE-F303V-SCZ-W-B003,Terminal de Buses Sucre,-19.0390010960377,-65.2469812394272,inactivo,,30,100,2022-10-26,5,5400.0,30.0,48.0,220.0,220.0
2022-11-06,SWM201707000202,Aeropuerto Alcantari,-19.2465508193052,-65.1511204662652,activo,,20,30,2022-11-04,2,3600.0,20.0,54.0,40.0,180.0
2022-11-10,SWM201707000202,Aeropuerto Alcantari,-19.2465508193052,-65.1511204662652,activo,,40,70,2022-11-06,4,7200.0,40.0,84.0,120.0,400.0
2022-11-14,SWM201707000202,Aeropuerto Alcantari,-19.2465508193052,-65.1511204662652,activo,,22,50,2022-11-10,4,3960.0,22.0,54.0,120.0,140.0
2022-11-19,SWM201707000202,Aeropuerto Alcantari,-19.2465508193052,-65.1511204662652,activo,,39,25,2022-11-14,5,7020.0,39.0,90.0,120.0,360.0
2022-11-23,SWM201707000202,Aeropuerto Alcantari,-19.2465508193052,-65.1511204662652,activo,,30,100,2022-11-19,4,5400.0,30.0,78.0,200.0,140.0
2022-11-29,SWM201707000202,Aeropuerto Alcantari,-19.2465508193052,-65.1511204662652,activo,,63,60,2022-11-23,6,11340.0,63.0,138.0,300.0,500.0
2022-12-01,SWM201707000202,Aeropuerto Alcantari,-19.2465508193052,-65.1511204662652,activo,,24,40,2022-11-29,2,4320.0,24.0,66.0,140.0,120.0
2022-11-05,SVM201707000208,Cristo de las Américas,-19.0450551068471,-65.2687865487641,activo,,10,100,2022-11-01,4,1800.0,10.0,24.0,60.0,60.0
2022-11-09,SVM201707000208,Cristo de las Américas,-19.0450551068471,-65.2687865487641,activo,,28,80,2022-11-05,4,5040.0,28.0,42.0,120.0,300.0
2022-11-14,SVM201707000208,Cristo de las Américas,-19.0450551068471,-65.2687865487641,activo,,31,55,2022-11-09,5,5580.0,31.0,72.0,220.0,160.0
2022-11-22,SVM201707000208,Cristo de las Américas,-19.0450551068471,-65.2687865487641,activo,,23,45,2022-11-14,8,4140.0,23.0,54.0,200.0,80.0
2022-11-30,SVM201707000208,Cristo de las Américas,-19.0450551068471,-65.2687865487641,activo,,36,25,2022-11-22,8,6480.0,36.0,30.0,380.0,240.0
2022-11-05,SVM201707000206,Hospital Gineco Obstetrico,-19.0453076497863,-65.2683837910934,activo,,14,100,2022-11-01,4,2520.0,14.0,18.0,100.0,120.0
2022-11-14,SVM201707000206,Hospital Gineco Obstetrico,-19.0453076497863,-65.2683837910934,activo,,49,70,2022-11-05,9,8820.0,49.0,78.0,280.0,440.0
2022-11-22,SVM201707000206,Hospital Gineco Obstetrico,-19.0453076497863,-65.2683837910934,activo,,25,40,2022-11-14,8,4500.0,25.0,60.0,140.0,160.0
2022-11-30,SVM201707000206,Hospital Gineco Obstetrico,-19.0453076497863,-65.2683837910934,activo,,24,20,2022-11-22,8,4320.0,24.0,66.0,140.0,120.0
2022-11-04,SVM201707000217,PLANETA KIDS,-19.0455714685946,-65.2574231604105,activo,,58,65,2022-09-30,35,10440.0,58.0,54.0,540.0,440.0
2022-11-09,SVM201707000217,PLANETA KIDS,-19.0455714685946,-65.2574231604105,activo,,20,50,2022-11-04,5,3600.0,20.0,18.0,180.0,160.0
2022-11-17,SVM201707000217,PLANETA KIDS,-19.0455714685946,-65.2574231604105,activo,,57,5,2022-11-09,8,10260.0,57.0,114.0,480.0,280.0
2022-11-24,SVM201707000217,PLANETA KIDS,-19.0455714685946,-65.2574231604105,activo,,38,75,2022-11-17,7,6840.0,38.0,72.0,280.0,240.0
2022-11-30,SVM201707000217,PLANETA KIDS,-19.0455714685946,-65.2574231604105,activo,,39,50,2022-11-24,6,7020.0,39.0,36.0,420.0,240.0
2022-11-09,SVM201707000201,HOSPITAL GASTROENTEROLOGICO,-19.045190671258,-65.2674982014533,activo,,28,70,2022-11-01,8,5040.0,28.0,48.0,240.0,160.0
2022-11-17,SVM201707000201,HOSPITAL GASTROENTEROLOGICO,-19.045190671258,-65.2674982014533,activo,,29,40,2022-11-09,8,5220.0,29.0,60.0,260.0,120.0
2022-11-24,SVM201707000201,HOSPITAL GASTROENTEROLOGICO,-19.045190671258,-65.2674982014533,activo,,6,38,2022-11-17,7,1080.0,6.0,12.0,20.0,60.0
2022-11-30,SVM201707000201,HOSPITAL GASTROENTEROLOGICO,-19.045190671258,-65.2674982014533,activo,,11,30,2022-11-24,6,1980.0,11.0,12.0,120.0,60.0
2022-11-05,SWM201707000210,Hospital Jaime Mendoza,-19.0460668264958,-65.2674587641731,inactivo,,46,100,2022-11-01,4,8280.0,46.0,102.0,160.0,420.0
2022-11-09,SWM201707000210,Hospital Jaime Mendoza,-19.0460668264958,-65.2674587641731,inactivo,,53,50,2022-11-05,4,9540.0,53.0,138.0,340.0,260.0
2022-11-14,SWM201707000210,Hospital Jaime Mendoza,-19.0460668264958,-65.2674587641731,inactivo,,58,100,2022-11-09,5,10440.0,58.0,78.0,480.0,420.0
2022-11-18,SWM201707000210,Hospital Jaime Mendoza,-19.0460668264958,-65.2674587641731,inactivo,,42,65,2022-11-14,4,7560.0,42.0,90.0,120.0,420.0
2022-11-22,SWM201707000210,Hospital Jaime Mendoza,-19.0460668264958,-65.2674587641731,inactivo,,41,40,2022-11-18,4,7380.0,41.0,90.0,200.0,320.0
2022-11-28,SWM201707000210,Hospital Jaime Mendoza,-19.0460668264958,-65.2674587641731,inactivo,,60,0,2022-11-22,6,10800.0,60.0,90.0,420.0,480.0
2022-11-30,SWM201707000210,Hospital Jaime Mendoza,-19.0460668264958,-65.2674587641731,inactivo,,25,75,2022-11-28,2,4500.0,25.0,42.0,140.0,220.0
2022-11-10,LE-F303V-SCZ-WB003,Terminal de Buses Sucre,-19.0390010960377,-65.2469812394272,inactivo,,36,40,,,6480.0,36.0,18.0,340.0,320.0
2022-11-17,LE-F303V-SCZ-WB003,Terminal de Buses Sucre,-19.0390010960377,-65.2469812394272,inactivo,,17,30,2022-11-10,7,3060.0,17.0,36.0,120.0,100.0
2022-11-24,LE-F303V-SCZ-WB003,Terminal de Buses Sucre,-19.0390010960377,-65.2469812394272,inactivo,,13,20,2022-11-17,7,2340.0,13.0,6.0,140.0,100.0
2022-11-30,LE-F303V-SCZ-WB003,Terminal de Buses Sucre,-19.0390010960377,-65.2469812394272,inactivo,,33,0,2022-11-24,6,5940.0,33.0,42.0,280.0,240.0
2022-12-04,SWM201707000202,Aeropuerto Alcantari,-19.2465508193052,-65.1511204662652,activo,,65,7,2022-12-01,3,11700.0,65.0,114.0,400.0,520.0
2022-12-05,SWM201707000202,Aeropuerto Alcantari,-19.2465508193052,-65.1511204662652,activo,,16,100,2022-12-04,1,2880.0,16.0,30.0,40.0,180.0
2022-12-08,SWM201707000202,Aeropuerto Alcantari,-19.2465508193052,-65.1511204662652,activo,,65,60,2022-12-05,3,11700.0,65.0,108.0,560.0,380.0
2022-12-10,SWM201707000202,Aeropuerto Alcantari,-19.2465508193052,-65.1511204662652,activo,,22,45,2022-12-08,2,3960.0,22.0,36.0,120.0,200.0
2022-12-14,SWM201707000202,Aeropuerto Alcantari,-19.2465508193052,-65.1511204662652,activo,,68,100,2022-12-10,4,12240.0,68.0,114.0,480.0,500.0
2022-12-16,SWM201707000202,Aeropuerto Alcantari,-19.2465508193052,-65.1511204662652,activo,,28,85,2022-12-14,2,5040.0,28.0,84.0,120.0,160.0
2022-12-19,SWM201707000202,Aeropuerto Alcantari,-19.2465508193052,-65.1511204662652,activo,,59,40,2022-12-16,3,10620.0,59.0,144.0,280.0,420.0
2022-12-21,SWM201707000202,Aeropuerto Alcantari,-19.2465508193052,-65.1511204662652,activo,,27,25,2022-12-19,2,4860.0,27.0,60.0,140.0,200.0
2022-12-23,SWM201707000202,Aeropuerto Alcantari,-19.2465508193052,-65.1511204662652,activo,,39,5,2022-12-21,2,7020.0,39.0,96.0,180.0,280.0
2022-12-24,SWM201707000202,Aeropuerto Alcantari,-19.2465508193052,-65.1511204662652,activo,,29,96,2022-12-23,1,5220.0,29.0,66.0,100.0,260.0
2022-12-27,SWM201707000202,Aeropuerto Alcantari,-19.2465508193052,-65.1511204662652,activo,,56,55,2022-12-24,3,10080.0,56.0,150.0,280.0,340.0
2022-12-28,SWM201707000202,Aeropuerto Alcantari,-19.2465508193052,-65.1511204662652,activo,,13,45,2022-12-27,1,2340.0,13.0,12.0,80.0,140.0
2022-12-31,SWM201707000202,Aeropuerto Alcantari,-19.2465508193052,-65.1511204662652,activo,,54,100,2022-12-28,3,9720.0,54.0,108.0,280.0,440.0
2022-12-07,SVM201707000208,Cristo de las Américas,-19.0450551068471,-65.2687865487641,activo,,36,95,2022-11-30,7,6480.0,36.0,48.0,380.0,180.0
2022-12-16,SVM201707000208,Cristo de las Américas,-19.0450551068471,-65.2687865487641,activo,,42,60,2022-12-07,9,7560.0,42.0,24.0,500.0,260.0
2022-12-23,SVM201707000208,Cristo de las Américas,-19.0450551068471,-65.2687865487641,activo,,46,30,2022-12-16,7,8280.0,46.0,90.0,340.0,280.0
2022-12-31,SVM201707000208,Cristo de las Américas,-19.0450551068471,-65.2687865487641,activo,,40,100,2022-12-23,8,7200.0,40.0,90.0,140.0,360.0
2022-12-07,SVM201707000206,Hospital Gineco Obstetrico,-19.0453076497863,-65.2683837910934,activo,,28,100,2022-11-30,7,5040.0,28.0,6.0,320.0,220.0
2022-12-16,SVM201707000206,Hospital Gineco Obstetrico,-19.0453076497863,-65.2683837910934,activo,,36,65,2022-12-07,9,6480.0,36.0,60.0,120.0,400.0
2022-12-23,SVM201707000206,Hospital Gineco Obstetrico,-19.0453076497863,-65.2683837910934,activo,,25,45,2022-12-16,7,4500.0,25.0,60.0,80.0,220.0
2022-12-31,SVM201707000206,Hospital Gineco Obstetrico,-19.0453076497863,-65.2683837910934,activo,,27,25,2022-12-23,8,4860.0,27.0,42.0,180.0,220.0
2022-12-05,SVM201707000217,PLANETA KIDS,-19.0455714685946,-65.2574231604105,activo,,40,20,2022-11-30,5,7200.0,40.0,48.0,480.0,160.0
2022-12-12,SVM201707000217,PLANETA KIDS,-19.0455714685946,-65.2574231604105,activo,,55,80,2022-12-05,7,9900.0,55.0,66.0,600.0,280.0
2022-12-14,SVM201707000217,PLANETA KIDS,-19.0455714685946,-65.2574231604105,activo,,15,70,2022-12-12,2,2700.0,15.0,12.0,120.0,140.0
2022-12-20,SVM201707000217,PLANETA KIDS,-19.0455714685946,-65.2574231604105,activo,,62,35,2022-12-14,6,11160.0,62.0,72.0,580.0,420.0
2022-12-24,SVM201707000217,PLANETA KIDS,-19.0455714685946,-65.2574231604105,activo,,25,100,2022-12-20,4,4500.0,25.0,12.0,240.0,220.0
2022-12-27,SVM201707000217,PLANETA KIDS,-19.0455714685946,-65.2574231604105,activo,,13,95,2022-12-24,3,2340.0,13.0,12.0,200.0,20.0
2022-12-31,SVM201707000217,PLANETA KIDS,-19.0455714685946,-65.2574231604105,activo,,15,85,2022-12-27,4,2700.0,15.0,0.0,60.0,240.0
2022-12-07,SVM201707000201,HOSPITAL GASTROENTEROLOGICO,-19.045190671258,-65.2674982014533,activo,,29,5,2022-11-30,7,5220.0,29.0,60.0,140.0,240.0
2022-12-16,SVM201707000201,HOSPITAL GASTROENTEROLOGICO,-19.045190671258,-65.2674982014533,activo,,37,65,2022-12-07,9,6660.0,37.0,24.0,320.0,340.0
2022-12-23,SVM201707000201,HOSPITAL GASTROENTEROLOGICO,-19.045190671258,-65.2674982014533,activo,,27,55,2022-12-16,7,4860.0,27.0,72.0,120.0,180.0
2022-12-31,SVM201707000201,HOSPITAL GASTROENTEROLOGICO,-19.045190671258,-65.2674982014533,activo,,19,40,2022-12-23,8,3420.0,19.0,36.0,80.0,180.0
2022-12-05,SWM201707000210,Hospital Jaime Mendoza,-19.0460668264958,-65.2674587641731,inactivo,,57,30,2022-11-30,5,10260.0,57.0,96.0,200.0,620.0
2022-12-07,SWM201707000210,Hospital Jaime Mendoza,-19.0460668264958,-65.2674587641731,inactivo,,50,100,2022-12-05,2,9000.0,50.0,120.0,200.0,400.0
2022-12-12,SWM201707000210,Hospital Jaime Mendoza,-19.0460668264958,-65.2674587641731,inactivo,,59,65,2022-12-07,5,10620.0,59.0,120.0,460.0,320.0
2022-12-14,SWM201707000210,Hospital Jaime Mendoza,-19.0460668264958,-65.2674587641731,inactivo,,51,25,2022-12-12,2,9180.0,51.0,120.0,280.0,340.0
2022-12-16,SWM201707000210,Hospital Jaime Mendoza,-19.0460668264958,-65.2674587641731,inactivo,,21,95,2022-12-14,2,3780.0,21.0,42.0,60.0,220.0
2022-12-20,SWM201707000210,Hospital Jaime Mendoza,-19.0460668264958,-65.2674587641731,inactivo,,60,45,2022-12-16,4,10800.0,60.0,78.0,520.0,420.0
2022-12-23,SWM201707000210,Hospital Jaime Mendoza,-19.0460668264958,-65.2674587641731,inactivo,,51,100,2022-12-20,3,9180.0,51.0,114.0,220.0,420.0
2022-12-27,SWM201707000210,Hospital Jaime Mendoza,-19.0460668264958,-65.2674587641731,inactivo,,53,60,2022-12-23,4,9540.0,53.0,78.0,500.0,300.0
2022-12-30,SWM201707000210,Hospital Jaime Mendoza,-19.0460668264958,-65.2674587641731,inactivo,,61,100,2022-12-27,3,10980.0,61.0,96.0,400.0,500.0
2022-12-31,SWM201707000210,Hospital Jaime Mendoza,-19.0460668264958,-65.2674587641731,inactivo,,12,90,2022-12-30,1,2160.0,12.0,12.0,120.0,80.0
2022-12-07,LE-F303V-SCZ-W-B003,Terminal de Buses Sucre,-19.0390010960377,-65.2469812394272,inactivo,,61,45,2022-10-31,37,10980.0,61.0,84.0,460.0,480.0
2022-12-09,LE-F303V-SCZ-W-B003,Terminal de Buses Sucre,-19.0390010960377,-65.2469812394272,inactivo,,13,30,2022-12-07,2,2340.0,13.0,12.0,160.0,60.0
2022-12-14,LE-F303V-SCZ-W-B003,Terminal de Buses Sucre,-19.0390010960377,-65.2469812394272,inactivo,,45,100,2022-12-09,5,8100.0,45.0,60.0,320.0,380.0
2022-12-20,LE-F303V-SCZ-W-B003,Terminal de Buses Sucre,-19.0390010960377,-65.2469812394272,inactivo,,38,60,2022-12-14,6,6840.0,38.0,72.0,300.0,220.0
2022-12-24,LE-F303V-SCZ-W-B003,Terminal de Buses Sucre,-19.0390010960377,-65.2469812394272,inactivo,,29,40,2022-12-20,4,5220.0,29.0,18.0,180.0,340.0
2022-12-27,LE-F303V-SCZ-W-B003,Terminal de Buses Sucre,-19.0390010960377,-65.2469812394272,inactivo,,34,100,2022-12-24,3,6120.0,34.0,60.0,260.0,220.0
2022-12-31,LE-F303V-SCZ-W-B003,Terminal de Buses Sucre,-19.0390010960377,-65.2469812394272,inactivo,,36,70,2022-12-27,4,6480.0,36.0,72.0,260.0,220.0
2023-01-03,SWM201707000202,Aeropuerto Alcantari,-19.2465508193052,-65.1511204662652,activo,,60,60,2022-12-31,3,10800.0,60.0,66.0,320.0,660.0
2023-01-05,SWM201707000202,Aeropuerto Alcantari,-19.2465508193052,-65.1511204662652,activo,,44,30,2023-01-03,2,7920.0,44.0,66.0,260.0,400.0
2023-01-06,SWM201707000202,Aeropuerto Alcantari,-19.2465508193052,-65.1511204662652,activo,,13,20,2023-01-05,1,2340.0,13.0,42.0,60.0,60.0
2023-01-09,SWM201707000202,Aeropuerto Alcantari,-19.2465508193052,-65.1511204662652,activo,,32,100,2023-01-06,3,5760.0,32.0,60.0,200.0,240.0
2023-01-13,SWM201707000202,Aeropuerto Alcantari,-19.2465508193052,-65.1511204662652,activo,,51,70,2023-01-09,4,9180.0,51.0,102.0,160.0,520.0
2023-01-16,SWM201707000202,Aeropuerto Alcantari,-19.2465508193052,-65.1511204662652,activo,,39,40,2023-01-13,3,7020.0,39.0,60.0,200.0,380.0
2023-01-19,SWM201707000202,Aeropuerto Alcantari,-19.2465508193052,-65.1511204662652,activo,,34,15,2023-01-16,3,6120.0,34.0,78.0,120.0,300.0
2023-01-21,SWM201707000202,Aeropuerto Alcantari,-19.2465508193052,-65.1511204662652,activo,,28,100,2023-01-19,2,5040.0,28.0,30.0,220.0,240.0
2023-01-24,SWM201707000202,Aeropuerto Alcantari,-19.2465508193052,-65.1511204662652,activo,,59,55,2023-01-21,3,10620.0,59.0,126.0,280.0,480.0
2023-01-27,SWM201707000202,Aeropuerto Alcantari,-19.2465508193052,-65.1511204662652,activo,,30,40,2023-01-24,3,5400.0,30.0,60.0,120.0,280.0
2023-01-31,SWM201707000202,Aeropuerto Alcantari,-19.2465508193052,-65.1511204662652,activo,,47,2,2023-01-27,4,8460.0,47.0,90.0,180.0,460.0
2023-01-07,SVM201707000208,Cristo de las Américas,-19.0450551068471,-65.2687865487641,activo,,41,75,2022-12-31,7,7380.0,41.0,96.0,220.0,280.0
2023-01-14,SVM201707000208,Cristo de las Américas,-19.0450551068471,-65.2687865487641,activo,,44,40,2023-01-07,7,7920.0,44.0,78.0,280.0,340.0
2023-01-21,SVM201707000208,Cristo de las Américas,-19.0450551068471,-65.2687865487641,activo,,58,0,2023-01-14,7,10440.0,58.0,78.0,560.0,340.0
2023-01-27,SVM201707000208,Cristo de las Américas,-19.0450551068471,-65.2687865487641,activo,,50,70,2023-01-21,6,9000.0,50.0,60.0,380.0,420.0
2023-02-01,SVM201707000208,Cristo de las Américas,-19.0450551068471,-65.2687865487641,activo,,33,45,2023-01-27,5,5940.0,33.0,42.0,300.0,220.0
2023-01-07,SVM201707000206,Hospital Gineco Obstetrico,-19.0453076497863,-65.2683837910934,activo,,31,2,2022-12-31,7,5580.0,31.0,60.0,220.0,200.0
2023-01-14,SVM201707000206,Hospital Gineco Obstetrico,-19.0453076497863,-65.2683837910934,activo,,52,60,2023-01-07,7,9360.0,52.0,102.0,260.0,440.0
2023-01-21,SVM201707000206,Hospital Gineco Obstetrico,-19.0453076497863,-65.2683837910934,activo,,28,40,2023-01-14,7,5040.0,28.0,66.0,120.0,220.0
2023-01-27,SVM201707000206,Hospital Gineco Obstetrico,-19.0453076497863,-65.2683837910934,activo,,32,15,2023-01-21,6,5760.0,32.0,36.0,140.0,380.0
2023-02-02,SVM201707000206,Hospital Gineco Obstetrico,-19.0453076497863,-65.2683837910934,activo,,27,95,2023-01-27,6,4860.0,27.0,24.0,100.0,360.0
2023-01-05,SVM201707000217,PLANETA KIDS,-19.0455714685946,-65.2574231604105,activo,,38,50,2022-12-31,5,6840.0,38.0,0.0,460.0,300.0
2023-01-13,SVM201707000217,PLANETA KIDS,-19.0455714685946,-65.2574231604105,activo,,37,25,2023-01-05,8,6660.0,37.0,0.0,380.0,360.0
2023-01-21,SVM201707000217,PLANETA KIDS,-19.0455714685946,-65.2574231604105,activo,,29,5,2023-01-13,8,5220.0,29.0,0.0,220.0,360.0
2023-01-27,SVM201707000217,PLANETA KIDS,-19.0455714685946,-65.2574231604105,activo,,30,90,2023-01-21,6,5400.0,30.0,0.0,260.0,340.0
2023-02-02,SVM201707000217,PLANETA KIDS,-19.0455714685946,-65.2574231604105,activo,,49,45,2023-01-27,6,8820.0,49.0,108.0,360.0,260.0
2023-01-07,SVM201707000201,HOSPITAL GASTROENTEROLOGICO,-19.045190671258,-65.2674982014533,activo,,27,15,2022-12-31,7,4860.0,27.0,36.0,160.0,260.0
2023-01-14,SVM201707000201,HOSPITAL GASTROENTEROLOGICO,-19.045190671258,-65.2674982014533,activo,,11,5,2023-01-07,7,1980.0,11.0,6.0,100.0,100.0
2023-01-25,SVM201707000201,HOSPITAL GASTROENTEROLOGICO,-19.045190671258,-65.2674982014533,activo,,37,80,2023-01-14,11,6660.0,37.0,24.0,180.0,480.0
2023-02-02,SVM201707000201,HOSPITAL GASTROENTEROLOGICO,-19.045190671258,-65.2674982014533,activo,,15,65,2023-01-25,8,2700.0,15.0,18.0,80.0,160.0
2023-01-03,SWM201707000210,Hospital Jaime Mendoza,-19.0460668264958,-65.2674587641731,inactivo,,32,60,2022-12-31,3,5760.0,32.0,78.0,160.0,220.0
2023-01-07,SWM201707000210,Hospital Jaime Mendoza,-19.0460668264958,-65.2674587641731,inactivo,,45,30,2023-01-03,4,8100.0,45.0,90.0,200.0,400.0
2023-01-12,SWM201707000210,Hospital Jaime Mendoza,-19.0460668264958,-65.2674587641731,inactivo,,59,100,2023-01-07,5,10620.0,59.0,132.0,380.0,360.0
2023-01-14,SWM201707000210,Hospital Jaime Mendoza,-19.0460668264958,-65.2674587641731,inactivo,,21,70,2023-01-12,2,3780.0,21.0,30.0,100.0,220.0
2023-01-19,SWM201707000210,Hospital Jaime Mendoza,-19.0460668264958,-65.2674587641731,inactivo,,50,40,2023-01-14,5,9000.0,50.0,90.0,360.0,340.0
2023-01-25,SWM201707000210,Hospital Jaime Mendoza,-19.0460668264958,-65.2674587641731,inactivo,,35,3,2023-01-19,6,6300.0,35.0,60.0,160.0,340.0
2023-02-01,SWM201707000210,Hospital Jaime Mendoza,-19.0460668264958,-65.2674587641731,inactivo,,63,60,2023-01-25,7,11340.0,63.0,96.0,500.0,440.0
2023-01-05,LE-F303V-SCZ-W-B003,Terminal de Buses Sucre,-19.0390010960377,-65.2469812394272,inactivo,,26,45,2022-12-31,5,4680.0,26.0,30.0,240.0,180.0
2023-01-14,LE-F303V-SCZ-W-B003,Terminal de Buses Sucre,-19.0390010960377,-65.2469812394272,inactivo,,58,100,2023-01-05,9,10440.0,58.0,96.0,480.0,360.0
2023-01-21,LE-F303V-SCZ-W-B003,Terminal de Buses Sucre,-19.0390010960377,-65.2469812394272,inactivo,,58,50,2023-01-14,7,10440.0,58.0,72.0,600.0,320.0
2023-01-28,LE-F303V-SCZ-W-B003,Terminal de Buses Sucre,-19.0390010960377,-65.2469812394272,inactivo,,56,10,2023-01-21,7,10080.0,56.0,78.0,540.0,320.0
2023-02-02,LE-F303V-SCZ-W-B003,Terminal de Buses Sucre,-19.0390010960377,-65.2469812394272,inactivo,,34,95,2023-01-28,5,6120.0,34.0,48.0,300.0,220.0
2023-02-01,SWM201707000202,Aeropuerto Alcantari,-19.2465508193052,-65.1511204662652,activo,,6,100,2023-01-31,1,1080.0,6.0,30.0,20.0,0.0
2023-02-04,SWM201707000202,Aeropuerto Alcantari,-19.2465508193052,-65.1511204662652,activo,,57,65,2023-02-01,3,10260.0,57.0,132.0,280.0,420.0
2023-02-07,SWM201707000202,Aeropuerto Alcantari,-19.2465508193052,-65.1511204662652,activo,,47,35,2023-02-04,3,8460.0,47.0,96.0,240.0,380.0
2023-02-10,SWM201707000202,Aeropuerto Alcantari,-19.2465508193052,-65.1511204662652,activo,,24,100,2023-02-07,3,4320.0,24.0,60.0,40.0,240.0
2023-02-14,SWM201707000202,Aeropuerto Alcantari,-19.2465508193052,-65.1511204662652,activo,,34,85,2023-02-10,4,6120.0,34.0,96.0,80.0,280.0
2023-02-18,SWM201707000202,Aeropuerto Alcantari,-19.2465508193052,-65.1511204662652,activo,,70,35,2023-02-14,4,12600.0,70.0,210.0,300.0,400.0
2023-02-22,SWM201707000202,Aeropuerto Alcantari,-19.2465508193052,-65.1511204662652,activo,,52,100,2023-02-18,4,9360.0,52.0,42.0,320.0,580.0
2023-02-25,SWM201707000202,Aeropuerto Alcantari,-19.2465508193052,-65.1511204662652,activo,,33,80,2023-02-22,3,5940.0,33.0,48.0,220.0,280.0
2023-03-01,SWM201707000202,Aeropuerto Alcantari,-19.2465508193052,-65.1511204662652,activo,,38,50,2023-02-25,4,6840.0,38.0,60.0,160.0,400.0
2023-02-10,SVM201707000208,Cristo de las Américas,-19.0450551068471,-65.2687865487641,activo,,45,8,2023-02-01,9,8100.0,45.0,66.0,400.0,280.0
2023-02-15,SVM201707000208,Cristo de las Américas,-19.0450551068471,-65.2687865487641,activo,,34,95,2023-02-10,5,6120.0,34.0,66.0,300.0,160.0
2023-02-24,SVM201707000208,Cristo de las Américas,-19.0450551068471,-65.2687865487641,activo,,61,50,2023-02-15,9,10980.0,61.0,72.0,600.0,380.0
2023-03-05,SVM201707000208,Cristo de las Américas,-19.0450551068471,-65.2687865487641,activo,,39,20,2023-02-24,9,7020.0,39.0,72.0,240.0,300.0
2023-02-10,SVM201707000206,Hospital Gineco Obstetrico,-19.0453076497863,-65.2683837910934,activo,,47,55,2023-02-02,8,8460.0,47.0,30.0,280.0,560.0
2023-02-17,SVM201707000206,Hospital Gineco Obstetrico,-19.0453076497863,-65.2683837910934,activo,,27,40,2023-02-10,7,4860.0,27.0,18.0,180.0,300.0
2023-02-25,SVM201707000206,Hospital Gineco Obstetrico,-19.0453076497863,-65.2683837910934,activo,,30,10,2023-02-17,8,5400.0,30.0,30.0,240.0,260.0
2023-02-04,SVM201707000217,PLANETA KIDS,-19.0455714685946,-65.2574231604105,activo,,8,35,2023-02-02,2,1440.0,8.0,30.0,20.0,40.0
2023-02-15,SVM201707000217,PLANETA KIDS,-19.0455714685946,-65.2574231604105,activo,,52,90,2023-02-04,11,9360.0,52.0,114.0,300.0,360.0
2023-02-25,SVM201707000217,PLANETA KIDS,-19.0455714685946,-65.2574231604105,activo,,40,55,2023-02-15,10,7200.0,40.0,48.0,320.0,320.0
2023-02-15,SVM201707000201,HOSPITAL GASTROENTEROLOGICO,-19.045190671258,-65.2674982014533,activo,,42,40,2023-02-02,13,7560.0,42.0,48.0,220.0,460.0
2023-02-25,SVM201707000201,HOSPITAL GASTROENTEROLOGICO,-19.045190671258,-65.2674982014533,activo,,25,15,2023-02-15,10,4500.0,25.0,24.0,180.0,240.0
2023-03-02,SVM201707000201,HOSPITAL GASTROENTEROLOGICO,-19.045190671258,-65.2674982014533,activo,,11,5,2023-02-25,5,1980.0,11.0,12.0,80.0,100.0
2023-02-04,SWM201707000210,Hospital Jaime Mendoza,-19.0460668264958,-65.2674587641731,inactivo,,34,35,2023-02-01,3,6120.0,34.0,54.0,180.0,320.0
2023-02-09,SWM201707000210,Hospital Jaime Mendoza,-19.0460668264958,-65.2674587641731,inactivo,,61,95,2023-02-04,5,10980.0,61.0,96.0,420.0,480.0
2023-02-13,SWM201707000210,Hospital Jaime Mendoza,-19.0460668264958,-65.2674587641731,inactivo,,50,50,2023-02-09,4,9000.0,50.0,66.0,420.0,360.0
2023-02-17,SWM201707000210,Hospital Jaime Mendoza,-19.0460668264958,-65.2674587641731,inactivo,,50,10,2023-02-13,4,9000.0,50.0,78.0,360.0,380.0
2023-02-23,SWM201707000210,Hospital Jaime Mendoza,-19.0460668264958,-65.2674587641731,inactivo,,60,55,2023-02-17,6,10800.0,60.0,78.0,460.0,480.0
2023-02-25,SWM201707000210,Hospital Jaime Mendoza,-19.0460668264958,-65.2674587641731,inactivo,,25,40,2023-02-23,2,4500.0,25.0,48.0,140.0,200.0
2023-03-01,SWM201707000210,Hospital Jaime Mendoza,-19.0460668264958,-65.2674587641731,inactivo,,53,9,2023-02-25,4,9540.0,53.0,66.0,320.0,520.0
2023-02-09,LE-F303V-SCZ-W-B003,Terminal de Buses Sucre,-19.0390010960377,-65.2469812394272,inactivo,,57,45,2023-02-02,7,10260.0,57.0,84.0,380.0,480.0
2023-02-17,LE-F303V-SCZ-W-B003,Terminal de Buses Sucre,-19.0390010960377,-65.2469812394272,inactivo,,38,10,2023-02-09,8,6840.0,38.0,66.0,260.0,280.0
2023-02-23,LE-F303V-SCZ-W-B003,Terminal de Buses Sucre,-19.0390010960377,-65.2469812394272,inactivo,,39,75,2023-02-17,6,7020.0,39.0,54.0,240.0,360.0
2023-02-25,LE-F303V-SCZ-W-B003,Terminal de Buses Sucre,-19.0390010960377,-65.2469812394272,inactivo,,17,55,2023-02-23,2,3060.0,17.0,30.0,100.0,140.0
2023-03-05,SWM201707000202,Aeropuerto Alcantari,-19.2465508193052,-65.1511204662652,activo,,58,10,2023-03-01,4,10440.0,58.0,90.0,320.0,540.0
2023-03-07,SWM201707000202,Aeropuerto Alcantari,-19.2465508193052,-65.1511204662652,activo,,16,50,2023-03-05,2,2880.0,16.0,12.0,120.0,160.0
2023-03-13,SWM201707000202,Aeropuerto Alcantari,-19.2465508193052,-65.1511204662652,activo,,53,15,2023-03-07,6,9540.0,53.0,120.0,280.0,380.0
2023-03-15,SWM201707000202,Aeropuerto Alcantari,-19.2465508193052,-65.1511204662652,activo,,23,70,2023-03-13,2,4140.0,23.0,54.0,140.0,140.0
2023-03-19,SWM201707000202,Aeropuerto Alcantari,-19.2465508193052,-65.1511204662652,activo,,54,45,2023-03-15,4,9720.0,54.0,90.0,300.0,480.0
2023-03-22,SWM201707000202,Aeropuerto Alcantari,-19.2465508193052,-65.1511204662652,activo,,41,15,2023-03-19,3,7380.0,41.0,96.0,280.0,220.0
2023-03-24,SWM201707000202,Aeropuerto Alcantari,-19.2465508193052,-65.1511204662652,activo,,26,100,2023-03-22,2,4680.0,26.0,42.0,80.0,300.0
2023-03-27,SWM201707000202,Aeropuerto Alcantari,-19.2465508193052,-65.1511204662652,activo,,48,60,2023-03-24,3,8640.0,48.0,90.0,320.0,340.0
2023-03-30,SWM201707000202,Aeropuerto Alcantari,-19.2465508193052,-65.1511204662652,activo,,16,50,2023-03-27,3,2880.0,16.0,30.0,80.0,140.0
2023-03-08,SVM201707000208,Cristo de las Américas,-19.0450551068471,-65.2687865487641,activo,,25,0,2023-03-05,3,4500.0,25.0,18.0,160.0,280.0
2023-03-14,SVM201707000208,Cristo de las Américas,-19.0450551068471,-65.2687865487641,activo,,47,75,2023-03-08,6,8460.0,47.0,60.0,340.0,400.0
2023-03-18,SVM201707000208,Cristo de las Américas,-19.0450551068471,-65.2687865487641,activo,,42,40,2023-03-14,4,7560.0,42.0,78.0,120.0,460.0
2023-03-22,SVM201707000208,Cristo de las Américas,-19.0450551068471,-65.2687865487641,activo,,33,15,2023-03-18,4,5940.0,33.0,42.0,120.0,400.0
2023-03-25,SVM201707000208,Cristo de las Américas,-19.0450551068471,-65.2687865487641,activo,,33,50,2023-03-22,3,5940.0,33.0,48.0,140.0,360.0
2023-03-30,SVM201707000208,Cristo de las Américas,-19.0450551068471,-65.2687865487641,activo,,26,25,2023-03-25,5,4680.0,26.0,18.0,140.0,320.0
2023-03-08,SVM201707000206,Hospital Gineco Obstetrico,-19.0453076497863,-65.2683837910934,activo,,49,80,2023-02-25,11,8820.0,49.0,72.0,200.0,540.0
2023-03-17,SVM201707000206,Hospital Gineco Obstetrico,-19.0453076497863,-65.2683837910934,activo,,53,45,2023-03-08,9,9540.0,53.0,84.0,320.0,460.0
2023-03-25,SVM201707000206,Hospital Gineco Obstetrico,-19.0453076497863,-65.2683837910934,activo,,37,9,2023-03-17,8,6660.0,37.0,42.0,360.0,240.0
2023-03-30,SVM201707000206,Hospital Gineco Obstetrico,-19.0453076497863,-65.2683837910934,activo,,17,95,2023-03-25,5,3060.0,17.0,18.0,120.0,160.0
2023-03-07,SVM201707000217,PLANETA KIDS,-19.0455714685946,-65.2574231604105,activo,,61,10,2023-02-25,10,10980.0,61.0,96.0,480.0,420.0
2023-03-18,SVM201707000217,PLANETA KIDS,-19.0455714685946,-65.2574231604105,activo,,57,80,2023-03-07,11,10260.0,57.0,96.0,460.0,360.0
2023-03-25,SVM201707000217,PLANETA KIDS,-19.0455714685946,-65.2574231604105,activo,,32,50,2023-03-18,7,5760.0,32.0,60.0,280.0,160.0
2023-03-31,SVM201707000217,PLANETA KIDS,-19.0455714685946,-65.2574231604105,activo,,31,25,2023-03-25,6,5580.0,31.0,48.0,260.0,200.0
2023-03-08,SVM201707000201,HOSPITAL GASTROENTEROLOGICO,-19.045190671258,-65.2674982014533,activo,,20,95,2023-03-02,6,3600.0,20.0,36.0,80.0,200.0
2023-03-25,SVM201707000201,HOSPITAL GASTROENTEROLOGICO,-19.045190671258,-65.2674982014533,activo,,44,60,2023-03-08,17,7920.0,44.0,108.0,280.0,240.0
2023-03-30,SVM201707000201,HOSPITAL GASTROENTEROLOGICO,-19.045190671258,-65.2674982014533,activo,,17,50,2023-03-25,5,3060.0,17.0,18.0,160.0,120.0
2023-03-05,SWM201707000210,Hospital Jaime Mendoza,-19.0460668264958,-65.2674587641731,inactivo,,60,55,2023-03-01,4,10800.0,60.0,120.0,300.0,500.0
2023-03-08,SWM201707000210,Hospital Jaime Mendoza,-19.0460668264958,-65.2674587641731,inactivo,,53,10,2023-03-05,3,9540.0,53.0,102.0,420.0,300.0
2023-03-13,SWM201707000210,Hospital Jaime Mendoza,-19.0460668264958,-65.2674587641731,inactivo,,49,80,2023-03-08,5,8820.0,49.0,54.0,360.0,440.0
2023-03-18,SWM201707000210,Hospital Jaime Mendoza,-19.0460668264958,-65.2674587641731,inactivo,,69,30,2023-03-13,5,12420.0,69.0,120.0,400.0,580.0
2023-03-22,SWM201707000210,Hospital Jaime Mendoza,-19.0460668264958,-65.2674587641731,inactivo,,53,90,2023-03-18,4,9540.0,53.0,114.0,260.0,420.0
2023-03-25,SWM201707000210,Hospital Jaime Mendoza,-19.0460668264958,-65.2674587641731,inactivo,,34,60,2023-03-22,3,6120.0,34.0,48.0,220.0,300.0
2023-03-30,SWM201707000210,Hospital Jaime Mendoza,-19.0460668264958,-65.2674587641731,inactivo,,61,10,2023-03-25,5,10980.0,61.0,66.0,460.0,540.0
2023-03-05,LE-F303V-SCZ-W-B003,Terminal de Buses Sucre,-19.0390010960377,-65.2469812394272,inactivo,,36,25,2023-02-25,8,6480.0,36.0,36.0,380.0,220.0
2023-03-10,LE-F303V-SCZ-W-B003,Terminal de Buses Sucre,-19.0390010960377,-65.2469812394272,inactivo,,18,8,2023-03-05,5,3240.0,18.0,30.0,120.0,140.0
2023-03-25,LE-F303V-SCZ-W-B003,Terminal de Buses Sucre,-19.0390010960377,-65.2469812394272,inactivo,,61,50,2023-03-10,15,10980.0,61.0,138.0,400.0,360.0
2023-03-31,LE-F303V-SCZ-W-B003,Terminal de Buses Sucre,-19.0390010960377,-65.2469812394272,inactivo,,20,35,2023-03-25,6,3600.0,20.0,12.0,180.0,180.0
2023-04-05,SWM201707000202,Aeropuerto Alcantari,-19.2465508193052,-65.1511204662652,activo,,56,10,2023-03-30,6,10080.0,56.0,132.0,160.0,520.0
2023-04-08,SWM201707000202,Aeropuerto Alcantari,-19.2465508193052,-65.1511204662652,activo,,35,100,2023-04-05,3,6300.0,35.0,66.0,200.0,280.0
2023-04-10,SWM201707000202,Aeropuerto Alcantari,-19.2465508193052,-65.1511204662652,activo,,41,65,2023-04-08,2,7380.0,41.0,72.0,140.0,440.0
2023-04-13,SWM201707000202,Aeropuerto Alcantari,-19.2465508193052,-65.1511204662652,activo,,20,50,2023-04-10,3,3600.0,20.0,60.0,60.0,140.0
2023-04-18,SWM201707000202,Aeropuerto Alcantari,-19.2465508193052,-65.1511204662652,activo,,46,25,2023-04-13,5,8280.0,46.0,120.0,160.0,360.0
2023-04-22,SWM201707000202,Aeropuerto Alcantari,-19.2465508193052,-65.1511204662652,activo,,34,100,2023-04-18,4,6120.0,34.0,108.0,100.0,220.0
2023-04-27,SWM201707000202,Aeropuerto Alcantari,-19.2465508193052,-65.1511204662652,activo,,45,75,2023-04-22,5,8100.0,45.0,90.0,280.0,320.0
2023-05-02,SWM201707000202,Aeropuerto Alcantari,-19.2465508193052,-65.1511204662652,activo,,50,35,2023-04-27,5,9000.0,50.0,72.0,280.0,480.0
2023-04-08,SVM201707000208,Cristo de las Américas,-19.0450551068471,-65.2687865487641,activo,,43,100,2023-03-30,9,7740.0,43.0,42.0,260.0,460.0
2023-04-15,SVM201707000208,Cristo de las Américas,-19.0450551068471,-65.2687865487641,activo,,42,75,2023-04-08,7,7560.0,42.0,42.0,140.0,560.0
2023-04-22,SVM201707000208,Cristo de las Américas,-19.0450551068471,-65.2687865487641,activo,,52,35,2023-04-15,7,9360.0,52.0,42.0,440.0,460.0
2023-04-27,SVM201707000208,Cristo de las Américas,-19.0450551068471,-65.2687865487641,activo,,36,8,2023-04-22,5,6480.0,36.0,84.0,220.0,220.0
2023-04-08,SVM201707000206,Hospital Gineco Obstetrico,-19.0453076497863,-65.2683837910934,activo,,49,55,2023-03-30,9,8820.0,49.0,72.0,260.0,480.0
2023-04-15,SVM201707000206,Hospital Gineco Obstetrico,-19.0453076497863,-65.2683837910934,activo,,34,30,2023-04-08,7,6120.0,34.0,42.0,140.0,400.0
2023-04-22,SVM201707000206,Hospital Gineco Obstetrico,-19.0453076497863,-65.2683837910934,activo,,40,100,2023-04-15,7,7200.0,40.0,36.0,320.0,360.0
2023-04-29,SVM201707000206,Hospital Gineco Obstetrico,-19.0453076497863,-65.2683837910934,activo,,54,60,2023-04-22,7,9720.0,54.0,84.0,420.0,380.0
2023-04-08,SVM201707000217,PLANETA KIDS,-19.0455714685946,-65.2574231604105,activo,,40,90,2023-03-31,8,7200.0,40.0,48.0,280.0,360.0
2023-04-13,SVM201707000217,PLANETA KIDS,-19.0455714685946,-65.2574231604105,activo,,32,65,2023-04-08,5,5760.0,32.0,54.0,240.0,220.0
2023-04-22,SVM201707000217,PLANETA KIDS,-19.0455714685946,-65.2574231604105,activo,,15,55,2023-04-13,9,2700.0,15.0,18.0,140.0,100.0
2023-04-29,SVM201707000217,PLANETA KIDS,-19.0455714685946,-65.2574231604105,activo,,33,35,2023-04-22,7,5940.0,33.0,42.0,220.0,300.0
2023-04-12,SVM201707000201,HOSPITAL GASTROENTEROLOGICO,-19.045190671258,-65.2674982014533,activo,,28,10,2023-03-30,13,5040.0,28.0,66.0,140.0,200.0
2023-04-22,SVM201707000201,HOSPITAL GASTROENTEROLOGICO,-19.045190671258,-65.2674982014533,activo,,21,2,2023-04-12,10,3780.0,21.0,18.0,160.0,200.0
2023-04-29,SVM201707000201,HOSPITAL GASTROENTEROLOGICO,-19.045190671258,-65.2674982014533,activo,,31,75,2023-04-22,7,5580.0,31.0,54.0,280.0,160.0
2023-04-04,SWM201707000210,Hospital Jaime Mendoza,-19.0460668264958,-65.2674587641731,inactivo,,60,75,2023-03-30,5,10800.0,60.0,60.0,380.0,620.0
2023-04-08,SWM201707000210,Hospital Jaime Mendoza,-19.0460668264958,-65.2674587641731,inactivo,,42,40,2023-04-04,4,7560.0,42.0,66.0,280.0,340.0
2023-04-12,SWM201707000210,Hospital Jaime Mendoza,-19.0460668264958,-65.2674587641731,inactivo,,60,100,2023-04-08,4,10800.0,60.0,54.0,360.0,660.0
2023-04-15,SWM201707000210,Hospital Jaime Mendoza,-19.0460668264958,-65.2674587641731,inactivo,,40,70,2023-04-12,3,7200.0,40.0,66.0,260.0,320.0
2023-04-18,SWM201707000210,Hospital Jaime Mendoza,-19.0460668264958,-65.2674587641731,inactivo,,39,30,2023-04-15,3,7020.0,39.0,42.0,280.0,360.0
2023-04-22,SWM201707000210,Hospital Jaime Mendoza,-19.0460668264958,-65.2674587641731,inactivo,,53,95,2023-04-18,4,9540.0,53.0,72.0,320.0,500.0
2023-04-27,SWM201707000210,Hospital Jaime Mendoza,-19.0460668264958,-65.2674587641731,inactivo,,59,55,2023-04-22,5,10620.0,59.0,90.0,340.0,540.0
2023-05-02,SWM201707000210,Hospital Jaime Mendoza,-19.0460668264958,-65.2674587641731,inactivo,,50,15,2023-04-27,5,9000.0,50.0,108.0,340.0,300.0
2023-04-08,LE-F303V-SCZ-W-B003,Terminal de Buses Sucre,-19.0390010960377,-65.2469812394272,inactivo,,38,95,2023-03-31,8,6840.0,38.0,54.0,260.0,320.0
2023-04-22,LE-F303V-SCZ-W-B003,Terminal de Buses Sucre,-19.0390010960377,-65.2469812394272,inactivo,,60,40,2023-04-08,14,10800.0,60.0,126.0,420.0,360.0
2023-04-29,LE-F303V-SCZ-W-B003,Terminal de Buses Sucre,-19.0390010960377,-65.2469812394272,inactivo,,30,20,2023-04-22,7,5400.0,30.0,36.0,220.0,260.0
2023-05-06,SWM201707000202,Aeropuerto Alcantari,-19.2465508193052,-65.1511204662652,activo,,43,100,2023-05-02,4,7740.0,43.0,78.0,300.0,300.0
2023-05-09,SWM201707000202,Aeropuerto Alcantari,-19.2465508193052,-65.1511204662652,activo,,33,85,2023-05-06,3,5940.0,33.0,96.0,100.0,240.0
2023-05-14,SWM201707000202,Aeropuerto Alcantari,-19.2465508193052,-65.1511204662652,activo,,32,60,2023-05-09,5,5760.0,32.0,60.0,220.0,220.0
2023-05-19,SWM201707000202,Aeropuerto Alcantari,-19.2465508193052,-65.1511204662652,activo,,45,35,2023-05-14,5,8100.0,45.0,138.0,160.0,280.0
2023-05-24,SWM201707000202,Aeropuerto Alcantari,-19.2465508193052,-65.1511204662652,activo,,48,100,2023-05-19,5,8640.0,48.0,72.0,260.0,460.0
2023-05-28,SWM201707000202,Aeropuerto Alcantari,-19.2465508193052,-65.1511204662652,activo,,52,65,2023-05-24,4,9360.0,52.0,138.0,260.0,320.0
2023-05-31,SWM201707000202,Aeropuerto Alcantari,-19.2465508193052,-65.1511204662652,activo,,50,35,2023-05-28,3,9000.0,50.0,42.0,360.0,500.0
2023-05-06,SVM201707000208,Cristo de las Américas,-19.0450551068471,-65.2687865487641,activo,,53,70,2023-04-27,9,9540.0,53.0,54.0,380.0,500.0
2023-05-13,SVM201707000208,Cristo de las Américas,-19.0450551068471,-65.2687865487641,activo,,26,50,2023-05-06,7,4680.0,26.0,36.0,200.0,200.0
2023-05-23,SVM201707000208,Cristo de las Américas,-19.0450551068471,-65.2687865487641,activo,,41,30,2023-05-13,10,7380.0,41.0,42.0,320.0,360.0
2023-06-02,SVM201707000208,Cristo de las Américas,-19.0450551068471,-65.2687865487641,activo,,46,0,2023-05-23,10,8280.0,46.0,60.0,360.0,360.0
2023-05-06,SVM201707000206,Hospital Gineco Obstetrico,-19.0453076497863,-65.2683837910934,activo,,41,25,2023-04-29,7,7380.0,41.0,42.0,240.0,440.0
2023-05-13,SVM201707000206,Hospital Gineco Obstetrico,-19.0453076497863,-65.2683837910934,activo,,43,5,2023-05-06,7,7740.0,43.0,36.0,300.0,440.0
2023-05-23,SVM201707000206,Hospital Gineco Obstetrico,-19.0453076497863,-65.2683837910934,activo,,53,65,2023-05-13,10,9540.0,53.0,48.0,340.0,560.0
2023-06-02,SVM201707000206,Hospital Gineco Obstetrico,-19.0453076497863,-65.2683837910934,activo,,41,40,2023-05-23,10,7380.0,41.0,42.0,300.0,380.0
2023-05-06,SVM201707000217,PLANETA KIDS,-19.0455714685946,-65.2574231604105,activo,,33,5,2023-04-29,7,5940.0,33.0,18.0,300.0,300.0
2023-05-13,SVM201707000217,PLANETA KIDS,-19.0455714685946,-65.2574231604105,activo,,50,75,2023-05-06,7,9000.0,50.0,48.0,400.0,440.0
2023-05-26,SVM201707000217,PLANETA KIDS,-19.0455714685946,-65.2574231604105,activo,,43,45,2023-05-13,13,7740.0,43.0,30.0,480.0,280.0
2023-06-03,SVM201707000217,PLANETA KIDS,-19.0455714685946,-65.2574231604105,activo,,30,20,2023-05-26,8,5400.0,30.0,36.0,200.0,280.0
2023-05-06,SVM201707000201,HOSPITAL GASTROENTEROLOGICO,-19.045190671258,-65.2674982014533,activo,,16,70,2023-04-29,7,2880.0,16.0,36.0,200.0,0.0
2023-05-13,SVM201707000201,HOSPITAL GASTROENTEROLOGICO,-19.045190671258,-65.2674982014533,activo,,13,60,2023-05-06,7,2340.0,13.0,18.0,80.0,120.0
2023-05-23,SVM201707000201,HOSPITAL GASTROENTEROLOGICO,-19.045190671258,-65.2674982014533,activo,,30,30,2023-05-13,10,5400.0,30.0,48.0,300.0,140.0
2023-06-02,SVM201707000201,HOSPITAL GASTROENTEROLOGICO,-19.045190671258,-65.2674982014533,activo,,37,2,2023-05-23,10,6660.0,37.0,60.0,220.0,320.0
2023-05-06,SWM201707000210,Hospital Jaime Mendoza,-19.0460668264958,-65.2674587641731,inactivo,,46,80,2023-05-02,4,8280.0,46.0,84.0,280.0,360.0
2023-05-10,SWM201707000210,Hospital Jaime Mendoza,-19.0460668264958,-65.2674587641731,inactivo,,54,40,2023-05-06,4,9720.0,54.0,108.0,340.0,380.0
2023-05-13,SWM201707000210,Hospital Jaime Mendoza,-19.0460668264958,-65.2674587641731,inactivo,,30,15,2023-05-10,3,5400.0,30.0,60.0,220.0,180.0
2023-05-19,SWM201707000210,Hospital Jaime Mendoza,-19.0460668264958,-65.2674587641731,inactivo,,60,70,2023-05-13,6,10800.0,60.0,138.0,240.0,500.0
2023-05-23,SWM201707000210,Hospital Jaime Mendoza,-19.0460668264958,-65.2674587641731,inactivo,,49,30,2023-05-19,4,8820.0,49.0,60.0,320.0,460.0
2023-05-30,SWM201707000210,Hospital Jaime Mendoza,-19.0460668264958,-65.2674587641731,inactivo,,61,90,2023-05-23,7,10980.0,61.0,132.0,480.0,300.0
2023-05-06,LE-F303V-SCZ-W-B003,Terminal de Buses Sucre,-19.0390010960377,-65.2469812394272,inactivo,,27,12,2023-04-29,7,4860.0,27.0,36.0,260.0,160.0
2023-05-13,LE-F303V-SCZ-W-B003,Terminal de Buses Sucre,-19.0390010960377,-65.2469812394272,inactivo,,30,3,2023-05-06,7,5400.0,30.0,60.0,240.0,160.0
2023-05-28,LE-F303V-SCZ-W-B003,Terminal de Buses Sucre,-19.0390010960377,-65.2469812394272,inactivo,,60,60,2023-05-13,15,10800.0,60.0,132.0,440.0,320.0
2023-06-06,LE-F303V-SCZ-W-B003,Terminal de Buses Sucre,-19.0390010960377,-65.2469812394272,inactivo,,33,30,2023-05-28,9,5940.0,33.0,72.0,240.0,180.0
2023-06-05,SWM201707000202,Aeropuerto Alcantari,-19.2465508193052,-65.1511204662652,activo,,51,0,2023-05-31,5,9180.0,51.0,66.0,400.0,400.0
2023-06-11,SWM201707000202,Aeropuerto Alcantari,-19.2465508193052,-65.1511204662652,activo,,40,80,2023-06-05,6,7200.0,40.0,96.0,220.0,260.0
2023-06-15,SWM201707000202,Aeropuerto Alcantari,-19.2465508193052,-65.1511204662652,activo,,45,50,2023-06-11,4,8100.0,45.0,114.0,260.0,260.0
2023-06-19,SWM201707000202,Aeropuerto Alcantari,-19.2465508193052,-65.1511204662652,activo,,58,5,2023-06-15,4,10440.0,58.0,120.0,400.0,360.0
2023-06-21,SWM201707000202,Aeropuerto Alcantari,-19.2465508193052,-65.1511204662652,activo,,11,0,2023-06-19,2,1980.0,11.0,6.0,60.0,140.0
2023-06-11,SVM201707000208,Cristo de las Américas,-19.0450551068471,-65.2687865487641,activo,,39,65,2023-06-02,9,7020.0,39.0,48.0,220.0,400.0
2023-06-18,SVM201707000208,Cristo de las Américas,-19.0450551068471,-65.2687865487641,activo,,34,45,2023-06-11,7,6120.0,34.0,36.0,220.0,340.0
2023-06-28,SVM201707000208,Cristo de las Américas,-19.0450551068471,-65.2687865487641,activo,,35,5,2023-06-18,10,6300.0,35.0,54.0,160.0,360.0
2023-07-01,SVM201707000208,Cristo de las Américas,-19.0450551068471,-65.2687865487641,activo,,14,100,2023-06-28,3,2520.0,14.0,18.0,140.0,80.0
2023-06-11,SVM201707000206,Hospital Gineco Obstetrico,-19.0453076497863,-65.2683837910934,activo,,29,10,2023-06-02,9,5220.0,29.0,42.0,220.0,220.0
2023-06-18,SVM201707000206,Hospital Gineco Obstetrico,-19.0453076497863,-65.2683837910934,activo,,30,95,2023-06-11,7,5400.0,30.0,48.0,160.0,280.0
2023-06-28,SVM201707000206,Hospital Gineco Obstetrico,-19.0453076497863,-65.2683837910934,activo,,41,70,2023-06-18,10,7380.0,41.0,36.0,300.0,400.0
2023-07-01,SVM201707000206,Hospital Gineco Obstetrico,-19.0453076497863,-65.2683837910934,activo,,14,50,2023-06-28,3,2520.0,14.0,12.0,80.0,160.0
2023-06-08,SVM201707000217,PLANETA KIDS,-19.0455714685946,-65.2574231604105,activo,,31,5,2023-06-03,5,5580.0,31.0,72.0,220.0,160.0
2023-06-12,SVM201707000217,PLANETA KIDS,-19.0455714685946,-65.2574231604105,activo,,46,70,2023-06-08,4,8280.0,46.0,48.0,460.0,300.0
2023-06-18,SVM201707000217,PLANETA KIDS,-19.0455714685946,-65.2574231604105,activo,,60,30,2023-06-12,6,10800.0,60.0,60.0,620.0,380.0
2023-06-26,SVM201707000217,PLANETA KIDS,-19.0455714685946,-65.2574231604105,activo,,61,90,2023-06-18,8,10980.0,61.0,102.0,540.0,340.0
2023-06-30,SVM201707000217,PLANETA KIDS,-19.0455714685946,-65.2574231604105,activo,,20,80,2023-06-26,4,3600.0,20.0,24.0,220.0,100.0
2023-06-11,SVM201707000201,HOSPITAL GASTROENTEROLOGICO,-19.045190671258,-65.2674982014533,activo,,18,90,2023-06-02,9,3240.0,18.0,24.0,140.0,140.0
2023-06-18,SVM201707000201,HOSPITAL GASTROENTEROLOGICO,-19.045190671258,-65.2674982014533,activo,,45,55,2023-06-11,7,8100.0,45.0,66.0,260.0,420.0
2023-06-28,SVM201707000201,HOSPITAL GASTROENTEROLOGICO,-19.045190671258,-65.2674982014533,activo,,34,30,2023-06-18,10,6120.0,34.0,42.0,180.0,360.0
2023-07-01,SVM201707000201,HOSPITAL GASTROENTEROLOGICO,-19.045190671258,-65.2674982014533,activo,,13,20,2023-06-28,3,2340.0,13.0,12.0,60.0,160.0
2023-06-02,SWM201707000210,Hospital Jaime Mendoza,-19.0460668264958,-65.2674587641731,inactivo,,39,55,2023-05-30,3,7020.0,39.0,66.0,180.0,380.0
2023-06-07,SWM201707000210,Hospital Jaime Mendoza,-19.0460668264958,-65.2674587641731,inactivo,,61,5,2023-06-02,5,10980.0,61.0,162.0,280.0,400.0
2023-06-11,SWM201707000210,Hospital Jaime Mendoza,-19.0460668264958,-65.2674587641731,inactivo,,45,70,2023-06-07,4,8100.0,45.0,102.0,300.0,260.0
2023-06-15,SWM201707000210,Hospital Jaime Mendoza,-19.0460668264958,-65.2674587641731,inactivo,,55,25,2023-06-11,4,9900.0,55.0,120.0,240.0,460.0
2023-06-18,SWM201707000210,Hospital Jaime Mendoza,-19.0460668264958,-65.2674587641731,inactivo,,57,85,2023-06-15,3,10260.0,57.0,102.0,420.0,380.0
2023-06-24,SWM201707000210,Hospital Jaime Mendoza,-19.0460668264958,-65.2674587641731,inactivo,,61,45,2023-06-18,6,10980.0,61.0,138.0,280.0,480.0
2023-06-28,SWM201707000210,Hospital Jaime Mendoza,-19.0460668264958,-65.2674587641731,inactivo,,62,0,2023-06-24,4,11160.0,62.0,144.0,420.0,340.0
2023-07-01,SWM201707000210,Hospital Jaime Mendoza,-19.0460668264958,-65.2674587641731,inactivo,,42,70,2023-06-28,3,7560.0,42.0,90.0,260.0,280.0
2023-06-18,LE-F303V-SCZ-W-B003,Terminal de Buses Sucre,-19.0390010960377,-65.2469812394272,inactivo,,57,80,2023-06-06,12,10260.0,57.0,66.0,440.0,480.0
2023-06-27,LE-F303V-SCZ-W-B003,Terminal de Buses Sucre,-19.0390010960377,-65.2469812394272,inactivo,,30,65,2023-06-18,9,5400.0,30.0,84.0,100.0,220.0
2023-07-03,LE-F303V-SCZ-W-B003,Terminal de Buses Sucre,-19.0390010960377,-65.2469812394272,inactivo,,37,30,2023-06-27,6,6660.0,37.0,30.0,340.0,300.0
2023-06-27,SVM202211001658,Aeropuerto Alcantari,-19.2465508193052,-65.1511204662652,activo,,61,35,,,10980.0,61.0,156.0,240.0,460.0
2023-07-01,SVM202211001658,Aeropuerto Alcantari,-19.2465508193052,-65.1511204662652,activo,,46,8,2023-06-27,4,8280.0,46.0,72.0,420.0,260.0
2023-07-03,SVM202211001658,Aeropuerto Alcantari,-19.2465508193052,-65.1511204662652,activo,,19,99,2023-07-01,2,3420.0,19.0,36.0,80.0,180.0
2023-07-09,SWM201707000208,Cristo de las Americas,-19.0450551068471,-65.2687865487641,inactivo,,54,65,2021-03-01,860,9720.0,54.0,84.0,480.0,320.0
2023-07-18,SWM201707000208,Cristo de las Americas,-19.0450551068471,-65.2687865487641,inactivo,,23,40,2023-07-09,9,4140.0,23.0,24.0,140.0,240.0
2023-07-24,SWM201707000208,Cristo de las Americas,-19.0450551068471,-65.2687865487641,inactivo,,61,2,2023-07-18,6,10980.0,61.0,72.0,580.0,400.0
2023-07-31,SWM201707000208,Cristo de las Americas,-19.0450551068471,-65.2687865487641,inactivo,,56,70,2023-07-24,7,10080.0,56.0,78.0,420.0,440.0
2023-07-09,SVM201707000206,Hospital Gineco Obstetrico,-19.0453076497863,-65.2683837910934,activo,,38,25,2023-07-01,8,6840.0,38.0,30.0,260.0,400.0
2023-07-18,SVM201707000206,Hospital Gineco Obstetrico,-19.0453076497863,-65.2683837910934,activo,,46,0,2023-07-09,9,8280.0,46.0,60.0,180.0,540.0
2023-07-25,SVM201707000206,Hospital Gineco Obstetrico,-19.0453076497863,-65.2683837910934,activo,,59,55,2023-07-18,7,10620.0,59.0,54.0,620.0,380.0
2023-07-31,SVM201707000206,Hospital Gineco Obstetrico,-19.0453076497863,-65.2683837910934,activo,,29,20,2023-07-25,6,5220.0,29.0,0.0,200.0,380.0
2023-07-06,SVM201707000217,PLANETA KIDS,-19.0455714685946,-65.2574231604105,activo,,60,30,2023-06-30,6,10800.0,60.0,72.0,560.0,400.0
2023-07-11,SVM201707000217,PLANETA KIDS,-19.0455714685946,-65.2574231604105,activo,,49,0,2023-07-06,5,8820.0,49.0,84.0,380.0,320.0
2023-07-19,SVM201707000217,PLANETA KIDS,-19.0455714685946,-65.2574231604105,activo,,61,50,2023-07-11,8,10980.0,61.0,102.0,540.0,340.0
2023-07-24,SVM201707000217,PLANETA KIDS,-19.0455714685946,-65.2574231604105,activo,,23,30,2023-07-19,5,4140.0,23.0,60.0,140.0,120.0
2023-08-06,SVM201707000217,PLANETA KIDS,-19.0455714685946,-65.2574231604105,activo,,61,5,2023-07-24,13,10980.0,61.0,84.0,320.0,620.0
2023-07-09,SVM201707000201,HOSPITAL GASTROENTEROLOGICO,-19.045190671258,-65.2674982014533,activo,,21,2,2023-07-01,8,3780.0,21.0,48.0,60.0,200.0
2023-07-18,SVM201707000201,HOSPITAL GASTROENTEROLOGICO,-19.045190671258,-65.2674982014533,activo,,39,85,2023-07-09,9,7020.0,39.0,84.0,280.0,220.0
2023-07-25,SVM201707000201,HOSPITAL GASTROENTEROLOGICO,-19.045190671258,-65.2674982014533,activo,,26,60,2023-07-18,7,4680.0,26.0,42.0,140.0,240.0
2023-07-31,SVM201707000201,HOSPITAL GASTROENTEROLOGICO,-19.045190671258,-65.2674982014533,activo,,31,15,2023-07-25,6,5580.0,31.0,54.0,160.0,280.0
2023-07-05,SWM201707000210,Hospital Jaime Mendoza,-19.0460668264958,-65.2674587641731,inactivo,,47,40,2023-07-01,4,8460.0,47.0,72.0,340.0,360.0
2023-07-09,SWM201707000210,Hospital Jaime Mendoza,-19.0460668264958,-65.2674587641731,inactivo,,43,10,2023-07-05,4,7740.0,43.0,42.0,440.0,280.0
2023-07-13,SWM201707000210,Hospital Jaime Mendoza,-19.0460668264958,-65.2674587641731,inactivo,,62,65,2023-07-09,4,11160.0,62.0,126.0,500.0,320.0
2023-07-18,SWM201707000210,Hospital Jaime Mendoza,-19.0460668264958,-65.2674587641731,inactivo,,61,10,2023-07-13,5,10980.0,61.0,96.0,480.0,420.0
2023-07-23,SWM201707000210,Hospital Jaime Mendoza,-19.0460668264958,-65.2674587641731,inactivo,,62,70,2023-07-18,5,11160.0,62.0,72.0,580.0,420.0
2023-07-25,SWM201707000210,Hospital Jaime Mendoza,-19.0460668264958,-65.2674587641731,inactivo,,15,70,2023-07-23,2,2700.0,15.0,18.0,140.0,100.0
2023-07-31,SWM201707000210,Hospital Jaime Mendoza,-19.0460668264958,-65.2674587641731,inactivo,,57,10,2023-07-25,6,10260.0,57.0,96.0,400.0,420.0
2023-07-08,LE-F303V-SCZ-W-B003,Terminal de Buses Sucre,-19.0390010960377,-65.2469812394272,inactivo,,44,40,2023-07-03,5,7920.0,44.0,66.0,380.0,280.0
2023-07-15,LE-F303V-SCZ-W-B003,Terminal de Buses Sucre,-19.0390010960377,-65.2469812394272,inactivo,,61,100,2023-07-08,7,10980.0,61.0,48.0,560.0,500.0
2023-07-17,LE-F303V-SCZ-W-B003,Terminal de Buses Sucre,-19.0390010960377,-65.2469812394272,inactivo,,34,75,2023-07-15,2,6120.0,34.0,84.0,260.0,140.0
2023-07-24,LE-F303V-SCZ-W-B003,Terminal de Buses Sucre,-19.0390010960377,-65.2469812394272,inactivo,,62,10,2023-07-17,7,11160.0,62.0,90.0,560.0,380.0
2023-08-01,LE-F303V-SCZ-W-B003,Terminal de Buses Sucre,-19.0390010960377,-65.2469812394272,inactivo,,31,90,2023-07-24,8,5580.0,31.0,66.0,180.0,220.0
2023-07-09,SVM202211001658,Aeropuerto Alcantari,-19.2465508193052,-65.1511204662652,activo,,60,55,2023-07-03,6,10800.0,60.0,144.0,400.0,320.0
2023-07-14,SVM202211001658,Aeropuerto Alcantari,-19.2465508193052,-65.1511204662652,activo,,47,25,2023-07-09,5,8460.0,47.0,72.0,400.0,300.0
2023-07-19,SVM202211001658,Aeropuerto Alcantari,-19.2465508193052,-65.1511204662652,activo,,41,95,2023-07-14,5,7380.0,41.0,114.0,180.0,260.0
2023-07-24,SVM202211001658,Aeropuerto Alcantari,-19.2465508193052,-65.1511204662652,activo,,40,60,2023-07-19,5,7200.0,40.0,90.0,220.0,280.0
2023-07-31,SVM202211001658,Aeropuerto Alcantari,-19.2465508193052,-65.1511204662652,activo,,62,15,2023-07-24,7,11160.0,62.0,150.0,300.0,440.0
2023-08-08,SVM201707000208,Cristo de las Américas,-19.0450551068471,-65.2687865487641,activo,,29,45,2023-07-01,38,5220.0,29.0,12.0,380.0,160.0
2023-08-14,SVM201707000208,Cristo de las Américas,-19.0450551068471,-65.2687865487641,activo,,22,25,2023-08-08,6,3960.0,22.0,36.0,140.0,180.0
2023-08-21,SVM201707000208,Cristo de las Américas,-19.0450551068471,-65.2687865487641,activo,,38,2,2023-08-14,7,6840.0,38.0,48.0,260.0,340.0
2023-08-28,SVM201707000208,Cristo de las Américas,-19.0450551068471,-65.2687865487641,activo,,44,95,2023-08-21,7,7920.0,44.0,54.0,320.0,380.0
2023-08-08,SVM201707000206,Hospital Gineco Obstetrico,-19.0453076497863,-65.2683837910934,activo,,37,0,2023-07-31,8,6660.0,37.0,36.0,380.0,240.0
2023-08-14,SVM201707000206,Hospital Gineco Obstetrico,-19.0453076497863,-65.2683837910934,activo,,31,90,2023-08-08,6,5580.0,31.0,60.0,80.0,340.0
2023-08-21,SVM201707000206,Hospital Gineco Obstetrico,-19.0453076497863,-65.2683837910934,activo,,49,40,2023-08-14,7,8820.0,49.0,84.0,200.0,500.0
2023-08-28,SVM201707000206,Hospital Gineco Obstetrico,-19.0453076497863,-65.2683837910934,activo,,36,7,2023-08-21,7,6480.0,36.0,48.0,200.0,360.0
2023-08-16,SVM201707000217,PLANETA KIDS,-19.0455714685946,-65.2574231604105,activo,,33,90,2023-08-06,10,5940.0,33.0,48.0,300.0,200.0
2023-08-23,SVM201707000217,PLANETA KIDS,-19.0455714685946,-65.2574231604105,activo,,39,55,2023-08-16,7,7020.0,39.0,48.0,320.0,300.0
2023-09-02,SVM201707000217,PLANETA KIDS,-19.0455714685946,-65.2574231604105,activo,,61,15,2023-08-23,10,10980.0,61.0,78.0,680.0,280.0
2023-08-08,SVM201707000201,HOSPITAL GASTROENTEROLOGICO,-19.045190671258,-65.2674982014533,activo,,30,0,2023-07-31,8,5400.0,30.0,36.0,140.0,340.0
2023-08-14,SVM201707000201,HOSPITAL GASTROENTEROLOGICO,-19.045190671258,-65.2674982014533,activo,,23,95,2023-08-08,6,4140.0,23.0,54.0,180.0,100.0
2023-08-21,SVM201707000201,HOSPITAL GASTROENTEROLOGICO,-19.045190671258,-65.2674982014533,activo,,27,70,2023-08-14,7,4860.0,27.0,36.0,260.0,160.0
2023-08-28,SVM201707000201,HOSPITAL GASTROENTEROLOGICO,-19.045190671258,-65.2674982014533,activo,,13,50,2023-08-21,7,2340.0,13.0,24.0,80.0,100.0
2023-08-06,SVM201707000210,Hospital Jaime Mendoza,-19.0460668264958,-65.2674587641731,inactivo,,60,70,,,10800.0,60.0,84.0,560.0,360.0
2023-08-08,SVM201707000210,Hospital Jaime Mendoza,-19.0460668264958,-65.2674587641731,inactivo,,25,55,2023-08-06,2,4500.0,25.0,66.0,140.0,140.0
2023-08-11,SVM201707000210,Hospital Jaime Mendoza,-19.0460668264958,-65.2674587641731,inactivo,,41,10,2023-08-08,3,7380.0,41.0,78.0,240.0,320.0
2023-08-10,LE-F303V-SCZ-W-B003,Terminal de Buses Sucre,-19.0390010960377,-65.2469812394272,inactivo,,48,45,2023-08-01,9,8640.0,48.0,84.0,500.0,180.0
2023-08-21,LE-F303V-SCZ-W-B003,Terminal de Buses Sucre,-19.0390010960377,-65.2469812394272,inactivo,,31,8,2023-08-10,11,5580.0,31.0,54.0,200.0,240.0
2023-08-30,LE-F303V-SCZ-W-B003,Terminal de Buses Sucre,-19.0390010960377,-65.2469812394272,inactivo,,27,90,2023-08-21,9,4860.0,27.0,42.0,240.0,160.0
2023-08-03,SVM202211001658,Aeropuerto Alcantari,-19.2465508193052,-65.1511204662652,activo,,30,90,2023-07-31,3,5400.0,30.0,36.0,140.0,340.0
2023-08-06,SVM202211001658,Aeropuerto Alcantari,-19.2465508193052,-65.1511204662652,activo,,37,70,2023-08-03,3,6660.0,37.0,138.0,200.0,80.0
2023-08-11,SVM202211001658,Aeropuerto Alcantari,-19.2465508193052,-65.1511204662652,activo,,43,35,2023-08-06,5,7740.0,43.0,102.0,260.0,260.0
2023-08-15,SVM202211001658,Aeropuerto Alcantari,-19.2465508193052,-65.1511204662652,activo,,49,100,2023-08-11,4,8820.0,49.0,132.0,220.0,320.0
2023-08-20,SVM202211001658,Aeropuerto Alcantari,-19.2465508193052,-65.1511204662652,activo,,39,65,2023-08-15,5,7020.0,39.0,156.0,80.0,180.0
2023-08-27,SVM202211001658,Aeropuerto Alcantari,-19.2465508193052,-65.1511204662652,activo,,45,35,2023-08-20,7,8100.0,45.0,84.0,200.0,420.0
2023-09-04,SVM202211001658,Aeropuerto Alcantari,-19.2465508193052,-65.1511204662652,activo,,60,100,2023-08-27,8,10800.0,60.0,138.0,260.0,480.0
2023-09-04,SVM201707000208,Cristo de las Américas,-19.0450551068471,-65.2687865487641,activo,,27,80,2023-08-28,7,4860.0,27.0,24.0,200.0,260.0
2023-09-11,SVM201707000208,Cristo de las Américas,-19.0450551068471,-65.2687865487641,activo,,26,65,2023-09-04,7,4680.0,26.0,24.0,220.0,220.0
2023-09-18,SVM201707000208,Cristo de las Américas,-19.0450551068471,-65.2687865487641,activo,,17,40,2023-09-11,7,3060.0,17.0,24.0,80.0,180.0
2023-09-29,SVM201707000208,Cristo de las Américas,-19.0450551068471,-65.2687865487641,activo,,48,95,2023-09-18,11,8640.0,48.0,36.0,360.0,480.0
2023-09-04,SVM201707000206,Hospital Gineco Obstetrico,-19.0453076497863,-65.2683837910934,activo,,40,95,2023-08-28,7,7200.0,40.0,30.0,240.0,460.0
2023-09-11,SVM201707000206,Hospital Gineco Obstetrico,-19.0453076497863,-65.2683837910934,activo,,39,65,2023-09-04,7,7020.0,39.0,54.0,260.0,340.0
2023-09-18,SVM201707000206,Hospital Gineco Obstetrico,-19.0453076497863,-65.2683837910934,activo,,38,40,2023-09-11,7,6840.0,38.0,66.0,240.0,300.0
2023-09-29,SVM201707000206,Hospital Gineco Obstetrico,-19.0453076497863,-65.2683837910934,activo,,41,95,2023-09-18,11,7380.0,41.0,60.0,380.0,240.0
2023-09-09,SVM201707000217,Planeta Kids,-19.0455714685946,-65.2574231604105,activo,,12,3,2023-09-02,7,2160.0,12.0,18.0,80.0,100.0
2023-09-21,SVM201707000217,Planeta Kids,-19.0455714685946,-65.2574231604105,activo,,54,60,2023-09-09,12,9720.0,54.0,114.0,480.0,220.0
2023-10-01,SVM201707000217,Planeta Kids,-19.0455714685946,-65.2574231604105,activo,,60,8,2023-09-21,10,10800.0,60.0,54.0,580.0,440.0
2023-09-04,SVM201707000201,HOSPITAL GASTROENTEROLOGICO,-19.045190671258,-65.2674982014533,activo,,13,45,2023-08-28,7,2340.0,13.0,18.0,140.0,60.0
2023-09-11,SVM201707000201,HOSPITAL GASTROENTEROLOGICO,-19.045190671258,-65.2674982014533,activo,,10,35,2023-09-04,7,1800.0,10.0,18.0,60.0,80.0
2023-09-18,SVM201707000201,HOSPITAL GASTROENTEROLOGICO,-19.045190671258,-65.2674982014533,activo,,21,10,2023-09-11,7,3780.0,21.0,18.0,120.0,240.0
2023-09-29,SVM201707000201,HOSPITAL GASTROENTEROLOGICO,-19.045190671258,-65.2674982014533,activo,,19,98,2023-09-18,11,3420.0,19.0,30.0,100.0,180.0
2023-09-06,LE-F303V-SCZ-W-B003,Terminal de Buses Sucre,-19.0390010960377,-65.2469812394272,inactivo,,25,70,2023-08-30,7,4500.0,25.0,54.0,220.0,100.0
2023-09-15,LE-F303V-SCZ-W-B003,Terminal de Buses Sucre,-19.0390010960377,-65.2469812394272,inactivo,,31,35,2023-09-06,9,5580.0,31.0,66.0,220.0,180.0
2023-10-02,LE-F303V-SCZ-W-B003,Terminal de Buses Sucre,-19.0390010960377,-65.2469812394272,inactivo,,56,0,2023-09-15,17,10080.0,56.0,90.0,400.0,420.0
2023-09-11,SVM202211001658,Aeropuerto Alcantari,-19.2465508193052,-65.1511204662652,activo,,60,70,2023-09-04,7,10800.0,60.0,132.0,400.0,360.0
2023-09-17,SVM202211001658,Aeropuerto Alcantari,-19.2465508193052,-65.1511204662652,activo,,49,35,2023-09-11,6,8820.0,49.0,114.0,240.0,360.0
2023-09-22,SVM202211001658,Aeropuerto Alcantari,-19.2465508193052,-65.1511204662652,activo,,53,100,2023-09-17,5,9540.0,53.0,126.0,240.0,400.0
2023-09-28,SVM202211001658,Aeropuerto Alcantari,-19.2465508193052,-65.1511204662652,activo,,48,65,2023-09-22,6,8640.0,48.0,156.0,220.0,220.0
2023-10-09,SVM201707000208,Cristo de las Américas,-19.0450551068471,-65.2687865487641,activo,,33,80,2023-09-29,10,5940.0,33.0,48.0,140.0,360.0
2023-10-16,SVM201707000208,Cristo de las Américas,-19.0450551068471,-65.2687865487641,activo,,29,40,2023-10-09,7,5220.0,29.0,60.0,260.0,120.0
2023-10-23,SVM201707000208,Cristo de las Américas,-19.0450551068471,-65.2687865487641,activo,,55,0,2023-10-16,7,9900.0,55.0,72.0,420.0,440.0
2023-10-29,SVM201707000208,Cristo de las Américas,-19.0450551068471,-65.2687865487641,activo,,29,70,2023-10-23,6,5220.0,29.0,48.0,180.0,240.0
2023-10-09,SVM201707000206,Hospital Gineco Obstetrico,-19.0453076497863,-65.2683837910934,activo,,52,50,2023-09-29,10,9360.0,52.0,72.0,380.0,420.0
2023-10-16,SVM201707000206,Hospital Gineco Obstetrico,-19.0453076497863,-65.2683837910934,activo,,46,10,2023-10-09,7,8280.0,46.0,84.0,280.0,360.0
2023-10-23,SVM201707000206,Hospital Gineco Obstetrico,-19.0453076497863,-65.2683837910934,activo,,42,95,2023-10-16,7,7560.0,42.0,54.0,240.0,420.0
2023-10-30,SVM201707000206,Hospital Gineco Obstetrico,-19.0453076497863,-65.2683837910934,activo,,44,75,2023-10-23,7,7920.0,44.0,78.0,320.0,300.0
2023-10-08,SVM201707000217,Planeta Kids,-19.0455714685946,-65.2574231604105,activo,,27,100,2023-10-01,7,4860.0,27.0,48.0,220.0,160.0
2023-10-21,SVM201707000217,Planeta Kids,-19.0455714685946,-65.2574231604105,activo,,54,55,2023-10-08,13,9720.0,54.0,54.0,540.0,360.0
2023-10-29,SVM201707000217,Planeta Kids,-19.0455714685946,-65.2574231604105,activo,,37,25,2023-10-21,8,6660.0,37.0,72.0,320.0,180.0
2023-10-09,SVM201707000201,HOSPITAL GASTROENTEROLOGICO,-19.045190671258,-65.2674982014533,activo,,37,80,2023-09-29,10,6660.0,37.0,54.0,220.0,340.0
2023-10-16,SVM201707000201,HOSPITAL GASTROENTEROLOGICO,-19.045190671258,-65.2674982014533,activo,,19,55,2023-10-09,7,3420.0,19.0,12.0,200.0,140.0
2023-10-23,SVM201707000201,HOSPITAL GASTROENTEROLOGICO,-19.045190671258,-65.2674982014533,activo,,20,30,2023-10-16,7,3600.0,20.0,42.0,20.0,240.0
2023-10-30,SVM201707000201,HOSPITAL GASTROENTEROLOGICO,-19.045190671258,-65.2674982014533,activo,,16,20,2023-10-23,7,2880.0,16.0,6.0,100.0,200.0
2023-10-09,LE-F303V-SCZ-W-B003,Terminal de Buses Sucre,-19.0390010960377,-65.2469812394272,inactivo,,25,85,2023-10-02,7,4500.0,25.0,36.0,180.0,200.0
2023-10-20,LE-F303V-SCZ-W-B003,Terminal de Buses Sucre,-19.0390010960377,-65.2469812394272,inactivo,,37,55,2023-10-09,11,6660.0,37.0,78.0,200.0,280.0
2023-10-04,SVM202211001658,Aeropuerto Alcantari,-19.2465508193052,-65.1511204662652,activo,,57,30,2023-09-28,6,10260.0,57.0,132.0,280.0,420.0
2023-10-09,SVM202211001658,Aeropuerto Alcantari,-19.2465508193052,-65.1511204662652,activo,,44,100,2023-10-04,5,7920.0,44.0,120.0,80.0,400.0
2023-10-14,SVM202211001658,Aeropuerto Alcantari,-19.2465508193052,-65.1511204662652,activo,,27,80,2023-10-09,5,4860.0,27.0,72.0,100.0,200.0
2023-10-20,SVM202211001658,Aeropuerto Alcantari,-19.2465508193052,-65.1511204662652,activo,,58,35,2023-10-14,6,10440.0,58.0,162.0,260.0,360.0
2023-10-25,SVM202211001658,Aeropuerto Alcantari,-19.2465508193052,-65.1511204662652,activo,,59,100,2023-10-20,5,10620.0,59.0,162.0,280.0,360.0
2023-10-31,SVM202211001658,Aeropuerto Alcantari,-19.2465508193052,-65.1511204662652,activo,,40,70,2023-10-25,6,7200.0,40.0,120.0,180.0,220.0
2023-10-30,SVM202211001655,Language Garden,-19.0441883828623,-65.2568119893745,inactivo,Funcionó poco tiempo 1 - 3 mesaes o menos,8,55,,,1440.0,8.0,24.0,80.0,0.0
2023-10-06,SVM202211001652,Fexpo - Pab A,-19.0059298965864,-65.2997195592935,inactivo,"Funcionó solo dos años, durante dos semanas en la FEXPO",10,80,,,1800.0,10.0,18.0,60.0,80.0
2023-10-07,SVM202211001652,Fexpo - Pab A,-19.0059298965864,-65.2997195592935,inactivo,"Funcionó solo dos años, durante dos semanas en la FEXPO",22,70,2023-10-06,1,3960.0,22.0,42.0,160.0,140.0
2023-10-08,SVM202211001652,Fexpo - Pab A,-19.0059298965864,-65.2997195592935,inactivo,"Funcionó solo dos años, durante dos semanas en la FEXPO",34,35,2023-10-07,1,6120.0,34.0,54.0,260.0,240.0
2023-10-09,SVM202211001652,Fexpo - Pab A,-19.0059298965864,-65.2997195592935,inactivo,"Funcionó solo dos años, durante dos semanas en la FEXPO",53,100,2023-10-08,1,9540.0,53.0,78.0,280.0,520.0
2023-10-10,SVM202211001652,Fexpo - Pab A,-19.0059298965864,-65.2997195592935,inactivo,"Funcionó solo dos años, durante dos semanas en la FEXPO",26,90,2023-10-09,1,4680.0,26.0,24.0,120.0,320.0
2023-10-11,SVM202211001652,Fexpo - Pab A,-19.0059298965864,-65.2997195592935,inactivo,"Funcionó solo dos años, durante dos semanas en la FEXPO",14,75,2023-10-10,1,2520.0,14.0,30.0,40.0,140.0
2023-10-12,SVM202211001652,Fexpo - Pab A,-19.0059298965864,-65.2997195592935,inactivo,"Funcionó solo dos años, durante dos semanas en la FEXPO",30,55,2023-10-11,1,5400.0,30.0,78.0,60.0,280.0
2023-10-14,SVM202211001652,Fexpo - Pab A,-19.0059298965864,-65.2997195592935,inactivo,"Funcionó solo dos años, durante dos semanas en la FEXPO",26,30,2023-10-12,2,4680.0,26.0,48.0,200.0,160.0
2023-10-15,SVM202211001652,Fexpo - Pab A,-19.0059298965864,-65.2997195592935,inactivo,"Funcionó solo dos años, durante dos semanas en la FEXPO",16,20,2023-10-14,1,2880.0,16.0,24.0,40.0,200.0
2023-10-06,SVM202211001656,Fexpo - Pab B,-19.0059298965864,-65.2997195592935,inactivo,"Funcionó solo dos años, durante dos semanas en la FEXPO",12,80,,,2160.0,12.0,18.0,140.0,40.0
2023-10-07,SVM202211001656,Fexpo - Pab B,-19.0059298965864,-65.2997195592935,inactivo,"Funcionó solo dos años, durante dos semanas en la FEXPO",19,55,2023-10-06,1,3420.0,19.0,30.0,180.0,100.0
2023-10-08,SVM202211001656,Fexpo - Pab B,-19.0059298965864,-65.2997195592935,inactivo,"Funcionó solo dos años, durante dos semanas en la FEXPO",25,45,2023-10-07,1,4500.0,25.0,54.0,100.0,220.0
2023-10-09,SVM202211001656,Fexpo - Pab B,-19.0059298965864,-65.2997195592935,inactivo,"Funcionó solo dos años, durante dos semanas en la FEXPO",11,35,2023-10-08,1,1980.0,11.0,12.0,100.0,80.0
2023-10-10,SVM202211001656,Fexpo - Pab B,-19.0059298965864,-65.2997195592935,inactivo,"Funcionó solo dos años, durante dos semanas en la FEXPO",69,75,2023-10-09,1,12420.0,69.0,84.0,460.0,640.0
2023-10-11,SVM202211001656,Fexpo - Pab B,-19.0059298965864,-65.2997195592935,inactivo,"Funcionó solo dos años, durante dos semanas en la FEXPO",27,55,2023-10-10,1,4860.0,27.0,60.0,180.0,160.0
2023-10-14,SVM202211001656,Fexpo - Pab B,-19.0059298965864,-65.2997195592935,inactivo,"Funcionó solo dos años, durante dos semanas en la FEXPO",61,50,2023-10-11,3,10980.0,61.0,102.0,460.0,420.0
2023-10-15,SVM202211001656,Fexpo - Pab B,-19.0059298965864,-65.2997195592935,inactivo,"Funcionó solo dos años, durante dos semanas en la FEXPO",61,5,2023-10-14,1,10980.0,61.0,84.0,400.0,540.0
2023-10-06,SVM202211001651,Fexpo - Pab B2,-19.0059298965864,-65.2997195592935,inactivo,"Funcionó solo dos años, durante dos semanas en la FEXPO",6,85,,,1080.0,6.0,12.0,20.0,60.0
2023-10-07,SVM202211001651,Fexpo - Pab B2,-19.0059298965864,-65.2997195592935,inactivo,"Funcionó solo dos años, durante dos semanas en la FEXPO",10,85,2023-10-06,1,1800.0,10.0,24.0,60.0,60.0
2023-10-08,SVM202211001651,Fexpo - Pab B2,-19.0059298965864,-65.2997195592935,inactivo,"Funcionó solo dos años, durante dos semanas en la FEXPO",64,25,2023-10-07,1,11520.0,64.0,90.0,320.0,660.0
2023-10-09,SVM202211001651,Fexpo - Pab B2,-19.0059298965864,-65.2997195592935,inactivo,"Funcionó solo dos años, durante dos semanas en la FEXPO",33,100,2023-10-08,1,5940.0,33.0,18.0,280.0,320.0
2023-10-10,SVM202211001651,Fexpo - Pab B2,-19.0059298965864,-65.2997195592935,inactivo,"Funcionó solo dos años, durante dos semanas en la FEXPO",26,90,2023-10-09,1,4680.0,26.0,30.0,160.0,260.0
2023-10-11,SVM202211001651,Fexpo - Pab B2,-19.0059298965864,-65.2997195592935,inactivo,"Funcionó solo dos años, durante dos semanas en la FEXPO",21,70,2023-10-10,1,3780.0,21.0,24.0,180.0,160.0
2023-10-14,SVM202211001651,Fexpo - Pab B2,-19.0059298965864,-65.2997195592935,inactivo,"Funcionó solo dos años, durante dos semanas en la FEXPO",66,30,2023-10-11,3,11880.0,66.0,72.0,460.0,620.0
2023-10-15,SVM202211001651,Fexpo - Pab B2,-19.0059298965864,-65.2997195592935,inactivo,"Funcionó solo dos años, durante dos semanas en la FEXPO",36,40,2023-10-14,1,6480.0,36.0,48.0,180.0,380.0
2023-10-06,SVM202211001657,Fexpo - Pab D,-19.0059298965864,-65.2997195592935,inactivo,"Funcionó solo dos años, durante dos semanas en la FEXPO",13,80,,,2340.0,13.0,6.0,80.0,160.0
2023-10-07,SVM202211001657,Fexpo - Pab D,-19.0059298965864,-65.2997195592935,inactivo,"Funcionó solo dos años, durante dos semanas en la FEXPO",37,45,2023-10-06,1,6660.0,37.0,42.0,180.0,420.0
2023-10-08,SVM202211001657,Fexpo - Pab D,-19.0059298965864,-65.2997195592935,inactivo,"Funcionó solo dos años, durante dos semanas en la FEXPO",69,0,2023-10-07,1,12420.0,69.0,138.0,400.0,520.0
2023-10-09,SVM202211001657,Fexpo - Pab D,-19.0059298965864,-65.2997195592935,inactivo,"Funcionó solo dos años, durante dos semanas en la FEXPO",19,90,2023-10-08,1,3420.0,19.0,66.0,100.0,60.0
2023-10-10,SVM202211001657,Fexpo - Pab D,-19.0059298965864,-65.2997195592935,inactivo,"Funcionó solo dos años, durante dos semanas en la FEXPO",13,85,2023-10-09,1,2340.0,13.0,18.0,60.0,140.0
2023-10-11,SVM202211001657,Fexpo - Pab D,-19.0059298965864,-65.2997195592935,inactivo,"Funcionó solo dos años, durante dos semanas en la FEXPO",11,80,2023-10-10,1,1980.0,11.0,6.0,100.0,100.0
2023-10-12,SVM202211001657,Fexpo - Pab D,-19.0059298965864,-65.2997195592935,inactivo,"Funcionó solo dos años, durante dos semanas en la FEXPO",32,40,2023-10-11,1,5760.0,32.0,60.0,120.0,320.0
2023-10-14,SVM202211001657,Fexpo - Pab D,-19.0059298965864,-65.2997195592935,inactivo,"Funcionó solo dos años, durante dos semanas en la FEXPO",58,45,2023-10-12,2,10440.0,58.0,96.0,280.0,560.0
2023-10-15,SVM202211001657,Fexpo - Pab D,-19.0059298965864,-65.2997195592935,inactivo,"Funcionó solo dos años, durante dos semanas en la FEXPO",32,10,2023-10-14,1,5760.0,32.0,54.0,140.0,320.0
2023-11-06,SVM201707000208,Cristo de las Américas,-19.0450551068471,-65.2687865487641,activo,,60,15,2023-10-29,8,10800.0,60.0,108.0,400.0,440.0
2023-11-13,SVM201707000208,Cristo de las Américas,-19.0450551068471,-65.2687865487641,activo,,36,95,2023-11-06,7,6480.0,36.0,60.0,360.0,160.0
2023-11-20,SVM201707000208,Cristo de las Américas,-19.0450551068471,-65.2687865487641,activo,,61,50,2023-11-13,7,10980.0,61.0,72.0,400.0,580.0
2023-11-27,SVM201707000208,Cristo de las Américas,-19.0450551068471,-65.2687865487641,activo,,53,7,2023-11-20,7,9540.0,53.0,60.0,480.0,380.0
2023-11-06,SVM201707000206,Hospital Gineco Obstetrico,-19.0453076497863,-65.2683837910934,activo,,54,10,2023-10-30,7,9720.0,54.0,84.0,340.0,460.0
2023-11-13,SVM201707000206,Hospital Gineco Obstetrico,-19.0453076497863,-65.2683837910934,activo,,50,90,2023-11-06,7,9000.0,50.0,60.0,380.0,420.0
2023-11-20,SVM201707000206,Hospital Gineco Obstetrico,-19.0453076497863,-65.2683837910934,activo,,46,50,2023-11-13,7,8280.0,46.0,54.0,360.0,380.0
2023-11-24,SVM201707000206,Hospital Gineco Obstetrico,-19.0453076497863,-65.2683837910934,activo,,34,20,2023-11-20,4,6120.0,34.0,72.0,180.0,260.0
2023-11-27,SVM201707000206,Hospital Gineco Obstetrico,-19.0453076497863,-65.2683837910934,activo,,21,5,2023-11-24,3,3780.0,21.0,18.0,240.0,120.0
2023-11-08,SVM201707000217,Planeta Kids,-19.0455714685946,-65.2574231604105,activo,,45,95,2023-10-29,10,8100.0,45.0,102.0,280.0,280.0
2023-11-20,SVM201707000217,Planeta Kids,-19.0455714685946,-65.2574231604105,activo,,56,50,2023-11-08,12,10080.0,56.0,48.0,640.0,320.0
2023-11-28,SVM201707000217,Planeta Kids,-19.0455714685946,-65.2574231604105,activo,,48,15,2023-11-20,8,8640.0,48.0,60.0,560.0,200.0
2023-11-06,SVM201707000201,HOSPITAL GASTROENTEROLOGICO,-19.045190671258,-65.2674982014533,activo,,16,5,2023-10-30,7,2880.0,16.0,24.0,120.0,120.0
2023-11-13,SVM201707000201,HOSPITAL GASTROENTEROLOGICO,-19.045190671258,-65.2674982014533,activo,,26,95,2023-11-06,7,4680.0,26.0,12.0,100.0,380.0
2023-11-20,SVM201707000201,HOSPITAL GASTROENTEROLOGICO,-19.045190671258,-65.2674982014533,activo,,35,80,2023-11-13,7,6300.0,35.0,18.0,200.0,440.0
2023-11-27,SVM201707000201,HOSPITAL GASTROENTEROLOGICO,-19.045190671258,-65.2674982014533,activo,,37,40,2023-11-20,7,6660.0,37.0,24.0,440.0,220.0
2023-11-03,LE-F303V-SCZ-W-B003,Terminal de Buses Sucre,-19.0390010960377,-65.2469812394272,inactivo,,52,5,2023-10-20,14,9360.0,52.0,114.0,320.0,340.0
2023-11-10,LE-F303V-SCZ-W-B003,Terminal de Buses Sucre,-19.0390010960377,-65.2469812394272,inactivo,,29,90,2023-11-03,7,5220.0,29.0,54.0,280.0,120.0
2023-11-15,LE-F303V-SCZ-W-B003,Terminal de Buses Sucre,-19.0390010960377,-65.2469812394272,inactivo,,18,80,2023-11-10,5,3240.0,18.0,30.0,140.0,120.0
2023-11-27,LE-F303V-SCZ-W-B003,Terminal de Buses Sucre,-19.0390010960377,-65.2469812394272,inactivo,,63,10,2023-11-15,12,11340.0,63.0,114.0,400.0,480.0
2023-11-06,SVM202211001658,Aeropuerto Alcantari,-19.2465508193052,-65.1511204662652,activo,,53,30,2023-10-31,6,9540.0,53.0,126.0,240.0,400.0
2023-11-11,SVM202211001658,Aeropuerto Alcantari,-19.2465508193052,-65.1511204662652,activo,,40,100,2023-11-06,5,7200.0,40.0,102.0,160.0,300.0
2023-11-19,SVM202211001658,Aeropuerto Alcantari,-19.2465508193052,-65.1511204662652,activo,,58,65,2023-11-11,8,10440.0,58.0,186.0,260.0,280.0
2023-11-24,SVM202211001658,Aeropuerto Alcantari,-19.2465508193052,-65.1511204662652,activo,,60,25,2023-11-19,5,10800.0,60.0,150.0,220.0,480.0
2023-11-27,SVM202211001658,Aeropuerto Alcantari,-19.2465508193052,-65.1511204662652,activo,,43,100,2023-11-24,3,7740.0,43.0,90.0,200.0,360.0
2023-12-02,SVM202211001658,Aeropuerto Alcantari,-19.2465508193052,-65.1511204662652,activo,,57,55,2023-11-27,5,10260.0,57.0,126.0,200.0,520.0
2023-10-31,SVM202211001653,Go fit,-19.0501445974528,-65.2522131168945,inactivo,,46,50,,,8280.0,46.0,90.0,180.0,440.0
2023-11-10,SVM202211001653,Go fit,-19.0501445974528,-65.2522131168945,inactivo,,12,40,2023-10-31,10,2160.0,12.0,18.0,20.0,160.0
2023-11-20,SVM202211001653,Go fit,-19.0501445974528,-65.2522131168945,inactivo,,6,30,2023-11-10,10,1080.0,6.0,6.0,0.0,100.0
2023-11-29,SVM202211001653,Go fit,-19.0501445974528,-65.2522131168945,inactivo,,6,15,2023-11-20,9,1080.0,6.0,6.0,40.0,60.0
2023-11-03,SVM202211001655,Language Garden,-19.0441883828623,-65.2568119893745,inactivo,Funcionó poco tiempo 1 - 3 mesaes o menos,19,40,2023-10-30,4,3420.0,19.0,0.0,380.0,0.0
2023-11-21,SVM202211001655,Language Garden,-19.0441883828623,-65.2568119893745,inactivo,Funcionó poco tiempo 1 - 3 mesaes o menos,5,35,2023-11-03,18,900.0,5.0,18.0,0.0,40.0
2023-12-04,SVM201707000208,Cristo de las Américas,-19.0450551068471,-65.2687865487641,activo,,58,80,2023-11-27,7,10440.0,58.0,66.0,260.0,680.0
2023-12-13,SVM201707000208,Cristo de las Américas,-19.0450551068471,-65.2687865487641,activo,,45,40,2023-12-04,9,8100.0,45.0,48.0,300.0,440.0
2023-12-18,SVM201707000208,Cristo de las Américas,-19.0450551068471,-65.2687865487641,activo,,29,15,2023-12-13,5,5220.0,29.0,66.0,200.0,160.0
2023-12-24,SVM201707000208,Cristo de las Américas,-19.0450551068471,-65.2687865487641,activo,,44,45,2023-12-18,6,7920.0,44.0,66.0,220.0,440.0
2023-12-04,SVM201707000206,Hospital Gineco Obstetrico,-19.0453076497863,-65.2683837910934,activo,,35,90,2023-11-27,7,6300.0,35.0,48.0,140.0,400.0
2023-12-13,SVM201707000206,Hospital Gineco Obstetrico,-19.0453076497863,-65.2683837910934,activo,,41,50,2023-12-04,9,7380.0,41.0,60.0,200.0,420.0
2023-12-18,SVM201707000206,Hospital Gineco Obstetrico,-19.0453076497863,-65.2683837910934,activo,,12,40,2023-12-13,5,2160.0,12.0,6.0,140.0,80.0
2023-12-26,SVM201707000206,Hospital Gineco Obstetrico,-19.0453076497863,-65.2683837910934,activo,,33,5,2023-12-18,8,5940.0,33.0,54.0,180.0,300.0
2023-12-07,SVM201707000217,Planeta Kids,-19.0455714685946,-65.2574231604105,activo,,38,95,2023-11-28,9,6840.0,38.0,84.0,280.0,200.0
2023-12-15,SVM201707000217,Planeta Kids,-19.0455714685946,-65.2574231604105,activo,,61,50,2023-12-07,8,10980.0,61.0,72.0,580.0,400.0
2023-12-27,SVM201707000217,Planeta Kids,-19.0455714685946,-65.2574231604105,activo,,57,5,2023-12-15,12,10260.0,57.0,42.0,620.0,380.0
2023-12-04,SVM201707000201,HOSPITAL GASTROENTEROLOGICO,-19.045190671258,-65.2674982014533,activo,,29,10,2023-11-27,7,5220.0,29.0,48.0,40.0,380.0
2023-12-12,SVM201707000201,HOSPITAL GASTROENTEROLOGICO,-19.045190671258,-65.2674982014533,activo,,32,0,2023-12-04,8,5760.0,32.0,36.0,120.0,400.0
2023-12-18,SVM201707000201,HOSPITAL GASTROENTEROLOGICO,-19.045190671258,-65.2674982014533,activo,,20,80,2023-12-12,6,3600.0,20.0,42.0,40.0,220.0
2023-12-26,SVM201707000201,HOSPITAL GASTROENTEROLOGICO,-19.045190671258,-65.2674982014533,activo,,43,40,2023-12-18,8,7740.0,43.0,66.0,240.0,400.0
2023-12-09,LE-F303V-SCZ-W-B003,Terminal de Buses Sucre,-19.0390010960377,-65.2469812394272,inactivo,,39,95,2023-11-27,12,7020.0,39.0,36.0,320.0,340.0
2023-12-22,LE-F303V-SCZ-W-B003,Terminal de Buses Sucre,-19.0390010960377,-65.2469812394272,inactivo,,63,40,2023-12-09,13,11340.0,63.0,78.0,460.0,540.0
2023-12-26,LE-F303V-SCZ-W-B003,Terminal de Buses Sucre,-19.0390010960377,-65.2469812394272,inactivo,,33,5,2023-12-22,4,5940.0,33.0,66.0,200.0,240.0
2023-12-08,SVM202211001658,Aeropuerto Alcantari,-19.2465508193052,-65.1511204662652,activo,,57,10,2023-12-02,6,10260.0,57.0,102.0,320.0,480.0
2023-12-10,SVM202211001658,Aeropuerto Alcantari,-19.2465508193052,-65.1511204662652,activo,,19,100,2023-12-08,2,3420.0,19.0,42.0,120.0,120.0
2023-12-15,SVM202211001658,Aeropuerto Alcantari,-19.2465508193052,-65.1511204662652,activo,,57,75,2023-12-10,5,10260.0,57.0,78.0,400.0,480.0
2023-12-19,SVM202211001658,Aeropuerto Alcantari,-19.2465508193052,-65.1511204662652,activo,,60,20,2023-12-15,4,10800.0,60.0,138.0,160.0,580.0
2023-12-21,SVM202211001658,Aeropuerto Alcantari,-19.2465508193052,-65.1511204662652,activo,,23,100,2023-12-19,2,4140.0,23.0,36.0,160.0,180.0
2023-12-25,SVM202211001658,Aeropuerto Alcantari,-19.2465508193052,-65.1511204662652,activo,,57,60,2023-12-21,4,10260.0,57.0,120.0,240.0,500.0
2023-12-27,SVM202211001658,Aeropuerto Alcantari,-19.2465508193052,-65.1511204662652,activo,,60,45,2023-12-25,2,10800.0,60.0,96.0,200.0,680.0
2023-12-19,SVM202211001653,Go fit,-19.0501445974528,-65.2522131168945,inactivo,,16,5,2023-11-29,20,2880.0,16.0,30.0,100.0,120.0
2023-12-26,SVM202211001653,Go fit,-19.0501445974528,-65.2522131168945,inactivo,,5,95,2023-12-19,7,900.0,5.0,6.0,60.0,20.0
2024-01-02,SVM202211001653,Go fit,-19.0501445974528,-65.2522131168945,inactivo,,2,90,2023-12-26,7,360.0,2.0,6.0,0.0,20.0
2023-12-27,SVM202211001657,German Mendoza,-19.0463265298455,-65.2468603175002,activo,,20,95,2023-10-15,73,3600.0,20.0,36.0,120.0,160.0
2023-12-29,SVM201707000208,Cristo de las Américas,-19.0450551068471,-65.2687865487641,activo,,44,10,2023-12-24,5,7920.0,44.0,66.0,180.0,480.0
2024-01-02,SVM201707000208,Cristo de las Américas,-19.0450551068471,-65.2687865487641,activo,,35,95,2023-12-29,4,6300.0,35.0,42.0,120.0,440.0
2024-01-06,SVM201707000208,Cristo de las Américas,-19.0450551068471,-65.2687865487641,activo,,58,45,2024-01-02,4,10440.0,58.0,72.0,320.0,600.0
2024-01-08,SVM201707000208,Cristo de las Américas,-19.0450551068471,-65.2687865487641,activo,,20,30,2024-01-06,2,3600.0,20.0,30.0,80.0,220.0
2024-01-15,SVM201707000208,Cristo de las Américas,-19.0450551068471,-65.2687865487641,activo,,43,98,2024-01-08,7,7740.0,43.0,60.0,200.0,460.0
2024-01-19,SVM201707000208,Cristo de las Américas,-19.0450551068471,-65.2687865487641,activo,,36,80,2024-01-15,4,6480.0,36.0,66.0,140.0,360.0
2024-01-23,SVM201707000208,Cristo de las Américas,-19.0450551068471,-65.2687865487641,activo,,31,45,2024-01-19,4,5580.0,31.0,36.0,160.0,340.0
2024-01-26,SVM201707000208,Cristo de las Américas,-19.0450551068471,-65.2687865487641,activo,,36,5,2024-01-23,3,6480.0,36.0,36.0,260.0,340.0
2024-01-30,SVM201707000208,Cristo de las Américas,-19.0450551068471,-65.2687865487641,activo,,29,95,2024-01-26,4,5220.0,29.0,48.0,100.0,320.0
2024-01-02,SVM201707000206,Hospital Gineco Obstetrico,-19.0453076497863,-65.2683837910934,activo,,26,96,2023-12-26,7,4680.0,26.0,36.0,240.0,160.0
2024-01-08,SVM201707000206,Hospital Gineco Obstetrico,-19.0453076497863,-65.2683837910934,activo,,10,92,2024-01-02,6,1800.0,10.0,12.0,40.0,120.0
2024-01-15,SVM201707000206,Hospital Gineco Obstetrico,-19.0453076497863,-65.2683837910934,activo,,28,70,2024-01-08,7,5040.0,28.0,48.0,260.0,140.0
2024-01-19,SVM201707000206,Hospital Gineco Obstetrico,-19.0453076497863,-65.2683837910934,activo,,16,55,2024-01-15,4,2880.0,16.0,30.0,40.0,180.0
2024-01-23,SVM201707000206,Hospital Gineco Obstetrico,-19.0453076497863,-65.2683837910934,activo,,6,50,2024-01-19,4,1080.0,6.0,6.0,40.0,60.0
2024-01-30,SVM201707000206,Hospital Gineco Obstetrico,-19.0453076497863,-65.2683837910934,activo,,17,35,2024-01-23,7,3060.0,17.0,42.0,120.0,80.0
2024-01-02,SVM201707000217,Planeta Kids,-19.0455714685946,-65.2574231604105,activo,,67,60,2023-12-27,6,12060.0,67.0,78.0,540.0,540.0
2024-01-07,SVM201707000217,Planeta Kids,-19.0455714685946,-65.2574231604105,activo,,42,30,2024-01-02,5,7560.0,42.0,42.0,500.0,200.0
2024-01-13,SVM201707000217,Planeta Kids,-19.0455714685946,-65.2574231604105,activo,,56,95,2024-01-07,6,10080.0,56.0,66.0,520.0,380.0
2024-01-19,SVM201707000217,Planeta Kids,-19.0455714685946,-65.2574231604105,activo,,56,45,2024-01-13,6,10080.0,56.0,84.0,400.0,440.0
2024-01-25,SVM201707000217,Planeta Kids,-19.0455714685946,-65.2574231604105,activo,,56,2,2024-01-19,6,10080.0,56.0,72.0,560.0,320.0
2024-01-31,SVM201707000217,Planeta Kids,-19.0455714685946,-65.2574231604105,activo,,57,60,2024-01-25,6,10260.0,57.0,108.0,480.0,300.0
2024-01-02,SVM201707000201,HOSPITAL GASTROENTEROLOGICO,-19.045190671258,-65.2674982014533,activo,,45,98,2023-12-26,7,8100.0,45.0,42.0,300.0,460.0
2024-01-08,SVM201707000201,HOSPITAL GASTROENTEROLOGICO,-19.045190671258,-65.2674982014533,activo,,20,85,2024-01-02,6,3600.0,20.0,30.0,20.0,280.0
2024-01-15,SVM201707000201,HOSPITAL GASTROENTEROLOGICO,-19.045190671258,-65.2674982014533,activo,,45,40,2024-01-08,7,8100.0,45.0,54.0,440.0,280.0
2024-01-19,SVM201707000201,HOSPITAL GASTROENTEROLOGICO,-19.045190671258,-65.2674982014533,activo,,18,25,2024-01-15,4,3240.0,18.0,24.0,80.0,200.0
2024-01-23,SVM201707000201,HOSPITAL GASTROENTEROLOGICO,-19.045190671258,-65.2674982014533,activo,,12,15,2024-01-19,4,2160.0,12.0,12.0,120.0,80.0
2024-01-30,SVM201707000201,HOSPITAL GASTROENTEROLOGICO,-19.045190671258,-65.2674982014533,activo,,33,0,2024-01-23,7,5940.0,33.0,24.0,180.0,400.0
2024-01-02,LE-F303V-SCZ-W-B003,Terminal de Buses Sucre,-19.0390010960377,-65.2469812394272,inactivo,,49,90,2023-12-26,7,8820.0,49.0,72.0,380.0,360.0
2024-01-10,LE-F303V-SCZ-W-B003,Terminal de Buses Sucre,-19.0390010960377,-65.2469812394272,inactivo,,78,3,2024-01-02,8,14040.0,78.0,84.0,480.0,800.0
2024-01-15,LE-F303V-SCZ-W-B003,Terminal de Buses Sucre,-19.0390010960377,-65.2469812394272,inactivo,,37,75,2024-01-10,5,6660.0,37.0,24.0,340.0,320.0
2024-01-18,LE-F303V-SCZ-W-B003,Terminal de Buses Sucre,-19.0390010960377,-65.2469812394272,inactivo,,26,50,2024-01-15,3,4680.0,26.0,60.0,120.0,200.0
2024-01-26,LE-F303V-SCZ-W-B003,Terminal de Buses Sucre,-19.0390010960377,-65.2469812394272,inactivo,,49,5,2024-01-18,8,8820.0,49.0,96.0,360.0,300.0
2024-01-30,LE-F303V-SCZ-W-B003,Terminal de Buses Sucre,-19.0390010960377,-65.2469812394272,inactivo,,39,95,2024-01-26,4,7020.0,39.0,30.0,200.0,480.0
2023-12-28,SVM202211001658,Aeropuerto Alcantari,-19.2465508193052,-65.1511204662652,activo,,33,100,2023-12-27,1,5940.0,33.0,54.0,160.0,320.0
2024-01-01,SVM202211001658,Aeropuerto Alcantari,-19.2465508193052,-65.1511204662652,activo,,56,85,2023-12-28,4,10080.0,56.0,138.0,300.0,360.0
2024-01-04,SVM202211001658,Aeropuerto Alcantari,-19.2465508193052,-65.1511204662652,activo,,51,30,2024-01-01,3,9180.0,51.0,126.0,280.0,320.0
2024-01-07,SVM202211001658,Aeropuerto Alcantari,-19.2465508193052,-65.1511204662652,activo,,31,100,2024-01-04,3,5580.0,31.0,84.0,60.0,280.0
2024-01-11,SVM202211001658,Aeropuerto Alcantari,-19.2465508193052,-65.1511204662652,activo,,56,65,2024-01-07,4,10080.0,56.0,144.0,220.0,420.0
2024-01-13,SVM202211001658,Aeropuerto Alcantari,-19.2465508193052,-65.1511204662652,activo,,46,30,2024-01-11,2,8280.0,46.0,78.0,300.0,360.0
2024-01-15,SVM202211001658,Aeropuerto Alcantari,-19.2465508193052,-65.1511204662652,activo,,42,100,2024-01-13,2,7560.0,42.0,66.0,220.0,400.0
2024-01-18,SVM202211001658,Aeropuerto Alcantari,-19.2465508193052,-65.1511204662652,activo,,34,80,2024-01-15,3,6120.0,34.0,60.0,100.0,380.0
2024-01-21,SVM202211001658,Aeropuerto Alcantari,-19.2465508193052,-65.1511204662652,activo,,30,50,2024-01-18,3,5400.0,30.0,48.0,80.0,360.0
2024-01-24,SVM202211001658,Aeropuerto Alcantari,-19.2465508193052,-65.1511204662652,activo,,58,100,2024-01-21,3,10440.0,58.0,126.0,380.0,360.0
2024-01-26,SVM202211001658,Aeropuerto Alcantari,-19.2465508193052,-65.1511204662652,activo,,54,65,2024-01-24,2,9720.0,54.0,132.0,200.0,440.0
2024-01-29,SVM202211001658,Aeropuerto Alcantari,-19.2465508193052,-65.1511204662652,activo,,46,40,2024-01-26,3,8280.0,46.0,84.0,260.0,380.0
2024-01-03,SVM202211001657,German Mnedoza,-19.0463265298455,-65.2468603175002,inactivo,,35,60,2023-12-27,7,6300.0,35.0,48.0,240.0,300.0
2024-01-10,SVM202211001657,German Mnedoza,-19.0463265298455,-65.2468603175002,inactivo,,42,35,2024-01-03,7,7560.0,42.0,102.0,180.0,320.0
2024-01-15,SVM202211001657,German Mnedoza,-19.0463265298455,-65.2468603175002,inactivo,,38,100,2024-01-10,5,6840.0,38.0,108.0,140.0,260.0
2024-01-17,SVM202211001657,German Mnedoza,-19.0463265298455,-65.2468603175002,inactivo,,55,60,2024-01-15,2,9900.0,55.0,54.0,460.0,460.0
2024-01-20,SVM202211001657,German Mnedoza,-19.0463265298455,-65.2468603175002,inactivo,,40,35,2024-01-17,3,7200.0,40.0,54.0,260.0,360.0
2024-01-22,SVM202211001657,German Mnedoza,-19.0463265298455,-65.2468603175002,inactivo,,32,8,2024-01-20,2,5760.0,32.0,72.0,140.0,260.0
2024-01-26,SVM202211001657,German Mnedoza,-19.0463265298455,-65.2468603175002,inactivo,,44,75,2024-01-22,4,7920.0,44.0,72.0,380.0,260.0
2024-01-29,SVM202211001657,German Mnedoza,-19.0463265298455,-65.2468603175002,inactivo,,41,45,2024-01-26,3,7380.0,41.0,54.0,440.0,200.0
2024-01-03,SVM202211001656,Av. Del Maestro,-19.0363518875073,-65.2587671278803,activo,,28,60,2023-10-15,80,5040.0,28.0,66.0,120.0,220.0
2024-01-12,SVM202211001656,Av. Del Maestro,-19.0363518875073,-65.2587671278803,activo,,28,45,2024-01-03,9,5040.0,28.0,66.0,40.0,300.0
2024-01-16,SVM202211001656,Av. Del Maestro,-19.0363518875073,-65.2587671278803,activo,,19,35,2024-01-12,4,3420.0,19.0,24.0,140.0,160.0
2024-01-20,SVM202211001656,Av. Del Maestro,-19.0363518875073,-65.2587671278803,activo,,33,100,2024-01-16,4,5940.0,33.0,78.0,160.0,240.0
2024-01-26,SVM202211001656,Av. Del Maestro,-19.0363518875073,-65.2587671278803,activo,,42,75,2024-01-20,6,7560.0,42.0,84.0,240.0,320.0
2024-02-02,SVM201707000208,Cristo de las Américas,-19.0450551068471,-65.2687865487641,activo,,15,80,2024-01-30,3,2700.0,15.0,0.0,120.0,180.0
2024-02-06,SVM201707000208,Cristo de las Américas,-19.0450551068471,-65.2687865487641,activo,,34,50,2024-02-02,4,6120.0,34.0,42.0,300.0,240.0
2024-02-09,SVM201707000208,Cristo de las Américas,-19.0450551068471,-65.2687865487641,activo,,37,12,2024-02-06,3,6660.0,37.0,96.0,180.0,240.0
2024-02-14,SVM201707000208,Cristo de las Américas,-19.0450551068471,-65.2687865487641,activo,,37,0,2024-02-09,5,6660.0,37.0,30.0,340.0,300.0
2024-02-16,SVM201707000208,Cristo de las Américas,-19.0450551068471,-65.2687865487641,activo,,10,96,2024-02-14,2,1800.0,10.0,18.0,60.0,80.0
2024-02-20,SVM201707000208,Cristo de las Américas,-19.0450551068471,-65.2687865487641,activo,,9,40,2024-02-16,4,1620.0,9.0,6.0,60.0,100.0
2024-03-01,SVM201707000208,Cristo de las Américas,-19.0450551068471,-65.2687865487641,activo,,66,94,2024-02-20,10,11880.0,66.0,54.0,600.0,540.0
2024-02-06,SVM201707000206,Hospital Gineco Obstetrico,-19.0453076497863,-65.2683837910934,activo,,23,7,2024-01-30,7,4140.0,23.0,42.0,120.0,200.0
2024-02-14,SVM201707000206,Hospital Gineco Obstetrico,-19.0453076497863,-65.2683837910934,activo,,21,0,2024-02-06,8,3780.0,21.0,12.0,140.0,240.0
2024-02-20,SVM201707000206,Hospital Gineco Obstetrico,-19.0453076497863,-65.2683837910934,activo,,20,95,2024-02-14,6,3600.0,20.0,30.0,160.0,140.0
2024-02-27,SVM201707000206,Hospital Gineco Obstetrico,-19.0453076497863,-65.2683837910934,activo,,28,75,2024-02-20,7,5040.0,28.0,42.0,260.0,160.0
2024-02-11,SVM201707000217,Planeta Kids,-19.0455714685946,-65.2574231604105,activo,,76,20,2024-01-31,11,13680.0,76.0,66.0,720.0,580.0
2024-02-21,SVM201707000217,Planeta Kids,-19.0455714685946,-65.2574231604105,activo,,52,10,2024-02-11,10,9360.0,52.0,36.0,640.0,280.0
2024-03-02,SVM201707000217,Planeta Kids,-19.0455714685946,-65.2574231604105,activo,,54,35,2024-02-21,10,9720.0,54.0,72.0,380.0,460.0
2024-02-06,SVM201707000201,HOSPITAL GASTROENTEROLOGICO,-19.045190671258,-65.2674982014533,activo,,24,85,2024-01-30,7,4320.0,24.0,24.0,120.0,280.0
2024-02-14,SVM201707000201,HOSPITAL GASTROENTEROLOGICO,-19.045190671258,-65.2674982014533,activo,,20,65,2024-02-06,8,3600.0,20.0,12.0,180.0,180.0
2024-02-20,SVM201707000201,HOSPITAL GASTROENTEROLOGICO,-19.045190671258,-65.2674982014533,activo,,28,40,2024-02-14,6,5040.0,28.0,18.0,200.0,300.0
2024-02-27,SVM201707000201,HOSPITAL GASTROENTEROLOGICO,-19.045190671258,-65.2674982014533,activo,,18,15,2024-02-20,7,3240.0,18.0,18.0,120.0,180.0
2024-02-22,SWM201707000210,Mercado San Antonio,-19.049135615241,-65.2411954847002,activo,,41,50,2023-07-31,206,7380.0,41.0,84.0,160.0,380.0
2024-02-28,SWM201707000210,Mercado San Antonio,-19.049135615241,-65.2411954847002,activo,,43,8,2024-02-22,6,7740.0,43.0,54.0,260.0,420.0
2024-02-05,LE-F303V-SCZ-W-B003,Terminal de Buses Sucre,-19.0390010960377,-65.2469812394272,inactivo,,51,50,2024-01-30,6,9180.0,51.0,78.0,460.0,300.0
2024-02-11,LE-F303V-SCZ-W-B003,Terminal de Buses Sucre,-19.0390010960377,-65.2469812394272,inactivo,,25,25,2024-02-05,6,4500.0,25.0,30.0,240.0,160.0
2024-02-15,LE-F303V-SCZ-W-B003,Terminal de Buses Sucre,-19.0390010960377,-65.2469812394272,inactivo,,42,100,2024-02-11,4,7560.0,42.0,72.0,260.0,340.0
2024-02-22,LE-F303V-SCZ-W-B003,Terminal de Buses Sucre,-19.0390010960377,-65.2469812394272,inactivo,,41,60,2024-02-15,7,7380.0,41.0,66.0,300.0,300.0
2024-02-29,LE-F303V-SCZ-W-B003,Terminal de Buses Sucre,-19.0390010960377,-65.2469812394272,inactivo,,25,45,2024-02-22,7,4500.0,25.0,18.0,220.0,220.0
2024-02-01,SVM202211001658,Aeropuerto Alcantari,-19.2465508193052,-65.1511204662652,activo,,55,100,2024-01-29,3,9900.0,55.0,132.0,260.0,400.0
2024-02-03,SVM202211001658,Aeropuerto Alcantari,-19.2465508193052,-65.1511204662652,activo,,42,75,2024-02-01,2,7560.0,42.0,108.0,260.0,220.0
2024-02-05,SVM202211001658,Aeropuerto Alcantari,-19.2465508193052,-65.1511204662652,activo,,24,50,2024-02-03,2,4320.0,24.0,66.0,100.0,160.0
2024-02-09,SVM202211001658,Aeropuerto Alcantari,-19.2465508193052,-65.1511204662652,activo,,47,20,2024-02-05,4,8460.0,47.0,96.0,180.0,440.0
2024-02-11,SVM202211001658,Aeropuerto Alcantari,-19.2465508193052,-65.1511204662652,activo,,31,100,2024-02-09,2,5580.0,31.0,66.0,200.0,200.0
2024-02-14,SVM202211001658,Aeropuerto Alcantari,-19.2465508193052,-65.1511204662652,activo,,56,55,2024-02-11,3,10080.0,56.0,126.0,240.0,460.0
2024-02-16,SVM202211001658,Aeropuerto Alcantari,-19.2465508193052,-65.1511204662652,activo,,42,35,2024-02-14,2,7560.0,42.0,96.0,180.0,340.0
2024-02-19,SVM202211001658,Aeropuerto Alcantari,-19.2465508193052,-65.1511204662652,activo,,25,100,2024-02-16,3,4500.0,25.0,54.0,80.0,240.0
2024-02-23,SVM202211001658,Aeropuerto Alcantari,-19.2465508193052,-65.1511204662652,activo,,34,80,2024-02-19,4,6120.0,34.0,72.0,180.0,260.0
2024-02-29,SVM202211001658,Aeropuerto Alcantari,-19.2465508193052,-65.1511204662652,activo,,55,40,2024-02-23,6,9900.0,55.0,162.0,160.0,400.0
2024-02-01,SVM202211001657,German Mnedoza,-19.0463265298455,-65.2468603175002,inactivo,,48,5,2024-01-29,3,8640.0,48.0,102.0,320.0,300.0
2024-02-04,SVM202211001657,German Mnedoza,-19.0463265298455,-65.2468603175002,inactivo,,46,75,2024-02-01,3,8280.0,46.0,78.0,300.0,360.0
2024-02-08,SVM202211001657,German Mnedoza,-19.0463265298455,-65.2468603175002,inactivo,,42,40,2024-02-04,4,7560.0,42.0,90.0,220.0,320.0
2024-02-09,SVM202211001657,German Mnedoza,-19.0463265298455,-65.2468603175002,inactivo,,33,15,2024-02-08,1,5940.0,33.0,60.0,200.0,260.0
2024-02-11,SVM202211001657,German Mnedoza,-19.0463265298455,-65.2468603175002,inactivo,,31,100,2024-02-09,2,5580.0,31.0,84.0,160.0,180.0
2024-02-14,SVM202211001657,German Mnedoza,-19.0463265298455,-65.2468603175002,inactivo,,53,60,2024-02-11,3,9540.0,53.0,114.0,300.0,380.0
2024-02-16,SVM202211001657,German Mnedoza,-19.0463265298455,-65.2468603175002,inactivo,,28,45,2024-02-14,2,5040.0,28.0,42.0,100.0,320.0
2024-02-20,SVM202211001657,German Mnedoza,-19.0463265298455,-65.2468603175002,inactivo,,42,2,2024-02-16,4,7560.0,42.0,72.0,240.0,360.0
2024-02-23,SVM202211001657,German Mnedoza,-19.0463265298455,-65.2468603175002,inactivo,,39,70,2024-02-20,3,7020.0,39.0,72.0,220.0,320.0
2024-02-26,SVM202211001657,German Mnedoza,-19.0463265298455,-65.2468603175002,inactivo,,47,40,2024-02-23,3,8460.0,47.0,120.0,200.0,340.0
2024-02-28,SVM202211001657,German Mnedoza,-19.0463265298455,-65.2468603175002,inactivo,,39,10,2024-02-26,2,7020.0,39.0,102.0,140.0,300.0
2024-02-02,SVM202211001656,Av. Del Maestro,-19.0363518875073,-65.2587671278803,activo,,31,50,2024-01-26,7,5580.0,31.0,60.0,260.0,160.0
2024-02-10,SVM202211001656,Av. Del Maestro,-19.0363518875073,-65.2587671278803,activo,,55,15,2024-02-02,8,9900.0,55.0,108.0,140.0,600.0
2024-02-17,SVM202211001656,Av. Del Maestro,-19.0363518875073,-65.2587671278803,activo,,26,100,2024-02-10,7,4680.0,26.0,42.0,140.0,240.0
2024-02-29,SVM202211001656,Av. Del Maestro,-19.0363518875073,-65.2587671278803,activo,,39,65,2024-02-17,12,7020.0,39.0,72.0,160.0,380.0
2024-03-05,SVM201707000208,Cristo de las Américas,-19.0450551068471,-65.2687865487641,activo,,17,85,2024-03-01,4,3060.0,17.0,18.0,120.0,160.0
2024-03-12,SVM201707000208,Cristo de las Américas,-19.0450551068471,-65.2687865487641,activo,,46,20,2024-03-05,7,8280.0,46.0,78.0,200.0,460.0
2024-03-19,SVM201707000208,Cristo de las Américas,-19.0450551068471,-65.2687865487641,activo,,40,98,2024-03-12,7,7200.0,40.0,72.0,220.0,340.0
2024-03-25,SVM201707000208,Cristo de las Américas,-19.0450551068471,-65.2687865487641,activo,,56,50,2024-03-19,6,10080.0,56.0,126.0,340.0,360.0
2024-04-02,SVM201707000208,Cristo de las Américas,-19.0450551068471,-65.2687865487641,activo,,41,4,2024-03-25,8,7380.0,41.0,84.0,220.0,320.0
2024-03-05,SVM201707000206,Hospital Gineco Obstetrico,-19.0453076497863,-65.2683837910934,activo,,21,50,2024-02-27,7,3780.0,21.0,24.0,160.0,180.0
2024-03-12,SVM201707000206,Hospital Gineco Obstetrico,-19.0453076497863,-65.2683837910934,activo,,21,20,2024-03-05,7,3780.0,21.0,30.0,140.0,180.0
2024-03-19,SVM201707000206,Hospital Gineco Obstetrico,-19.0453076497863,-65.2683837910934,activo,,22,5,2024-03-12,7,3960.0,22.0,36.0,160.0,160.0
2024-03-25,SVM201707000206,Hospital Gineco Obstetrico,-19.0453076497863,-65.2683837910934,activo,,24,96,2024-03-19,6,4320.0,24.0,36.0,160.0,200.0
2024-04-02,SVM201707000206,Hospital Gineco Obstetrico,-19.0453076497863,-65.2683837910934,activo,,25,75,2024-03-25,8,4500.0,25.0,36.0,260.0,120.0
2024-03-10,SVM201707000217,Planeta Kids,-19.0455714685946,-65.2574231604105,activo,,52,5,2024-03-02,8,9360.0,52.0,30.0,520.0,420.0
2024-03-18,SVM201707000217,Planeta Kids,-19.0455714685946,-65.2574231604105,activo,,59,65,2024-03-10,8,10620.0,59.0,126.0,400.0,360.0
2024-03-26,SVM201707000217,Planeta Kids,-19.0455714685946,-65.2574231604105,activo,,33,45,2024-03-18,8,5940.0,33.0,30.0,200.0,360.0
2024-04-03,SVM201707000217,Planeta Kids,-19.0455714685946,-65.2574231604105,activo,,39,10,2024-03-26,8,7020.0,39.0,72.0,200.0,340.0
2024-03-05,SVM201707000201,HOSPITAL GASTROENTEROLOGICO,-19.045190671258,-65.2674982014533,activo,,11,10,2024-02-27,7,1980.0,11.0,24.0,80.0,60.0
2024-03-12,SVM201707000201,HOSPITAL GASTROENTEROLOGICO,-19.045190671258,-65.2674982014533,activo,,23,0,2024-03-05,7,4140.0,23.0,42.0,140.0,180.0
2024-03-19,SVM201707000201,HOSPITAL GASTROENTEROLOGICO,-19.045190671258,-65.2674982014533,activo,,39,85,2024-03-12,7,7020.0,39.0,42.0,200.0,440.0
2024-03-25,SVM201707000201,HOSPITAL GASTROENTEROLOGICO,-19.045190671258,-65.2674982014533,activo,,24,50,2024-03-19,6,4320.0,24.0,42.0,100.0,240.0
2024-04-02,SVM201707000201,HOSPITAL GASTROENTEROLOGICO,-19.045190671258,-65.2674982014533,activo,,27,15,2024-03-25,8,4860.0,27.0,24.0,160.0,300.0
2024-03-05,SWM201707000210,Mercado San Antonio,-19.049135615241,-65.2411954847002,activo,,20,95,2024-02-28,6,3600.0,20.0,24.0,80.0,240.0
2024-03-13,SWM201707000210,Mercado San Antonio,-19.049135615241,-65.2411954847002,activo,,38,60,2024-03-05,8,6840.0,38.0,48.0,160.0,440.0
2024-03-21,SWM201707000210,Mercado San Antonio,-19.049135615241,-65.2411954847002,activo,,30,45,2024-03-13,8,5400.0,30.0,66.0,80.0,300.0
2024-03-28,SWM201707000210,Mercado San Antonio,-19.049135615241,-65.2411954847002,activo,,37,8,2024-03-21,7,6660.0,37.0,66.0,160.0,360.0
2024-04-02,SWM201707000210,Mercado San Antonio,-19.049135615241,-65.2411954847002,activo,,30,90,2024-03-28,5,5400.0,30.0,54.0,100.0,320.0
2024-03-13,LE-F303V-SCZ-W-B003,Terminal de Buses Sucre,-19.0390010960377,-65.2469812394272,inactivo,,56,100,2024-02-29,13,10080.0,56.0,90.0,360.0,460.0
2024-03-23,LE-F303V-SCZ-W-B003,Terminal de Buses Sucre,-19.0390010960377,-65.2469812394272,inactivo,,0,100,2024-03-13,10,0.0,0.0,0.0,0.0,0.0
2024-03-28,LE-F303V-SCZ-W-B003,Terminal de Buses Sucre,-19.0390010960377,-65.2469812394272,inactivo,,26,80,2024-03-23,5,4680.0,26.0,54.0,140.0,200.0
2024-04-02,LE-F303V-SCZ-W-B003,Terminal de Buses Sucre,-19.0390010960377,-65.2469812394272,inactivo,,47,40,2024-03-28,5,8460.0,47.0,66.0,420.0,300.0
2024-03-05,SVM202211001658,Aeropuerto Alcantari,-19.2465508193052,-65.1511204662652,activo,,61,100,2024-02-29,5,10980.0,61.0,120.0,240.0,580.0
2024-03-12,SVM202211001658,Aeropuerto Alcantari,-19.2465508193052,-65.1511204662652,activo,,48,75,2024-03-05,7,8640.0,48.0,60.0,260.0,500.0
2024-03-18,SVM202211001658,Aeropuerto Alcantari,-19.2465508193052,-65.1511204662652,activo,,47,40,2024-03-12,6,8460.0,47.0,126.0,260.0,260.0
2024-03-24,SVM202211001658,Aeropuerto Alcantari,-19.2465508193052,-65.1511204662652,activo,,30,10,2024-03-18,6,5400.0,30.0,42.0,140.0,320.0
2024-03-26,SVM202211001658,Aeropuerto Alcantari,-19.2465508193052,-65.1511204662652,activo,,15,100,2024-03-24,2,2700.0,15.0,42.0,80.0,80.0
2024-03-29,SVM202211001658,Aeropuerto Alcantari,-19.2465508193052,-65.1511204662652,activo,,40,80,2024-03-26,3,7200.0,40.0,108.0,260.0,180.0
2024-04-01,SVM202211001658,Aeropuerto Alcantari,-19.2465508193052,-65.1511204662652,activo,,33,55,2024-03-29,3,5940.0,33.0,60.0,200.0,260.0
2024-03-04,SVM202211001657,German Mnedoza,-19.0463265298455,-65.2468603175002,inactivo,,48,75,2024-02-28,5,8640.0,48.0,132.0,260.0,260.0
2024-03-07,SVM202211001657,German Mnedoza,-19.0463265298455,-65.2468603175002,inactivo,,44,40,2024-03-04,3,7920.0,44.0,84.0,280.0,320.0
2024-03-10,SVM202211001657,German Mnedoza,-19.0463265298455,-65.2468603175002,inactivo,,34,12,2024-03-07,3,6120.0,34.0,96.0,140.0,220.0
2024-03-13,SVM202211001657,German Mnedoza,-19.0463265298455,-65.2468603175002,inactivo,,34,95,2024-03-10,3,6120.0,34.0,90.0,140.0,240.0
2024-03-18,SVM202211001657,German Mnedoza,-19.0463265298455,-65.2468603175002,inactivo,,52,50,2024-03-13,5,9360.0,52.0,120.0,200.0,440.0
2024-03-21,SVM202211001657,German Mnedoza,-19.0463265298455,-65.2468603175002,inactivo,,44,20,2024-03-18,3,7920.0,44.0,126.0,100.0,360.0
2024-03-24,SVM202211001657,German Mnedoza,-19.0463265298455,-65.2468603175002,inactivo,,26,100,2024-03-21,3,4680.0,26.0,36.0,120.0,280.0
2024-03-29,SVM202211001657,German Mnedoza,-19.0463265298455,-65.2468603175002,inactivo,,42,65,2024-03-24,5,7560.0,42.0,90.0,200.0,340.0
2024-04-01,SVM202211001657,German Mnedoza,-19.0463265298455,-65.2468603175002,inactivo,,19,50,2024-03-29,3,3420.0,19.0,18.0,160.0,160.0
2024-03-13,SVM202211001656,Av. Del Maestro,-19.0363518875073,-65.2587671278803,activo,,56,25,2024-02-29,13,10080.0,56.0,138.0,260.0,400.0
2024-03-21,SVM202211001656,Av. Del Maestro,-19.0363518875073,-65.2587671278803,activo,,39,100,2024-03-13,8,7020.0,39.0,96.0,100.0,360.0
2024-03-28,SVM202211001656,Av. Del Maestro,-19.0363518875073,-65.2587671278803,activo,,53,50,2024-03-21,7,9540.0,53.0,60.0,420.0,440.0
2024-04-03,SVM202211001656,Av. Del Maestro,-19.0363518875073,-65.2587671278803,activo,,26,35,2024-03-28,6,4680.0,26.0,54.0,180.0,160.0
2024-04-09,SVM201707000208,Cristo de las Américas,-19.0450551068471,-65.2687865487641,activo,,35,95,2024-04-02,7,6300.0,35.0,36.0,280.0,300.0
2024-04-16,SVM201707000208,Cristo de las Américas,-19.0450551068471,-65.2687865487641,activo,,40,50,2024-04-09,7,7200.0,40.0,36.0,220.0,460.0
2024-04-23,SVM201707000208,Cristo de las Américas,-19.0450551068471,-65.2687865487641,activo,,51,5,2024-04-16,7,9180.0,51.0,72.0,280.0,500.0
2024-04-30,SVM201707000208,Cristo de las Américas,-19.0450551068471,-65.2687865487641,activo,,45,85,2024-04-23,7,8100.0,45.0,90.0,220.0,380.0
2024-04-09,SVM201707000206,Hospital Gineco Obstetrico,-19.0453076497863,-65.2683837910934,activo,,22,50,2024-04-02,7,3960.0,22.0,24.0,260.0,100.0
2024-04-23,SVM201707000206,Hospital Gineco Obstetrico,-19.0453076497863,-65.2683837910934,activo,,25,100,2024-04-16,7,4500.0,25.0,30.0,280.0,120.0
2024-04-16,SVM201707000206,Hospital Gineco Obstetrico,-19.0453076497863,-65.2683837910934,activo,,40,15,2024-04-09,7,7200.0,40.0,48.0,380.0,260.0
2024-04-30,SVM201707000206,Hospital Gineco Obstetrico,-19.0453076497863,-65.2683837910934,activo,,36,85,2024-04-23,7,6480.0,36.0,66.0,240.0,260.0
2024-04-07,SVM201707000217,Planeta Kids,-19.0455714685946,-65.2574231604105,activo,,23,5,2024-04-03,4,4140.0,23.0,12.0,300.0,120.0
2024-04-12,SVM201707000217,Planeta Kids,-19.0455714685946,-65.2574231604105,activo,,16,95,2024-04-07,5,2880.0,16.0,30.0,140.0,80.0
2024-04-20,SVM201707000217,Planeta Kids,-19.0455714685946,-65.2574231604105,activo,,51,60,2024-04-12,8,9180.0,51.0,72.0,380.0,400.0
2024-04-27,SVM201707000217,Planeta Kids,-19.0455714685946,-65.2574231604105,activo,,18,45,2024-04-20,7,3240.0,18.0,36.0,160.0,80.0
2024-04-09,SVM201707000201,HOSPITAL GASTROENTEROLOGICO,-19.045190671258,-65.2674982014533,activo,,33,100,2024-04-02,7,5940.0,33.0,24.0,260.0,320.0
2024-04-16,SVM201707000201,HOSPITAL GASTROENTEROLOGICO,-19.045190671258,-65.2674982014533,activo,,37,85,2024-04-09,7,6660.0,37.0,48.0,320.0,260.0
2024-04-23,SVM201707000201,HOSPITAL GASTROENTEROLOGICO,-19.045190671258,-65.2674982014533,activo,,49,25,2024-04-16,7,8820.0,49.0,18.0,460.0,460.0
2024-04-30,SVM201707000201,HOSPITAL GASTROENTEROLOGICO,-19.045190671258,-65.2674982014533,activo,,20,100,2024-04-23,7,3600.0,20.0,30.0,140.0,160.0
2024-04-09,SWM201707000210,Mercado San Antonio,-19.049135615241,-65.2411954847002,activo,,31,55,2024-04-02,7,5580.0,31.0,42.0,220.0,260.0
2024-04-17,SWM201707000210,Mercado San Antonio,-19.049135615241,-65.2411954847002,activo,,27,40,2024-04-09,8,4860.0,27.0,30.0,180.0,260.0
2024-04-24,SWM201707000210,Mercado San Antonio,-19.049135615241,-65.2411954847002,activo,,30,20,2024-04-17,7,5400.0,30.0,48.0,240.0,200.0
2024-05-02,SWM201707000210,Mercado San Antonio,-19.049135615241,-65.2411954847002,activo,,24,100,2024-04-24,8,4320.0,24.0,36.0,180.0,180.0
2024-04-08,LE-F303V-SCZ-W-B003,Terminal de Buses Sucre,-19.0390010960377,-65.2469812394272,inactivo,,20,30,2024-04-02,6,3600.0,20.0,18.0,60.0,280.0
2024-04-13,LE-F303V-SCZ-W-B003,Terminal de Buses Sucre,-19.0390010960377,-65.2469812394272,inactivo,,14,7,2024-04-08,5,2520.0,14.0,30.0,120.0,60.0
2024-04-22,LE-F303V-SCZ-W-B003,Terminal de Buses Sucre,-19.0390010960377,-65.2469812394272,inactivo,,35,90,2024-04-13,9,6300.0,35.0,42.0,280.0,280.0
2024-05-02,LE-F303V-SCZ-W-B003,Terminal de Buses Sucre,-19.0390010960377,-65.2469812394272,inactivo,,54,45,2024-04-22,10,9720.0,54.0,84.0,360.0,440.0
2024-04-04,SVM202211001658,Aeropuerto Alcantari,-19.2465508193052,-65.1511204662652,activo,,37,25,2024-04-01,3,6660.0,37.0,66.0,80.0,440.0
2024-04-07,SVM202211001658,Aeropuerto Alcantari,-19.2465508193052,-65.1511204662652,activo,,41,25,2024-04-04,3,7380.0,41.0,90.0,200.0,320.0
2024-04-09,SVM202211001658,Aeropuerto Alcantari,-19.2465508193052,-65.1511204662652,activo,,24,100,2024-04-07,2,4320.0,24.0,48.0,140.0,180.0
2024-04-13,SVM202211001658,Aeropuerto Alcantari,-19.2465508193052,-65.1511204662652,activo,,29,80,2024-04-09,4,5220.0,29.0,42.0,220.0,220.0
2024-04-17,SVM202211001658,Aeropuerto Alcantari,-19.2465508193052,-65.1511204662652,activo,,59,45,2024-04-13,4,10620.0,59.0,126.0,220.0,540.0
2024-04-22,SVM202211001658,Aeropuerto Alcantari,-19.2465508193052,-65.1511204662652,activo,,54,100,2024-04-17,5,9720.0,54.0,66.0,260.0,600.0
2024-04-26,SVM202211001658,Aeropuerto Alcantari,-19.2465508193052,-65.1511204662652,activo,,45,70,2024-04-22,4,8100.0,45.0,96.0,220.0,360.0
2024-05-01,SVM202211001658,Aeropuerto Alcantari,-19.2465508193052,-65.1511204662652,activo,,42,45,2024-04-26,5,7560.0,42.0,126.0,120.0,300.0
2024-04-07,SVM202211001657,German Mnedoza,-19.0463265298455,-65.2468603175002,inactivo,,52,10,2024-04-01,6,9360.0,52.0,108.0,180.0,500.0
2024-04-12,SVM202211001657,German Mnedoza,-19.0463265298455,-65.2468603175002,inactivo,,55,75,2024-04-07,5,9900.0,55.0,114.0,320.0,400.0
2024-04-17,SVM202211001657,German Mnedoza,-19.0463265298455,-65.2468603175002,inactivo,,44,45,2024-04-12,5,7920.0,44.0,90.0,220.0,360.0
2024-04-22,SVM202211001657,German Mnedoza,-19.0463265298455,-65.2468603175002,inactivo,,45,5,2024-04-17,5,8100.0,45.0,96.0,300.0,280.0
2024-04-25,SVM202211001657,German Mnedoza,-19.0463265298455,-65.2468603175002,inactivo,,39,80,2024-04-22,3,7020.0,39.0,108.0,140.0,280.0
2024-04-28,SVM202211001657,German Mnedoza,-19.0463265298455,-65.2468603175002,inactivo,,29,55,2024-04-25,3,5220.0,29.0,60.0,140.0,240.0
2024-05-02,SVM202211001657,German Mnedoza,-19.0463265298455,-65.2468603175002,inactivo,,38,30,2024-04-28,4,6840.0,38.0,66.0,200.0,340.0
2024-04-11,SVM202211001656,Av. Del Maestro,-19.0363518875073,-65.2587671278803,activo,,54,100,2024-04-03,8,9720.0,54.0,156.0,260.0,300.0
2024-04-18,SVM202211001656,Av. Del Maestro,-19.0363518875073,-65.2587671278803,activo,,46,55,2024-04-11,7,8280.0,46.0,132.0,280.0,200.0
2024-04-25,SVM202211001656,Av. Del Maestro,-19.0363518875073,-65.2587671278803,activo,,36,35,2024-04-18,7,6480.0,36.0,84.0,180.0,260.0
2024-05-02,SVM202211001656,Av. Del Maestro,-19.0363518875073,-65.2587671278803,activo,,31,10,2024-04-25,7,5580.0,31.0,90.0,100.0,220.0
2024-05-07,SVM201707000208,Cristo de las Américas,-19.0450551068471,-65.2687865487641,activo,,37,40,2024-04-30,7,6660.0,37.0,54.0,160.0,400.0
2024-05-21,SVM201707000208,Cristo de las Américas,-19.0450551068471,-65.2687865487641,activo,,83,90,2024-05-07,14,14940.0,83.0,114.0,800.0,480.0
2024-05-28,SVM201707000208,Cristo de las Américas,-19.0450551068471,-65.2687865487641,activo,,31,55,2024-05-21,7,5580.0,31.0,78.0,180.0,180.0
2024-05-07,SVM201707000206,Hospital Gineco Obstetrico,-19.0453076497863,-65.2683837910934,activo,,24,50,2024-04-30,7,4320.0,24.0,0.0,320.0,160.0
2024-05-14,SVM201707000206,Hospital Gineco Obstetrico,-19.0453076497863,-65.2683837910934,activo,,37,10,2024-05-07,7,6660.0,37.0,36.0,380.0,240.0
2024-05-21,SVM201707000206,Hospital Gineco Obstetrico,-19.0453076497863,-65.2683837910934,activo,,44,85,2024-05-14,7,7920.0,44.0,30.0,380.0,400.0
2024-05-28,SVM201707000206,Hospital Gineco Obstetrico,-19.0453076497863,-65.2683837910934,activo,,50,40,2024-05-21,7,9000.0,50.0,48.0,300.0,540.0
2024-05-04,SVM201707000217,Planeta Kids,-19.0455714685946,-65.2574231604105,activo,,27,25,2024-04-27,7,4860.0,27.0,48.0,140.0,240.0
2024-05-11,SVM201707000217,Planeta Kids,-19.0455714685946,-65.2574231604105,activo,,40,0,2024-05-04,7,7200.0,40.0,48.0,460.0,180.0
2024-05-16,SVM201707000217,Planeta Kids,-19.0455714685946,-65.2574231604105,activo,,19,0,2024-05-11,5,3420.0,19.0,12.0,140.0,200.0
2024-05-25,SVM201707000217,Planeta Kids,-19.0455714685946,-65.2574231604105,activo,,28,80,2024-05-16,9,5040.0,28.0,30.0,220.0,240.0
2024-05-31,SVM201707000217,Planeta Kids,-19.0455714685946,-65.2574231604105,activo,,38,60,2024-05-25,6,6840.0,38.0,60.0,320.0,240.0
2024-05-07,SVM201707000201,HOSPITAL GASTROENTEROLOGICO,-19.045190671258,-65.2674982014533,activo,,31,90,2024-04-30,7,5580.0,31.0,30.0,220.0,300.0
2024-05-14,SVM201707000201,HOSPITAL GASTROENTEROLOGICO,-19.045190671258,-65.2674982014533,activo,,34,55,2024-05-07,7,6120.0,34.0,24.0,320.0,280.0
2024-05-21,SVM201707000201,HOSPITAL GASTROENTEROLOGICO,-19.045190671258,-65.2674982014533,activo,,44,10,2024-05-14,7,7920.0,44.0,120.0,180.0,300.0
2024-05-28,SVM201707000201,HOSPITAL GASTROENTEROLOGICO,-19.045190671258,-65.2674982014533,activo,,39,95,2024-05-21,7,7020.0,39.0,60.0,220.0,360.0
2024-05-11,SWM201707000210,Mercado San Antonio,-19.049135615241,-65.2411954847002,activo,,34,80,2024-05-02,9,6120.0,34.0,30.0,280.0,300.0
2024-05-17,SWM201707000210,Mercado San Antonio,-19.049135615241,-65.2411954847002,activo,,29,50,2024-05-11,6,5220.0,29.0,48.0,260.0,160.0
2024-05-26,SWM201707000210,Mercado San Antonio,-19.049135615241,-65.2411954847002,activo,,38,25,2024-05-17,9,6840.0,38.0,54.0,320.0,260.0
2024-06-03,SWM201707000210,Mercado San Antonio,-19.049135615241,-65.2411954847002,activo,,47,85,2024-05-26,8,8460.0,47.0,54.0,360.0,400.0
2024-05-06,LE-F303V-SCZ-W-B003,Terminal de Buses Sucre,-19.0390010960377,-65.2469812394272,inactivo,,24,20,2024-05-02,4,4320.0,24.0,60.0,180.0,100.0
2024-05-14,LE-F303V-SCZ-W-B003,Terminal de Buses Sucre,-19.0390010960377,-65.2469812394272,inactivo,,27,95,2024-05-06,8,4860.0,27.0,36.0,200.0,220.0
2024-05-21,LE-F303V-SCZ-W-B003,Terminal de Buses Sucre,-19.0390010960377,-65.2469812394272,inactivo,,51,50,2024-05-14,7,9180.0,51.0,66.0,340.0,460.0
2024-05-29,LE-F303V-SCZ-W-B003,Terminal de Buses Sucre,-19.0390010960377,-65.2469812394272,inactivo,,44,15,2024-05-21,8,7920.0,44.0,78.0,380.0,240.0
2024-05-06,SVM202211001658,Aeropuerto Alcantari,-19.2465508193052,-65.1511204662652,activo,,39,100,2024-05-01,5,7020.0,39.0,66.0,200.0,360.0
2024-05-12,SVM202211001658,Aeropuerto Alcantari,-19.2465508193052,-65.1511204662652,activo,,59,60,2024-05-06,6,10620.0,59.0,126.0,180.0,580.0
2024-05-16,SVM202211001658,Aeropuerto Alcantari,-19.2465508193052,-65.1511204662652,activo,,44,30,2024-05-12,4,7920.0,44.0,78.0,160.0,460.0
2024-05-21,SVM202211001658,Aeropuerto Alcantari,-19.2465508193052,-65.1511204662652,activo,,57,100,2024-05-16,5,10260.0,57.0,120.0,280.0,460.0
2024-05-24,SVM202211001658,Aeropuerto Alcantari,-19.2465508193052,-65.1511204662652,activo,,53,55,2024-05-21,3,9540.0,53.0,96.0,200.0,540.0
2024-05-28,SVM202211001658,Aeropuerto Alcantari,-19.2465508193052,-65.1511204662652,activo,,59,10,2024-05-24,4,10620.0,59.0,150.0,460.0,220.0
2024-06-01,SVM202211001658,Aeropuerto Alcantari,-19.2465508193052,-65.1511204662652,activo,,43,80,2024-05-28,4,7740.0,43.0,72.0,220.0,400.0
2024-05-06,SVM202211001657,German Mnedoza,-19.0463265298455,-65.2468603175002,inactivo,,37,100,2024-05-02,4,6660.0,37.0,114.0,180.0,180.0
2024-05-09,SVM202211001657,German Mnedoza,-19.0463265298455,-65.2468603175002,inactivo,,40,70,2024-05-06,3,7200.0,40.0,78.0,140.0,400.0
2024-05-12,SVM202211001657,German Mnedoza,-19.0463265298455,-65.2468603175002,inactivo,,27,50,2024-05-09,3,4860.0,27.0,78.0,40.0,240.0
2024-05-16,SVM202211001657,German Mnedoza,-19.0463265298455,-65.2468603175002,inactivo,,37,30,2024-05-12,4,6660.0,37.0,90.0,240.0,200.0
2024-05-19,SVM202211001657,German Mnedoza,-19.0463265298455,-65.2468603175002,inactivo,,35,25,2024-05-16,3,6300.0,35.0,60.0,220.0,280.0
2024-05-21,SVM202211001657,German Mnedoza,-19.0463265298455,-65.2468603175002,inactivo,,21,95,2024-05-19,2,3780.0,21.0,30.0,100.0,220.0
2024-05-24,SVM202211001657,German Mnedoza,-19.0463265298455,-65.2468603175002,inactivo,,30,75,2024-05-21,3,5400.0,30.0,60.0,180.0,220.0
2024-05-29,SVM202211001657,German Mnedoza,-19.0463265298455,-65.2468603175002,inactivo,,52,40,2024-05-24,5,9360.0,52.0,108.0,420.0,260.0
2024-05-11,SVM202211001656,Av. Del Maestro,-19.0363518875073,-65.2587671278803,activo,,43,70,2024-05-02,9,7740.0,43.0,90.0,220.0,340.0
2024-05-17,SVM202211001656,Av. Del Maestro,-19.0363518875073,-65.2587671278803,activo,,34,50,2024-05-11,6,6120.0,34.0,66.0,200.0,260.0
2024-05-28,SVM202211001656,Av. Del Maestro,-19.0363518875073,-65.2587671278803,activo,,76,5,2024-05-17,11,13680.0,76.0,240.0,240.0,480.0
2024-05-17,SVM202211001652,Calle Padilla esq. Camargo,-19.0490617942092,-65.2533703836111,activo,,27,70,2023-10-15,215,4860.0,27.0,54.0,220.0,140.0
2024-05-21,SVM202211001652,Calle Padilla esq. Camargo,-19.0490617942092,-65.2533703836111,activo,,59,25,2024-05-17,4,10620.0,59.0,168.0,280.0,340.0
2024-05-23,SVM202211001652,Calle Padilla esq. Camargo,-19.0490617942092,-65.2533703836111,activo,,34,100,2024-05-21,2,6120.0,34.0,72.0,200.0,240.0
2024-05-25,SVM202211001652,Calle Padilla esq. Camargo,-19.0490617942092,-65.2533703836111,activo,,26,75,2024-05-23,2,4680.0,26.0,78.0,140.0,120.0
2024-05-28,SVM202211001652,Calle Padilla esq. Camargo,-19.0490617942092,-65.2533703836111,activo,,34,50,2024-05-25,3,6120.0,34.0,36.0,260.0,300.0
2024-06-04,SVM201707000208,Cristo de las Américas,-19.0450551068471,-65.2687865487641,activo,,37,10,2024-05-28,7,6660.0,37.0,54.0,200.0,360.0
2024-06-11,SVM201707000208,Cristo de las Américas,-19.0450551068471,-65.2687865487641,activo,,17,98,2024-06-04,7,3060.0,17.0,24.0,40.0,220.0
2024-06-18,SVM201707000208,Cristo de las Américas,-19.0450551068471,-65.2687865487641,activo,,41,65,2024-06-11,7,7380.0,41.0,72.0,220.0,360.0
2024-06-25,SVM201707000208,Cristo de las Américas,-19.0450551068471,-65.2687865487641,activo,,32,40,2024-06-18,7,5760.0,32.0,66.0,220.0,200.0
2024-07-02,SVM201707000208,Cristo de las Américas,-19.0450551068471,-65.2687865487641,activo,,37,3,2024-06-25,7,6660.0,37.0,60.0,320.0,220.0
2024-06-04,SVM201707000206,Hospital Gineco Obstetrico,-19.0453076497863,-65.2683837910934,activo,,39,3,2024-05-28,7,7020.0,39.0,54.0,280.0,320.0
2024-06-11,SVM201707000206,Hospital Gineco Obstetrico,-19.0453076497863,-65.2683837910934,activo,,49,75,2024-06-04,7,8820.0,49.0,36.0,300.0,560.0
2024-06-18,SVM201707000206,Hospital Gineco Obstetrico,-19.0453076497863,-65.2683837910934,activo,,58,8,2024-06-11,7,10440.0,58.0,30.0,340.0,720.0
2024-06-25,SVM201707000206,Hospital Gineco Obstetrico,-19.0453076497863,-65.2683837910934,activo,,37,90,2024-06-18,7,6660.0,37.0,12.0,160.0,540.0
2024-07-02,SVM201707000206,Hospital Gineco Obstetrico,-19.0453076497863,-65.2683837910934,activo,,47,50,2024-06-25,7,8460.0,47.0,48.0,300.0,480.0
2024-06-08,SVM201707000217,Planeta Kids,-19.0455714685946,-65.2574231604105,activo,,34,25,2024-05-31,8,6120.0,34.0,54.0,360.0,140.0
2024-06-15,SVM201707000217,Planeta Kids,-19.0455714685946,-65.2574231604105,activo,,32,2,2024-06-08,7,5760.0,32.0,12.0,300.0,300.0
2024-06-22,SVM201707000217,Planeta Kids,-19.0455714685946,-65.2574231604105,activo,,51,70,2024-06-15,7,9180.0,51.0,42.0,500.0,380.0
2024-06-29,SVM201707000217,Planeta Kids,-19.0455714685946,-65.2574231604105,activo,,33,45,2024-06-22,7,5940.0,33.0,48.0,340.0,160.0
2024-06-04,SVM201707000201,HOSPITAL GASTROENTEROLOGICO,-19.045190671258,-65.2674982014533,activo,,44,50,2024-05-28,7,7920.0,44.0,84.0,220.0,380.0
2024-06-11,SVM201707000201,HOSPITAL GASTROENTEROLOGICO,-19.045190671258,-65.2674982014533,activo,,29,13,2024-06-04,7,5220.0,29.0,36.0,160.0,300.0
2024-06-18,SVM201707000201,HOSPITAL GASTROENTEROLOGICO,-19.045190671258,-65.2674982014533,activo,,30,100,2024-06-11,7,5400.0,30.0,48.0,120.0,320.0
2024-06-25,SVM201707000201,HOSPITAL GASTROENTEROLOGICO,-19.045190671258,-65.2674982014533,activo,,36,75,2024-06-18,7,6480.0,36.0,66.0,300.0,200.0
2024-07-02,SVM201707000201,HOSPITAL GASTROENTEROLOGICO,-19.045190671258,-65.2674982014533,activo,,44,30,2024-06-25,7,7920.0,44.0,24.0,540.0,260.0
2024-06-14,SWM201707000210,Mercado San Antonio,-19.049135615241,-65.2411954847002,activo,,28,65,2024-06-03,11,5040.0,28.0,36.0,140.0,300.0
2024-06-21,SWM201707000210,Mercado San Antonio,-19.049135615241,-65.2411954847002,activo,,24,45,2024-06-14,7,4320.0,24.0,60.0,100.0,180.0
2024-06-29,SWM201707000210,Mercado San Antonio,-19.049135615241,-65.2411954847002,activo,,35,15,2024-06-21,8,6300.0,35.0,24.0,280.0,340.0
2024-06-05,LE-F303V-SCZ-W-B003,Terminal de Buses Sucre,-19.0390010960377,-65.2469812394272,inactivo,,39,90,2024-05-29,7,7020.0,39.0,84.0,240.0,260.0
2024-06-14,LE-F303V-SCZ-W-B003,Terminal de Buses Sucre,-19.0390010960377,-65.2469812394272,inactivo,,41,50,2024-06-05,9,7380.0,41.0,90.0,300.0,220.0
2024-06-21,LE-F303V-SCZ-W-B003,Terminal de Buses Sucre,-19.0390010960377,-65.2469812394272,inactivo,,43,10,2024-06-14,7,7740.0,43.0,66.0,280.0,360.0
2024-06-29,LE-F303V-SCZ-W-B003,Terminal de Buses Sucre,-19.0390010960377,-65.2469812394272,inactivo,,42,70,2024-06-21,8,7560.0,42.0,48.0,280.0,400.0
2024-06-05,SVM202211001658,Aeropuerto Alcantari,-19.2465508193052,-65.1511204662652,activo,,44,45,2024-06-01,4,7920.0,44.0,108.0,160.0,360.0
2024-06-10,SVM202211001658,Aeropuerto Alcantari,-19.2465508193052,-65.1511204662652,activo,,37,100,2024-06-05,5,6660.0,37.0,90.0,180.0,260.0
2024-06-16,SVM202211001658,Aeropuerto Alcantari,-19.2465508193052,-65.1511204662652,activo,,42,80,2024-06-10,6,7560.0,42.0,120.0,140.0,300.0
2024-06-19,SVM202211001658,Aeropuerto Alcantari,-19.2465508193052,-65.1511204662652,activo,,34,50,2024-06-16,3,6120.0,34.0,48.0,160.0,360.0
2024-06-22,SVM202211001658,Aeropuerto Alcantari,-19.2465508193052,-65.1511204662652,activo,,41,20,2024-06-19,3,7380.0,41.0,90.0,200.0,320.0
2024-06-25,SVM202211001658,Aeropuerto Alcantari,-19.2465508193052,-65.1511204662652,activo,,39,100,2024-06-22,3,7020.0,39.0,66.0,260.0,300.0
2024-06-28,SVM202211001658,Aeropuerto Alcantari,-19.2465508193052,-65.1511204662652,activo,,47,60,2024-06-25,3,8460.0,47.0,66.0,240.0,480.0
2024-07-01,SVM202211001658,Aeropuerto Alcantari,-19.2465508193052,-65.1511204662652,activo,,41,40,2024-06-28,3,7380.0,41.0,96.0,180.0,320.0
2024-06-01,SVM202211001657,German Mnedoza,-19.0463265298455,-65.2468603175002,inactivo,,50,100,2024-05-29,3,9000.0,50.0,108.0,340.0,300.0
2024-06-03,SVM202211001657,German Mnedoza,-19.0463265298455,-65.2468603175002,inactivo,,17,85,2024-06-01,2,3060.0,17.0,36.0,60.0,160.0
2024-06-07,SVM202211001657,German Mnedoza,-19.0463265298455,-65.2468603175002,inactivo,,50,45,2024-06-03,4,9000.0,50.0,102.0,420.0,240.0
2024-06-11,SVM202211001657,German Mnedoza,-19.0463265298455,-65.2468603175002,inactivo,,39,15,2024-06-07,4,7020.0,39.0,90.0,280.0,200.0
2024-06-15,SVM202211001657,German Mnedoza,-19.0463265298455,-65.2468603175002,inactivo,,43,80,2024-06-11,4,7740.0,43.0,102.0,260.0,260.0
2024-06-19,SVM202211001657,German Mnedoza,-19.0463265298455,-65.2468603175002,inactivo,,51,45,2024-06-15,4,9180.0,51.0,90.0,260.0,460.0
2024-06-22,SVM202211001657,German Mnedoza,-19.0463265298455,-65.2468603175002,inactivo,,33,20,2024-06-19,3,5940.0,33.0,78.0,120.0,280.0
2024-06-26,SVM202211001657,German Mnedoza,-19.0463265298455,-65.2468603175002,inactivo,,39,95,2024-06-22,4,7020.0,39.0,66.0,360.0,200.0
2024-07-01,SVM202211001657,German Mnedoza,-19.0463265298455,-65.2468603175002,inactivo,,57,50,2024-06-26,5,10260.0,57.0,144.0,280.0,380.0
2024-06-04,SVM202211001656,Av. Del Maestro,-19.0363518875073,-65.2587671278803,activo,,40,75,2024-05-28,7,7200.0,40.0,96.0,180.0,300.0
2024-06-14,SVM202211001656,Av. Del Maestro,-19.0363518875073,-65.2587671278803,activo,,60,30,2024-06-04,10,10800.0,60.0,186.0,300.0,280.0
2024-06-21,SVM202211001656,Av. Del Maestro,-19.0363518875073,-65.2587671278803,activo,,34,5,2024-06-14,7,6120.0,34.0,120.0,100.0,180.0
2024-06-28,SVM202211001656,Av. Del Maestro,-19.0363518875073,-65.2587671278803,activo,,37,80,2024-06-21,7,6660.0,37.0,150.0,140.0,100.0
2024-06-03,SVM202211001652,Calle Padilla esq. Camargo,-19.0490617942092,-65.2533703836111,activo,,70,80,2024-05-28,6,12600.0,70.0,156.0,400.0,480.0
2024-06-07,SVM202211001652,Calle Padilla esq. Camargo,-19.0490617942092,-65.2533703836111,activo,,60,40,2024-06-03,4,10800.0,60.0,114.0,540.0,280.0
2024-06-11,SVM202211001652,Calle Padilla esq. Camargo,-19.0490617942092,-65.2533703836111,activo,,43,10,2024-06-07,4,7740.0,43.0,102.0,280.0,240.0
2024-06-15,SVM202211001652,Calle Padilla esq. Camargo,-19.0490617942092,-65.2533703836111,activo,,23,95,2024-06-11,4,4140.0,23.0,60.0,140.0,120.0
2024-06-21,SVM202211001652,Calle Padilla esq. Camargo,-19.0490617942092,-65.2533703836111,activo,,58,45,2024-06-15,6,10440.0,58.0,102.0,340.0,480.0
2024-06-25,SVM202211001652,Calle Padilla esq. Camargo,-19.0490617942092,-65.2533703836111,activo,,42,10,2024-06-21,4,7560.0,42.0,72.0,320.0,280.0
2024-06-28,SVM202211001652,Calle Padilla esq. Camargo,-19.0490617942092,-65.2533703836111,activo,,29,80,2024-06-25,3,5220.0,29.0,60.0,200.0,180.0
2024-07-09,SVM201707000208,Cristo de las Américas,-19.0450551068471,-65.2687865487641,activo,,50,75,2024-07-02,7,9000.0,50.0,48.0,380.0,460.0
2024-07-16,SVM201707000208,Cristo de las Américas,-19.0450551068471,-65.2687865487641,activo,,56,15,2024-07-09,7,10080.0,56.0,114.0,640.0,100.0
2024-07-23,SVM201707000208,Cristo de las Américas,-19.0450551068471,-65.2687865487641,activo,,50,90,2024-07-16,7,9000.0,50.0,84.0,500.0,220.0
2024-07-31,SVM201707000208,Cristo de las Américas,-19.0450551068471,-65.2687865487641,activo,,38,60,2024-07-23,8,6840.0,38.0,24.0,420.0,260.0
2024-07-09,SVM201707000206,Hospital Gineco Obstetrico,-19.0453076497863,-65.2683837910934,activo,,37,10,2024-07-02,7,6660.0,37.0,24.0,140.0,520.0
2024-07-16,SVM201707000206,Hospital Gineco Obstetrico,-19.0453076497863,-65.2683837910934,activo,,63,65,2024-07-09,7,11340.0,63.0,60.0,480.0,580.0
2024-07-23,SVM201707000206,Hospital Gineco Obstetrico,-19.0453076497863,-65.2683837910934,activo,,49,20,2024-07-16,7,8820.0,49.0,54.0,320.0,480.0
2024-07-31,SVM201707000206,Hospital Gineco Obstetrico,-19.0453076497863,-65.2683837910934,activo,,46,95,2024-07-23,8,8280.0,46.0,30.0,240.0,580.0
2024-07-06,SVM201707000217,Planeta Kids,-19.0455714685946,-65.2574231604105,activo,,56,100,2024-06-29,7,10080.0,56.0,84.0,360.0,480.0
2024-07-14,SVM201707000217,Planeta Kids,-19.0455714685946,-65.2574231604105,activo,,73,55,2024-07-06,8,13140.0,73.0,102.0,720.0,400.0
2024-07-18,SVM201707000217,Planeta Kids,-19.0455714685946,-65.2574231604105,activo,,18,45,2024-07-14,4,3240.0,18.0,18.0,160.0,140.0
2024-07-26,SVM201707000217,Planeta Kids,-19.0455714685946,-65.2574231604105,activo,,68,0,2024-07-18,8,12240.0,68.0,96.0,540.0,500.0
2024-07-09,SVM201707000201,HOSPITAL GASTROENTEROLOGICO,-19.045190671258,-65.2674982014533,activo,,32,5,2024-07-02,7,5760.0,32.0,36.0,300.0,220.0
2024-07-16,SVM201707000201,HOSPITAL GASTROENTEROLOGICO,-19.045190671258,-65.2674982014533,activo,,31,90,2024-07-09,7,5580.0,31.0,18.0,420.0,140.0
2024-07-23,SVM201707000201,HOSPITAL GASTROENTEROLOGICO,-19.045190671258,-65.2674982014533,activo,,25,75,2024-07-16,7,4500.0,25.0,18.0,180.0,260.0
2024-07-31,SVM201707000201,HOSPITAL GASTROENTEROLOGICO,-19.045190671258,-65.2674982014533,activo,,25,40,2024-07-23,8,4500.0,25.0,18.0,220.0,220.0
2024-07-13,SWM201707000210,Mercado San Antonio,-19.049135615241,-65.2411954847002,activo,,42,80,2024-06-29,14,7560.0,42.0,66.0,320.0,300.0
2024-07-23,SWM201707000210,Mercado San Antonio,-19.049135615241,-65.2411954847002,activo,,37,50,2024-07-13,10,6660.0,37.0,54.0,340.0,220.0
2024-08-06,SWM201707000210,Mercado San Antonio,-19.049135615241,-65.2411954847002,activo,,51,15,2024-07-23,14,9180.0,51.0,72.0,280.0,500.0
2024-07-06,LE-F303V-SCZ-W-B003,Terminal de Buses Sucre,-19.0390010960377,-65.2469812394272,inactivo,,60,30,2024-06-29,7,10800.0,60.0,84.0,440.0,480.0
2024-07-12,LE-F303V-SCZ-W-B003,Terminal de Buses Sucre,-19.0390010960377,-65.2469812394272,inactivo,,60,75,2024-07-06,6,10800.0,60.0,48.0,540.0,500.0
2024-07-18,LE-F303V-SCZ-W-B003,Terminal de Buses Sucre,-19.0390010960377,-65.2469812394272,inactivo,,41,40,2024-07-12,6,7380.0,41.0,54.0,380.0,260.0
2024-07-23,LE-F303V-SCZ-W-B003,Terminal de Buses Sucre,-19.0390010960377,-65.2469812394272,inactivo,,38,10,2024-07-18,5,6840.0,38.0,36.0,220.0,420.0
2024-07-27,LE-F303V-SCZ-W-B003,Terminal de Buses Sucre,-19.0390010960377,-65.2469812394272,inactivo,,29,100,2024-07-23,4,5220.0,29.0,54.0,200.0,200.0
2024-07-05,SVM202211001658,Aeropuerto Alcantari,-19.2465508193052,-65.1511204662652,activo,,59,10,2024-07-01,4,10620.0,59.0,120.0,320.0,460.0
2024-07-09,SVM202211001658,Aeropuerto Alcantari,-19.2465508193052,-65.1511204662652,activo,,59,70,2024-07-05,4,10620.0,59.0,120.0,320.0,460.0
2024-07-11,SVM202211001658,Aeropuerto Alcantari,-19.2465508193052,-65.1511204662652,activo,,65,25,2024-07-09,2,11700.0,65.0,144.0,380.0,440.0
2024-07-12,SVM202211001658,Aeropuerto Alcantari,-19.2465508193052,-65.1511204662652,activo,,24,100,2024-07-11,1,4320.0,24.0,48.0,100.0,220.0
2024-07-15,SVM202211001658,Aeropuerto Alcantari,-19.2465508193052,-65.1511204662652,activo,,60,60,2024-07-12,3,10800.0,60.0,156.0,380.0,300.0
2024-07-18,SVM202211001658,Aeropuerto Alcantari,-19.2465508193052,-65.1511204662652,activo,,49,25,2024-07-15,3,8820.0,49.0,120.0,260.0,320.0
2024-07-22,SVM202211001658,Aeropuerto Alcantari,-19.2465508193052,-65.1511204662652,activo,,47,100,2024-07-18,4,8460.0,47.0,84.0,240.0,420.0
2024-07-25,SVM202211001658,Aeropuerto Alcantari,-19.2465508193052,-65.1511204662652,activo,,58,50,2024-07-22,3,10440.0,58.0,138.0,340.0,360.0
2024-07-28,SVM202211001658,Aeropuerto Alcantari,-19.2465508193052,-65.1511204662652,activo,,30,35,2024-07-25,3,5400.0,30.0,36.0,280.0,200.0
2024-07-31,SVM202211001658,Aeropuerto Alcantari,-19.2465508193052,-65.1511204662652,activo,,59,100,2024-07-28,3,10620.0,59.0,156.0,320.0,340.0
2024-07-06,SVM202211001657,German Mnedoza,-19.0463265298455,-65.2468603175002,inactivo,,58,100,2024-07-01,5,10440.0,58.0,120.0,300.0,460.0
2024-07-11,SVM202211001657,German Mnedoza,-19.0463265298455,-65.2468603175002,inactivo,,49,65,2024-07-06,5,8820.0,49.0,138.0,260.0,260.0
2024-07-18,SVM202211001657,German Mnedoza,-19.0463265298455,-65.2468603175002,inactivo,,67,15,2024-07-11,7,12060.0,67.0,96.0,540.0,480.0
2024-07-23,SVM202211001657,German Mnedoza,-19.0463265298455,-65.2468603175002,inactivo,,57,75,2024-07-18,5,10260.0,57.0,72.0,440.0,460.0
2024-07-28,SVM202211001657,German Mnedoza,-19.0463265298455,-65.2468603175002,inactivo,,53,35,2024-07-23,5,9540.0,53.0,150.0,180.0,380.0
2024-07-31,SVM202211001657,German Mnedoza,-19.0463265298455,-65.2468603175002,inactivo,,44,2,2024-07-28,3,7920.0,44.0,96.0,320.0,240.0
2024-07-09,SVM202211001656,Av. Del Maestro,-19.0363518875073,-65.2587671278803,activo,,59,40,2024-06-28,11,10620.0,59.0,228.0,200.0,220.0
2024-07-15,SVM202211001656,Av. Del Maestro,-19.0363518875073,-65.2587671278803,activo,,28,10,2024-07-09,6,5040.0,28.0,102.0,80.0,140.0
2024-07-23,SVM202211001656,Av. Del Maestro,-19.0363518875073,-65.2587671278803,activo,,34,95,2024-07-15,8,6120.0,34.0,132.0,80.0,160.0
2024-07-31,SVM202211001656,Av. Del Maestro,-19.0363518875073,-65.2587671278803,activo,,45,60,2024-07-23,8,8100.0,45.0,210.0,80.0,120.0
2024-07-03,SVM202211001652,Calle Padilla esq. Camargo,-19.0490617942092,-65.2533703836111,activo,,40,50,2024-06-28,5,7200.0,40.0,90.0,220.0,280.0
2024-07-09,SVM202211001652,Calle Padilla esq. Camargo,-19.0490617942092,-65.2533703836111,activo,,53,100,2024-07-03,6,9540.0,53.0,120.0,360.0,300.0
2024-07-15,SVM202211001652,Calle Padilla esq. Camargo,-19.0490617942092,-65.2533703836111,activo,,42,70,2024-07-09,6,7560.0,42.0,72.0,240.0,360.0
2024-07-23,SVM202211001652,Calle Padilla esq. Camargo,-19.0490617942092,-65.2533703836111,activo,,50,35,2024-07-15,8,9000.0,50.0,84.0,320.0,400.0
2024-07-28,SVM202211001652,Calle Padilla esq. Camargo,-19.0490617942092,-65.2533703836111,activo,,47,100,2024-07-23,5,8460.0,47.0,90.0,380.0,260.0
2024-08-01,SVM202211001652,Calle Padilla esq. Camargo,-19.0490617942092,-65.2533703836111,activo,,40,60,2024-07-28,4,7200.0,40.0,66.0,380.0,200.0
2024-08-05,SVM201707000208,Cristo de las Américas,-19.0450551068471,-65.2687865487641,activo,,27,15,2024-07-31,5,4860.0,27.0,0.0,200.0,340.0
2024-08-13,SVM201707000208,Cristo de las Américas,-19.0450551068471,-65.2687865487641,activo,,27,100,2024-08-05,8,4860.0,27.0,24.0,180.0,280.0
2024-08-20,SVM201707000208,Cristo de las Américas,-19.0450551068471,-65.2687865487641,activo,,59,50,2024-08-13,7,10620.0,59.0,48.0,540.0,480.0
2024-08-27,SVM201707000208,Cristo de las Américas,-19.0450551068471,-65.2687865487641,activo,,51,6,2024-08-20,7,9180.0,51.0,72.0,340.0,440.0
2024-08-05,SVM201707000206,Hospital Gineco Obstetrico,-19.0453076497863,-65.2683837910934,activo,,14,85,2024-07-31,5,2520.0,14.0,18.0,140.0,80.0
2024-08-13,SVM201707000206,Hospital Gineco Obstetrico,-19.0453076497863,-65.2683837910934,activo,,15,70,2024-08-05,8,2700.0,15.0,18.0,140.0,100.0
2024-08-20,SVM201707000206,Hospital Gineco Obstetrico,-19.0453076497863,-65.2683837910934,activo,,16,50,2024-08-13,7,2880.0,16.0,18.0,140.0,120.0
2024-08-27,SVM201707000206,Hospital Gineco Obstetrico,-19.0453076497863,-65.2683837910934,activo,,25,15,2024-08-20,7,4500.0,25.0,30.0,240.0,160.0
2024-08-03,SVM201707000217,Planeta Kids,-19.0455714685946,-65.2574231604105,activo,,38,75,2024-07-26,8,6840.0,38.0,60.0,280.0,280.0
2024-08-11,SVM201707000217,Planeta Kids,-19.0455714685946,-65.2574231604105,activo,,59,35,2024-08-03,8,10620.0,59.0,54.0,660.0,340.0
2024-08-25,SVM201707000217,Planeta Kids,-19.0455714685946,-65.2574231604105,activo,,59,75,2024-08-11,14,10620.0,59.0,42.0,660.0,380.0
2024-08-30,SVM201707000217,Planeta Kids,-19.0455714685946,-65.2574231604105,activo,,15,55,2024-08-25,5,2700.0,15.0,6.0,200.0,80.0
2024-08-05,SVM201707000201,HOSPITAL GASTROENTEROLOGICO,-19.045190671258,-65.2674982014533,activo,,14,25,2024-07-31,5,2520.0,14.0,6.0,180.0,80.0
2024-08-13,SVM201707000201,HOSPITAL GASTROENTEROLOGICO,-19.045190671258,-65.2674982014533,activo,,22,2,2024-08-05,8,3960.0,22.0,24.0,120.0,240.0
2024-08-20,SVM201707000201,HOSPITAL GASTROENTEROLOGICO,-19.045190671258,-65.2674982014533,activo,,21,96,2024-08-13,7,3780.0,21.0,30.0,200.0,120.0
2024-08-27,SVM201707000201,HOSPITAL GASTROENTEROLOGICO,-19.045190671258,-65.2674982014533,activo,,27,65,2024-08-20,7,4860.0,27.0,60.0,100.0,240.0
2024-08-17,SWM201707000210,Mercado San Antonio,-19.049135615241,-65.2411954847002,activo,,31,90,2024-08-06,11,5580.0,31.0,48.0,300.0,160.0
2024-08-26,SWM201707000210,Mercado San Antonio,-19.049135615241,-65.2411954847002,activo,,31,55,2024-08-17,9,5580.0,31.0,60.0,220.0,200.0
2024-08-04,LE-F303V-SCZ-W-B003,Terminal de Buses Sucre,-19.0390010960377,-65.2469812394272,inactivo,,33,75,2024-07-27,8,5940.0,33.0,18.0,400.0,200.0
2024-08-12,LE-F303V-SCZ-W-B003,Terminal de Buses Sucre,-19.0390010960377,-65.2469812394272,inactivo,,27,50,2024-08-04,8,4860.0,27.0,36.0,220.0,200.0
2024-08-20,LE-F303V-SCZ-W-B003,Terminal de Buses Sucre,-19.0390010960377,-65.2469812394272,inactivo,,39,8,2024-08-12,8,7020.0,39.0,72.0,240.0,300.0
2024-08-26,LE-F303V-SCZ-W-B003,Terminal de Buses Sucre,-19.0390010960377,-65.2469812394272,inactivo,,26,95,2024-08-20,6,4680.0,26.0,42.0,280.0,100.0
2024-08-04,SVM202211001658,Aeropuerto Alcantari,-19.2465508193052,-65.1511204662652,activo,,50,55,2024-07-31,4,9000.0,50.0,102.0,260.0,400.0
2024-08-07,SVM202211001658,Aeropuerto Alcantari,-19.2465508193052,-65.1511204662652,activo,,45,20,2024-08-04,3,8100.0,45.0,78.0,220.0,420.0
2024-08-09,SVM202211001658,Aeropuerto Alcantari,-19.2465508193052,-65.1511204662652,activo,,28,100,2024-08-07,2,5040.0,28.0,78.0,60.0,240.0
2024-08-15,SVM202211001658,Aeropuerto Alcantari,-19.2465508193052,-65.1511204662652,activo,,48,60,2024-08-09,6,8640.0,48.0,78.0,300.0,400.0
2024-08-23,SVM202211001658,Aeropuerto Alcantari,-19.2465508193052,-65.1511204662652,activo,,59,20,2024-08-15,8,10620.0,59.0,156.0,140.0,520.0
2024-08-29,SVM202211001658,Aeropuerto Alcantari,-19.2465508193052,-65.1511204662652,activo,,46,100,2024-08-23,6,8280.0,46.0,114.0,220.0,320.0
2024-08-03,SVM202211001657,German Mnedoza,-19.0463265298455,-65.2468603175002,inactivo,,32,75,2024-07-31,3,5760.0,32.0,60.0,180.0,260.0
2024-08-10,SVM202211001657,German Mnedoza,-19.0463265298455,-65.2468603175002,inactivo,,57,40,2024-08-03,7,10260.0,57.0,120.0,380.0,360.0
2024-08-14,SVM202211001657,German Mnedoza,-19.0463265298455,-65.2468603175002,inactivo,,55,100,2024-08-10,4,9900.0,55.0,90.0,460.0,340.0
2024-08-19,SVM202211001657,German Mnedoza,-19.0463265298455,-65.2468603175002,inactivo,,40,60,2024-08-14,5,7200.0,40.0,90.0,280.0,220.0
2024-08-25,SVM202211001657,German Mnedoza,-19.0463265298455,-65.2468603175002,inactivo,,58,0,2024-08-19,6,10440.0,58.0,114.0,260.0,520.0
2024-09-02,SVM202211001657,German Mnedoza,-19.0463265298455,-65.2468603175002,inactivo,,87,50,2024-08-25,8,15660.0,87.0,210.0,500.0,540.0
2024-08-06,SVM202211001656,Av. Del Maestro,-19.0363518875073,-65.2587671278803,activo,,28,40,2024-07-31,6,5040.0,28.0,132.0,100.0,20.0
2024-08-15,SVM202211001656,Av. Del Maestro,-19.0363518875073,-65.2587671278803,activo,,59,5,2024-08-06,9,10620.0,59.0,246.0,80.0,280.0
2024-08-26,SVM202211001656,Av. Del Maestro,-19.0363518875073,-65.2587671278803,activo,,50,75,2024-08-15,11,9000.0,50.0,168.0,200.0,240.0
2024-08-08,SVM202211001652,Calle Padilla esq. Camargo,-19.0490617942092,-65.2533703836111,activo,,60,20,2024-08-01,7,10800.0,60.0,114.0,300.0,520.0
2024-08-22,SVM202211001652,Calle Padilla esq. Camargo,-19.0490617942092,-65.2533703836111,activo,,44,70,2024-08-08,14,7920.0,44.0,72.0,300.0,340.0
2024-08-30,SVM202211001652,Calle Padilla esq. Camargo,-19.0490617942092,-65.2533703836111,activo,,58,20,2024-08-22,8,10440.0,58.0,72.0,480.0,440.0
2024-09-03,SVM201707000208,Cristo de las Américas,-19.0450551068471,-65.2687865487641,activo,,22,95,2024-08-27,7,3960.0,22.0,0.0,240.0,200.0
2024-09-09,SVM201707000208,Cristo de las Américas,-19.0450551068471,-65.2687865487641,activo,,27,65,2024-09-03,6,4860.0,27.0,30.0,200.0,240.0
2024-09-17,SVM201707000208,Cristo de las Américas,-19.0450551068471,-65.2687865487641,activo,,43,30,2024-09-09,8,7740.0,43.0,36.0,300.0,440.0
2024-09-24,SVM201707000208,Cristo de las Américas,-19.0450551068471,-65.2687865487641,activo,,28,98,2024-09-17,7,5040.0,28.0,30.0,260.0,200.0
2024-09-30,SVM201707000208,Cristo de las Américas,-19.0450551068471,-65.2687865487641,activo,,37,80,2024-09-24,6,6660.0,37.0,24.0,340.0,320.0
2024-09-03,SVM201707000206,Hospital Gineco Obstetrico,-19.0453076497863,-65.2683837910934,activo,,25,100,2024-08-27,7,4500.0,25.0,30.0,300.0,100.0
2024-09-09,SVM201707000206,Hospital Gineco Obstetrico,-19.0453076497863,-65.2683837910934,activo,,37,80,2024-09-03,6,6660.0,37.0,30.0,300.0,340.0
2024-09-17,SVM201707000206,Hospital Gineco Obstetrico,-19.0453076497863,-65.2683837910934,activo,,30,50,2024-09-09,8,5400.0,30.0,18.0,340.0,200.0
2024-09-24,SVM201707000206,Hospital Gineco Obstetrico,-19.0453076497863,-65.2683837910934,activo,,17,25,2024-09-17,7,3060.0,17.0,12.0,260.0,40.0
2024-09-30,SVM201707000206,Hospital Gineco Obstetrico,-19.0453076497863,-65.2683837910934,activo,,19,8,2024-09-24,6,3420.0,19.0,18.0,120.0,200.0
2024-09-08,SVM201707000217,Planeta Kids,-19.0455714685946,-65.2574231604105,activo,,39,30,2024-08-30,9,7020.0,39.0,36.0,320.0,340.0
2024-09-15,SVM201707000217,Planeta Kids,-19.0455714685946,-65.2574231604105,activo,,24,100,2024-09-08,7,4320.0,24.0,48.0,160.0,160.0
2024-09-24,SVM201707000217,Planeta Kids,-19.0455714685946,-65.2574231604105,activo,,59,60,2024-09-15,9,10620.0,59.0,66.0,520.0,440.0
2024-09-03,SVM201707000201,HOSPITAL GASTROENTEROLOGICO,-19.045190671258,-65.2674982014533,activo,,16,50,2024-08-27,7,2880.0,16.0,30.0,80.0,140.0
2024-09-09,SVM201707000201,HOSPITAL GASTROENTEROLOGICO,-19.045190671258,-65.2674982014533,activo,,31,30,2024-09-03,6,5580.0,31.0,18.0,280.0,280.0
2024-09-17,SVM201707000201,HOSPITAL GASTROENTEROLOGICO,-19.045190671258,-65.2674982014533,activo,,30,0,2024-09-09,8,5400.0,30.0,36.0,200.0,280.0
2024-09-24,SVM201707000201,HOSPITAL GASTROENTEROLOGICO,-19.045190671258,-65.2674982014533,activo,,38,85,2024-09-17,7,6840.0,38.0,72.0,260.0,260.0
2024-09-30,SVM201707000201,HOSPITAL GASTROENTEROLOGICO,-19.045190671258,-65.2674982014533,activo,,33,50,2024-09-24,6,5940.0,33.0,60.0,160.0,300.0
2024-09-05,SWM201707000210,Mercado San Antonio,-19.049135615241,-65.2411954847002,activo,,21,45,2024-08-26,10,3780.0,21.0,18.0,120.0,240.0
2024-09-17,SWM201707000210,Mercado San Antonio,-19.049135615241,-65.2411954847002,activo,,33,25,2024-09-05,12,5940.0,33.0,36.0,280.0,260.0
2024-10-03,SWM201707000210,Mercado San Antonio,-19.049135615241,-65.2411954847002,activo,,41,95,2024-09-17,16,7380.0,41.0,60.0,240.0,380.0
2024-09-07,LE-F303V-SCZ-W-B003,Terminal de Buses Sucre,-19.0390010960377,-65.2469812394272,inactivo,,43,50,2024-08-26,12,7740.0,43.0,48.0,420.0,280.0
2024-09-15,LE-F303V-SCZ-W-B003,Terminal de Buses Sucre,-19.0390010960377,-65.2469812394272,inactivo,,53,6,2024-09-07,8,9540.0,53.0,48.0,600.0,300.0
2024-09-26,LE-F303V-SCZ-W-B003,Terminal de Buses Sucre,-19.0390010960377,-65.2469812394272,inactivo,,51,80,2024-09-15,11,9180.0,51.0,66.0,520.0,280.0
2024-09-04,SVM202211001658,Aeropuerto Alcantari,-19.2465508193052,-65.1511204662652,activo,,58,50,2024-08-29,6,10440.0,58.0,72.0,340.0,580.0
2024-09-09,SVM202211001658,Aeropuerto Alcantari,-19.2465508193052,-65.1511204662652,activo,,51,25,2024-09-04,5,9180.0,51.0,138.0,240.0,320.0
2024-09-12,SVM202211001658,Aeropuerto Alcantari,-19.2465508193052,-65.1511204662652,activo,,31,100,2024-09-09,3,5580.0,31.0,54.0,120.0,320.0
2024-09-18,SVM202211001658,Aeropuerto Alcantari,-19.2465508193052,-65.1511204662652,activo,,59,55,2024-09-12,6,10620.0,59.0,144.0,180.0,520.0
2024-09-24,SVM202211001658,Aeropuerto Alcantari,-19.2465508193052,-65.1511204662652,activo,,64,10,2024-09-18,6,11520.0,64.0,108.0,480.0,440.0
2024-09-30,SVM202211001658,Aeropuerto Alcantari,-19.2465508193052,-65.1511204662652,activo,,64,60,2024-09-24,6,11520.0,64.0,150.0,240.0,540.0
2024-09-05,SVM202211001657,German Mnedoza,-19.0463265298455,-65.2468603175002,inactivo,,59,10,2024-09-02,3,10620.0,59.0,120.0,340.0,440.0
2024-09-12,SVM202211001657,German Mnedoza,-19.0463265298455,-65.2468603175002,inactivo,,76,50,2024-09-05,7,13680.0,76.0,138.0,600.0,460.0
2024-09-17,SVM202211001657,German Mnedoza,-19.0463265298455,-65.2468603175002,inactivo,,50,10,2024-09-12,5,9000.0,50.0,108.0,340.0,300.0
2024-09-24,SVM202211001657,German Mnedoza,-19.0463265298455,-65.2468603175002,inactivo,,59,70,2024-09-17,7,10620.0,59.0,114.0,400.0,400.0
2024-10-01,SVM202211001657,German Mnedoza,-19.0463265298455,-65.2468603175002,inactivo,,51,40,2024-09-24,7,9180.0,51.0,42.0,380.0,500.0
2024-09-05,SVM202211001656,Av. Del Maestro,-19.0363518875073,-65.2587671278803,activo,,52,35,2024-08-26,10,9360.0,52.0,162.0,140.0,360.0
2024-09-12,SVM202211001656,Av. Del Maestro,-19.0363518875073,-65.2587671278803,activo,,37,10,2024-09-05,7,6660.0,37.0,150.0,140.0,100.0
2024-09-29,SVM202211001656,Av. Del Maestro,-19.0363518875073,-65.2587671278803,activo,,59,70,2024-09-12,17,10620.0,59.0,210.0,200.0,280.0
2024-09-02,SVM202211001652,Calle Padilla esq. Camargo,-19.0490617942092,-65.2533703836111,activo,,22,95,2024-08-30,3,3960.0,22.0,48.0,180.0,100.0
2024-09-09,SVM202211001652,Calle Padilla esq. Camargo,-19.0490617942092,-65.2533703836111,activo,,42,70,2024-09-02,7,7560.0,42.0,84.0,200.0,360.0
2024-09-15,SVM202211001652,Calle Padilla esq. Camargo,-19.0490617942092,-65.2533703836111,activo,,29,45,2024-09-09,6,5220.0,29.0,54.0,120.0,280.0
2024-09-25,SVM202211001652,Calle Padilla esq. Camargo,-19.0490617942092,-65.2533703836111,activo,,53,100,2024-09-15,10,9540.0,53.0,72.0,460.0,360.0
2024-10-03,SVM202211001652,Calle Padilla esq. Camargo,-19.0490617942092,-65.2533703836111,activo,,30,75,2024-09-25,8,5400.0,30.0,48.0,260.0,180.0
2024-10-08,SVM201707000208,Cristo de las Américas,-19.0450551068471,-65.2687865487641,activo,,24,50,2024-09-30,8,4320.0,24.0,36.0,220.0,140.0
2024-10-16,SVM201707000208,Cristo de las Américas,-19.0450551068471,-65.2687865487641,activo,,41,10,2024-10-08,8,7380.0,41.0,78.0,280.0,280.0
2024-10-22,SVM201707000208,Cristo de las Américas,-19.0450551068471,-65.2687865487641,activo,,30,98,2024-10-16,6,5400.0,30.0,36.0,120.0,360.0
2024-10-29,SVM201707000208,Cristo de las Américas,-19.0450551068471,-65.2687865487641,activo,,39,65,2024-10-22,7,7020.0,39.0,48.0,340.0,280.0
2024-10-08,SVM201707000206,Hospital Gineco Obstetrico,-19.0453076497863,-65.2683837910934,activo,,13,5,2024-09-30,8,2340.0,13.0,12.0,80.0,140.0
2024-10-16,SVM201707000206,Hospital Gineco Obstetrico,-19.0453076497863,-65.2683837910934,activo,,36,95,2024-10-08,8,6480.0,36.0,42.0,320.0,260.0
2024-10-22,SVM201707000206,Hospital Gineco Obstetrico,-19.0453076497863,-65.2683837910934,activo,,26,80,2024-10-16,6,4680.0,26.0,24.0,240.0,200.0
2024-10-29,SVM201707000206,Hospital Gineco Obstetrico,-19.0453076497863,-65.2683837910934,activo,,24,45,2024-10-22,7,4320.0,24.0,18.0,240.0,180.0
2024-10-06,SVM201707000217,Planeta Kids,-19.0455714685946,-65.2574231604105,activo,,35,40,2024-09-24,12,6300.0,35.0,36.0,340.0,240.0
2024-10-13,SVM201707000217,Planeta Kids,-19.0455714685946,-65.2574231604105,activo,,36,8,2024-10-06,7,6480.0,36.0,48.0,280.0,280.0
2024-10-18,SVM201707000217,Planeta Kids,-19.0455714685946,-65.2574231604105,activo,,12,95,2024-10-13,5,2160.0,12.0,18.0,120.0,60.0
2024-10-25,SVM201707000217,Planeta Kids,-19.0455714685946,-65.2574231604105,activo,,26,85,2024-10-18,7,4680.0,26.0,30.0,220.0,200.0
2024-11-01,SVM201707000217,Planeta Kids,-19.0455714685946,-65.2574231604105,activo,,45,40,2024-10-25,7,8100.0,45.0,84.0,360.0,260.0
2024-10-08,SVM201707000201,HOSPITAL GASTROENTEROLOGICO,-19.045190671258,-65.2674982014533,activo,,39,0,2024-09-30,8,7020.0,39.0,84.0,220.0,280.0
2024-10-16,SVM201707000201,HOSPITAL GASTROENTEROLOGICO,-19.045190671258,-65.2674982014533,activo,,46,55,2024-10-08,8,8280.0,46.0,114.0,220.0,320.0
2024-10-22,SVM201707000201,HOSPITAL GASTROENTEROLOGICO,-19.045190671258,-65.2674982014533,activo,,18,45,2024-10-16,6,3240.0,18.0,24.0,60.0,220.0
2024-10-29,SVM201707000201,HOSPITAL GASTROENTEROLOGICO,-19.045190671258,-65.2674982014533,activo,,26,15,2024-10-22,7,4680.0,26.0,60.0,120.0,200.0
2024-10-15,SWM201707000210,Mercado San Antonio,-19.049135615241,-65.2411954847002,activo,,40,65,2024-10-03,12,7200.0,40.0,66.0,320.0,260.0
2024-10-21,SWM201707000210,Mercado San Antonio,-19.049135615241,-65.2411954847002,activo,,20,45,2024-10-15,6,3600.0,20.0,48.0,120.0,120.0
2024-10-26,SWM201707000210,Mercado San Antonio,-19.049135615241,-65.2411954847002,activo,,14,35,2024-10-21,5,2520.0,14.0,24.0,80.0,120.0
2024-10-08,LE-F303V-SCZ-W-B003,Terminal de Buses Sucre,-19.0390010960377,-65.2469812394272,inactivo,,66,20,2024-09-26,12,11880.0,66.0,60.0,620.0,500.0
2024-10-15,LE-F303V-SCZ-W-B003,Terminal de Buses Sucre,-19.0390010960377,-65.2469812394272,inactivo,,39,50,2024-10-08,7,7020.0,39.0,36.0,440.0,220.0
2024-10-21,LE-F303V-SCZ-W-B003,Terminal de Buses Sucre,-19.0390010960377,-65.2469812394272,inactivo,,52,40,2024-10-15,6,9360.0,52.0,72.0,520.0,280.0
2024-10-26,LE-F303V-SCZ-W-B003,Terminal de Buses Sucre,-19.0390010960377,-65.2469812394272,inactivo,,16,30,2024-10-21,5,2880.0,16.0,18.0,120.0,140.0
2024-11-03,LE-F303V-SCZ-W-B003,Terminal de Buses Sucre,-19.0390010960377,-65.2469812394272,inactivo,,46,90,2024-10-26,8,8280.0,46.0,54.0,460.0,280.0
2024-10-06,SVM202211001658,Aeropuerto Alcantari,-19.2465508193052,-65.1511204662652,activo,,51,30,2024-09-30,6,9180.0,51.0,90.0,280.0,440.0
2024-10-10,SVM202211001658,Aeropuerto Alcantari,-19.2465508193052,-65.1511204662652,activo,,46,100,2024-10-06,4,8280.0,46.0,102.0,140.0,440.0
2024-10-14,SVM202211001658,Aeropuerto Alcantari,-19.2465508193052,-65.1511204662652,activo,,33,75,2024-10-10,4,5940.0,33.0,114.0,40.0,240.0
2024-10-21,SVM202211001658,Aeropuerto Alcantari,-19.2465508193052,-65.1511204662652,activo,,55,35,2024-10-14,7,9900.0,55.0,126.0,260.0,420.0
2024-10-25,SVM202211001658,Aeropuerto Alcantari,-19.2465508193052,-65.1511204662652,activo,,45,15,2024-10-21,4,8100.0,45.0,102.0,240.0,320.0
2024-10-29,SVM202211001658,Aeropuerto Alcantari,-19.2465508193052,-65.1511204662652,activo,,37,100,2024-10-25,4,6660.0,37.0,60.0,260.0,280.0
2024-10-08,SVM202211001657,German Mnedoza,-19.0463265298455,-65.2468603175002,inactivo,,55,5,2024-10-01,7,9900.0,55.0,144.0,300.0,320.0
2024-10-15,SVM202211001657,German Mnedoza,-19.0463265298455,-65.2468603175002,inactivo,,58,65,2024-10-08,7,10440.0,58.0,120.0,420.0,340.0
2024-10-22,SVM202211001657,German Mnedoza,-19.0463265298455,-65.2468603175002,inactivo,,41,35,2024-10-15,7,7380.0,41.0,114.0,280.0,160.0
2024-10-27,SVM202211001657,German Mnedoza,-19.0463265298455,-65.2468603175002,inactivo,,27,10,2024-10-22,5,4860.0,27.0,78.0,200.0,80.0
2024-11-04,SVM202211001657,German Mnedoza,-19.0463265298455,-65.2468603175002,inactivo,,60,65,2024-10-27,8,10800.0,60.0,186.0,200.0,380.0
2024-10-01,SVM202211001656,Av. Del Maestro,-19.0363518875073,-65.2587671278803,activo,,13,55,2024-09-29,2,2340.0,13.0,48.0,40.0,60.0
2024-10-13,SVM202211001656,Av. Del Maestro,-19.0363518875073,-65.2587671278803,activo,,44,25,2024-10-01,12,7920.0,44.0,126.0,200.0,260.0
2024-10-30,SVM202211001656,Av. Del Maestro,-19.0363518875073,-65.2587671278803,activo,,59,70,2024-10-13,17,10620.0,59.0,162.0,420.0,220.0
2024-10-12,SVM202211001652,Calle Padilla esq. Camargo,-19.0490617942092,-65.2533703836111,activo,,39,50,2024-10-03,9,7020.0,39.0,90.0,280.0,200.0
2024-10-22,SVM202211001652,Calle Padilla esq. Camargo,-19.0490617942092,-65.2533703836111,activo,,46,5,2024-10-12,10,8280.0,46.0,72.0,340.0,340.0
2024-10-25,SVM202211001652,Calle Padilla esq. Camargo,-19.0490617942092,-65.2533703836111,activo,,14,100,2024-10-22,3,2520.0,14.0,24.0,80.0,120.0
2024-11-04,SVM202211001652,Calle Padilla esq. Camargo,-19.0490617942092,-65.2533703836111,activo,,59,50,2024-10-25,10,10620.0,59.0,84.0,520.0,380.0
2024-11-23,SVM20221100,CREDIAUTO,-19.0364359065965,-65.2416299030477,inactivo,Funcionó poco tiempo 1 - 3 mesaes o menos,6,75,2024-11-21,2,1080.0,6.0,6.0,80.0,20.0
2024-11-05,SVM201707000208,Cristo de las Américas,-19.0450551068471,-65.2687865487641,activo,,23,38,2024-10-29,7,4140.0,23.0,48.0,140.0,160.0
2024-11-26,SVM201707000208,Cristo de las Américas,-19.0450551068471,-65.2687865487641,activo,,100,45,2024-11-05,21,18000.0,100.0,162.0,760.0,700.0
2024-11-05,SVM201707000206,Hospital Gineco Obstetrico,-19.0453076497863,-65.2683837910934,activo,,35,10,2024-10-29,7,6300.0,35.0,36.0,180.0,400.0
2024-11-12,SVM201707000206,Hospital Gineco Obstetrico,-19.0453076497863,-65.2683837910934,activo,,33,0,2024-11-05,7,5940.0,33.0,18.0,200.0,400.0
2024-11-19,SVM201707000206,Hospital Gineco Obstetrico,-19.0453076497863,-65.2683837910934,activo,,32,90,2024-11-12,7,5760.0,32.0,42.0,300.0,200.0
2024-11-26,SVM201707000206,Hospital Gineco Obstetrico,-19.0453076497863,-65.2683837910934,activo,,31,65,2024-11-19,7,5580.0,31.0,18.0,140.0,420.0
2024-11-10,SVM201707000217,Planeta Kids,-19.0455714685946,-65.2574231604105,activo,,58,5,2024-11-01,9,10440.0,58.0,78.0,520.0,380.0
2024-11-15,SVM201707000217,Planeta Kids,-19.0455714685946,-65.2574231604105,activo,,18,90,2024-11-10,5,3240.0,18.0,24.0,100.0,180.0
2024-11-24,SVM201707000217,Planeta Kids,-19.0455714685946,-65.2574231604105,activo,,37,70,2024-11-15,9,6660.0,37.0,36.0,360.0,260.0
2024-11-30,SVM201707000217,Planeta Kids,-19.0455714685946,-65.2574231604105,activo,,27,50,2024-11-24,6,4860.0,27.0,48.0,160.0,220.0
2024-11-05,SVM201707000201,HOSPITAL GASTROENTEROLOGICO,-19.045190671258,-65.2674982014533,activo,,20,4,2024-10-29,7,3600.0,20.0,36.0,120.0,160.0
2024-11-12,SVM201707000201,HOSPITAL GASTROENTEROLOGICO,-19.045190671258,-65.2674982014533,activo,,36,94,2024-11-05,7,6480.0,36.0,72.0,140.0,340.0
2024-11-19,SVM201707000201,HOSPITAL GASTROENTEROLOGICO,-19.045190671258,-65.2674982014533,activo,,22,85,2024-11-12,7,3960.0,22.0,18.0,220.0,160.0
2024-11-26,SVM201707000201,HOSPITAL GASTROENTEROLOGICO,-19.045190671258,-65.2674982014533,activo,,42,25,2024-11-19,7,7560.0,42.0,84.0,160.0,400.0
2024-11-07,SWM201707000210,Mercado San Antonio,-19.049135615241,-65.2411954847002,activo,,30,95,2024-10-26,12,5400.0,30.0,54.0,120.0,300.0
2024-11-12,SWM201707000210,Mercado San Antonio,-19.049135615241,-65.2411954847002,activo,,26,85,2024-11-07,5,4680.0,26.0,48.0,180.0,180.0
2024-11-19,SWM201707000210,Mercado San Antonio,-19.049135615241,-65.2411954847002,activo,,29,60,2024-11-12,7,5220.0,29.0,48.0,180.0,240.0
2024-11-22,SWM201707000210,Mercado San Antonio,-19.049135615241,-65.2411954847002,activo,,14,45,2024-11-19,3,2520.0,14.0,42.0,40.0,100.0
2024-11-26,SWM201707000210,Mercado San Antonio,-19.049135615241,-65.2411954847002,activo,,10,40,2024-11-22,4,1800.0,10.0,18.0,40.0,100.0
2024-11-30,SWM201707000210,Mercado San Antonio,-19.049135615241,-65.2411954847002,activo,,12,30,2024-11-26,4,2160.0,12.0,12.0,80.0,120.0
2024-11-07,LE-F303V-SCZ-W-B003,Terminal de Buses Sucre,-19.0390010960377,-65.2469812394272,inactivo,,33,70,2024-11-03,4,5940.0,33.0,42.0,260.0,260.0
2024-11-12,LE-F303V-SCZ-W-B003,Terminal de Buses Sucre,-19.0390010960377,-65.2469812394272,inactivo,,24,45,2024-11-07,5,4320.0,24.0,48.0,140.0,180.0
2024-11-17,LE-F303V-SCZ-W-B003,Terminal de Buses Sucre,-19.0390010960377,-65.2469812394272,inactivo,,19,25,2024-11-12,5,3420.0,19.0,30.0,180.0,100.0
2024-11-22,LE-F303V-SCZ-W-B003,Terminal de Buses Sucre,-19.0390010960377,-65.2469812394272,inactivo,,10,15,2024-11-17,5,1800.0,10.0,30.0,60.0,40.0
2024-11-26,LE-F303V-SCZ-W-B003,Terminal de Buses Sucre,-19.0390010960377,-65.2469812394272,inactivo,,12,5,2024-11-22,4,2160.0,12.0,18.0,80.0,100.0
2024-11-30,LE-F303V-SCZ-W-B003,Terminal de Buses Sucre,-19.0390010960377,-65.2469812394272,inactivo,,14,95,2024-11-26,4,2520.0,14.0,18.0,180.0,40.0
2024-11-04,SVM202211001658,Aeropuerto Alcantari,-19.2465508193052,-65.1511204662652,activo,,63,50,2024-10-29,6,11340.0,63.0,102.0,240.0,680.0
2024-11-09,SVM202211001658,Aeropuerto Alcantari,-19.2465508193052,-65.1511204662652,activo,,73,10,2024-11-04,5,13140.0,73.0,114.0,380.0,700.0
2024-11-13,SVM202211001658,Aeropuerto Alcantari,-19.2465508193052,-65.1511204662652,activo,,51,75,2024-11-09,4,9180.0,51.0,108.0,200.0,460.0
2024-11-17,SVM202211001658,Aeropuerto Alcantari,-19.2465508193052,-65.1511204662652,activo,,44,45,2024-11-13,4,7920.0,44.0,120.0,200.0,280.0
2024-11-20,SVM202211001658,Aeropuerto Alcantari,-19.2465508193052,-65.1511204662652,activo,,33,15,2024-11-17,3,5940.0,33.0,36.0,160.0,380.0
2024-11-23,SVM202211001658,Aeropuerto Alcantari,-19.2465508193052,-65.1511204662652,activo,,39,95,2024-11-20,3,7020.0,39.0,96.0,100.0,360.0
2024-11-25,SVM202211001658,Aeropuerto Alcantari,-19.2465508193052,-65.1511204662652,activo,,19,85,2024-11-23,2,3420.0,19.0,42.0,80.0,160.0
2024-12-01,SVM202211001658,Aeropuerto Alcantari,-19.2465508193052,-65.1511204662652,activo,,30,60,2024-11-25,6,5400.0,30.0,54.0,140.0,280.0
2024-11-10,SVM202211001657,German Mnedoza,-19.0463265298455,-65.2468603175002,inactivo,,33,45,2024-11-04,6,5940.0,33.0,156.0,60.0,80.0
2024-11-15,SVM202211001657,German Mnedoza,-19.0463265298455,-65.2468603175002,inactivo,,19,30,2024-11-10,5,3420.0,19.0,18.0,120.0,200.0
2024-11-21,SVM202211001657,German Mnedoza,-19.0463265298455,-65.2468603175002,inactivo,,45,100,2024-11-15,6,8100.0,45.0,138.0,340.0,100.0
2024-11-26,SVM202211001657,German Mnedoza,-19.0463265298455,-65.2468603175002,inactivo,,26,80,2024-11-21,5,4680.0,26.0,48.0,160.0,200.0
2024-12-01,SVM202211001657,German Mnedoza,-19.0463265298455,-65.2468603175002,inactivo,,35,50,2024-11-26,5,6300.0,35.0,144.0,100.0,120.0
2024-11-07,SVM202211001656,Av. Del Maestro,-19.0363518875073,-65.2587671278803,activo,,20,60,2024-10-30,8,3600.0,20.0,66.0,80.0,100.0
2024-11-15,SVM202211001656,Av. Del Maestro,-19.0363518875073,-65.2587671278803,activo,,26,45,2024-11-07,8,4680.0,26.0,96.0,120.0,80.0
2024-11-21,SVM202211001656,Av. Del Maestro,-19.0363518875073,-65.2587671278803,activo,,28,20,2024-11-15,6,5040.0,28.0,78.0,160.0,140.0
2024-12-02,SVM202211001656,Av. Del Maestro,-19.0363518875073,-65.2587671278803,activo,,24,100,2024-11-21,11,4320.0,24.0,108.0,120.0,0.0
2024-11-13,SVM202211001652,Calle Padilla esq. Camargo,-19.0490617942092,-65.2533703836111,activo,,46,5,2024-11-04,9,8280.0,46.0,60.0,400.0,320.0
2024-11-22,SVM202211001652,Calle Padilla esq. Camargo,-19.0490617942092,-65.2533703836111,activo,,44,80,2024-11-13,9,7920.0,44.0,54.0,420.0,280.0
2024-11-26,SVM202211001652,Calle Padilla esq. Camargo,-19.0490617942092,-65.2533703836111,activo,,23,55,2024-11-22,4,4140.0,23.0,30.0,200.0,160.0
2024-11-17,SVM20221100,Destacamento 130,-19.039540806628,-65.2532119088436,activo,,31,50,,,5580.0,31.0,54.0,220.0,220.0
2024-11-21,SVM20221100,Destacamento 130,-19.039540806628,-65.2532119088436,activo,,55,20,2024-11-17,4,9900.0,55.0,114.0,280.0,440.0
2024-11-25,SVM20221100,Destacamento 130,-19.039540806628,-65.2532119088436,activo,,33,100,2024-11-23,2,5940.0,33.0,24.0,220.0,360.0
2024-12-01,SVM20221100,Destacamento 130,-19.039540806628,-65.2532119088436,activo,,53,50,2024-11-25,6,9540.0,53.0,90.0,320.0,440.0
2025-01-17,SVM20221100,CREDIAUTO,-19.0364359065965,-65.2416299030477,inactivo,Funcionó poco tiempo 1 - 3 mesaes o menos,8,65,2025-01-15,2,1440.0,8.0,12.0,80.0,40.0
2024-12-03,SVM201707000208,Cristo de las Américas,-19.0450551068471,-65.2687865487641,activo,,64,95,2024-11-26,7,11520.0,64.0,192.0,300.0,340.0
2024-12-06,SVM201707000208,Cristo de las Américas,-19.0450551068471,-65.2687865487641,activo,,26,65,2024-12-03,3,4680.0,26.0,18.0,240.0,220.0
2024-12-11,SVM201707000208,Cristo de las Américas,-19.0450551068471,-65.2687865487641,activo,,19,45,2024-12-06,5,3420.0,19.0,60.0,80.0,100.0
2024-12-03,SVM201707000206,Hospital Gineco Obstetrico,-19.0453076497863,-65.2683837910934,activo,,26,15,2024-11-26,7,4680.0,26.0,12.0,200.0,280.0
2024-12-06,SVM201707000206,Hospital Gineco Obstetrico,-19.0453076497863,-65.2683837910934,activo,,14,20,2024-12-03,3,2520.0,14.0,12.0,40.0,200.0
2024-12-11,SVM201707000206,Hospital Gineco Obstetrico,-19.0453076497863,-65.2683837910934,activo,,21,4,2024-12-06,5,3780.0,21.0,48.0,60.0,200.0
2024-12-17,SVM201707000206,Hospital Gineco Obstetrico,-19.0453076497863,-65.2683837910934,activo,,16,95,2024-12-11,6,2880.0,16.0,30.0,40.0,180.0
2024-12-25,SVM201707000206,Hospital Gineco Obstetrico,-19.0453076497863,-65.2683837910934,activo,,25,80,2024-12-17,8,4500.0,25.0,30.0,180.0,220.0
2024-12-31,SVM201707000206,Hospital Gineco Obstetrico,-19.0453076497863,-65.2683837910934,activo,,13,60,2024-12-25,6,2340.0,13.0,12.0,100.0,120.0
2024-12-06,SVM201707000217,Planeta Kids,-19.0455714685946,-65.2574231604105,activo,,39,20,2024-11-30,6,7020.0,39.0,84.0,260.0,240.0
2024-12-13,SVM201707000217,Planeta Kids,-19.0455714685946,-65.2574231604105,activo,,34,0,2024-12-06,7,6120.0,34.0,36.0,380.0,180.0
2024-12-20,SVM201707000217,Planeta Kids,-19.0455714685946,-65.2574231604105,activo,,32,70,2024-12-13,7,5760.0,32.0,30.0,300.0,240.0
2024-12-27,SVM201707000217,Planeta Kids,-19.0455714685946,-65.2574231604105,activo,,56,35,2024-12-20,7,10080.0,56.0,72.0,480.0,400.0
2025-01-03,SVM201707000217,Planeta Kids,-19.0455714685946,-65.2574231604105,activo,,56,100,2024-12-27,7,10080.0,56.0,42.0,640.0,340.0
2024-12-03,SVM201707000201,HOSPITAL GASTROENTEROLOGICO,-19.045190671258,-65.2674982014533,activo,,41,0,2024-11-26,7,7380.0,41.0,60.0,200.0,420.0
2024-12-06,SVM201707000201,HOSPITAL GASTROENTEROLOGICO,-19.045190671258,-65.2674982014533,activo,,15,95,2024-12-03,3,2700.0,15.0,30.0,80.0,120.0
2024-12-11,SVM201707000201,HOSPITAL GASTROENTEROLOGICO,-19.045190671258,-65.2674982014533,activo,,25,87,2024-12-06,5,4500.0,25.0,42.0,180.0,180.0
2024-12-17,SVM201707000201,HOSPITAL GASTROENTEROLOGICO,-19.045190671258,-65.2674982014533,activo,,28,50,2024-12-11,6,5040.0,28.0,78.0,120.0,180.0
2024-12-25,SVM201707000201,HOSPITAL GASTROENTEROLOGICO,-19.045190671258,-65.2674982014533,activo,,59,5,2024-12-17,8,10620.0,59.0,108.0,420.0,400.0
2024-12-31,SVM201707000201,HOSPITAL GASTROENTEROLOGICO,-19.045190671258,-65.2674982014533,activo,,38,95,2024-12-25,6,6840.0,38.0,42.0,220.0,400.0
2024-12-06,SWM201707000210,Mercado San Antonio,-19.049135615241,-65.2411954847002,activo,,21,20,2024-11-30,6,3780.0,21.0,36.0,160.0,140.0
2024-12-14,SWM201707000210,Mercado San Antonio,-19.049135615241,-65.2411954847002,activo,,27,0,2024-12-06,8,4860.0,27.0,48.0,260.0,120.0
2024-12-20,SWM201707000210,Mercado San Antonio,-19.049135615241,-65.2411954847002,activo,,15,90,2024-12-14,6,2700.0,15.0,12.0,140.0,120.0
2024-12-28,SWM201707000210,Mercado San Antonio,-19.049135615241,-65.2411954847002,activo,,39,60,2024-12-20,8,7020.0,39.0,54.0,180.0,420.0
2024-12-31,SWM201707000210,Mercado San Antonio,-19.049135615241,-65.2411954847002,activo,,14,50,2024-12-28,3,2520.0,14.0,24.0,80.0,120.0
2024-12-06,LE-F303V-SCZ-W-B003,Terminal de Buses Sucre,-19.0390010960377,-65.2469812394272,inactivo,,35,65,2024-11-30,6,6300.0,35.0,30.0,340.0,260.0
2024-12-16,LE-F303V-SCZ-W-B003,Terminal de Buses Sucre,-19.0390010960377,-65.2469812394272,inactivo,,60,25,2024-12-06,10,10800.0,60.0,84.0,540.0,380.0
2024-12-19,LE-F303V-SCZ-W-B003,Terminal de Buses Sucre,-19.0390010960377,-65.2469812394272,inactivo,,15,5,2024-12-16,3,2700.0,15.0,42.0,100.0,60.0
2024-12-28,LE-F303V-SCZ-W-B003,Terminal de Buses Sucre,-19.0390010960377,-65.2469812394272,inactivo,,47,70,2024-12-19,9,8460.0,47.0,48.0,340.0,440.0
2024-12-31,LE-F303V-SCZ-W-B003,Terminal de Buses Sucre,-19.0390010960377,-65.2469812394272,inactivo,,26,45,2024-12-28,3,4680.0,26.0,30.0,180.0,240.0
2024-12-08,SVM202211001658,Aeropuerto Alcantari,-19.2465508193052,-65.1511204662652,activo,,60,15,2024-12-01,7,10800.0,60.0,90.0,360.0,540.0
2024-12-10,SVM202211001658,Aeropuerto Alcantari,-19.2465508193052,-65.1511204662652,activo,,12,7,2024-12-08,2,2160.0,12.0,12.0,60.0,140.0
2024-12-18,SVM202211001658,Aeropuerto Alcantari,-19.2465508193052,-65.1511204662652,activo,,71,65,2024-12-10,8,12780.0,71.0,174.0,280.0,560.0
2024-12-23,SVM202211001658,Aeropuerto Alcantari,-19.2465508193052,-65.1511204662652,activo,,59,20,2024-12-18,5,10620.0,59.0,102.0,220.0,620.0
2024-12-26,SVM202211001658,Aeropuerto Alcantari,-19.2465508193052,-65.1511204662652,activo,,25,100,2024-12-23,3,4500.0,25.0,72.0,140.0,120.0
2024-12-30,SVM202211001658,Aeropuerto Alcantari,-19.2465508193052,-65.1511204662652,activo,,64,55,2024-12-26,4,11520.0,64.0,114.0,460.0,440.0
2024-12-10,SVM202211001657,German Mnedoza,-19.0463265298455,-65.2468603175002,inactivo,,56,5,2024-12-01,9,10080.0,56.0,120.0,360.0,360.0
2024-12-14,SVM202211001657,German Mnedoza,-19.0463265298455,-65.2468603175002,inactivo,,36,100,2024-12-10,4,6480.0,36.0,90.0,220.0,200.0
2024-12-19,SVM202211001657,German Mnedoza,-19.0463265298455,-65.2468603175002,inactivo,,55,55,2024-12-14,5,9900.0,55.0,84.0,320.0,500.0
2024-12-26,SVM202211001657,German Mnedoza,-19.0463265298455,-65.2468603175002,inactivo,,58,15,2024-12-19,7,10440.0,58.0,144.0,220.0,460.0
2024-12-31,SVM202211001657,German Mnedoza,-19.0463265298455,-65.2468603175002,inactivo,,22,95,2024-12-26,5,3960.0,22.0,48.0,100.0,180.0
2024-12-12,SVM202211001656,Av. Del Maestro,-19.0363518875073,-65.2587671278803,activo,,30,75,2024-12-02,10,5400.0,30.0,108.0,120.0,120.0
2024-12-26,SVM202211001656,Av. Del Maestro,-19.0363518875073,-65.2587671278803,activo,,41,45,2024-12-12,14,7380.0,41.0,132.0,140.0,240.0
2024-12-31,SVM202211001656,Av. Del Maestro,-19.0363518875073,-65.2587671278803,activo,,12,30,2024-12-26,5,2160.0,12.0,48.0,20.0,60.0
2024-12-05,SVM202211001652,Calle Padilla esq. Camargo,-19.0490617942092,-65.2533703836111,activo,,45,25,2024-11-26,9,8100.0,45.0,78.0,320.0,320.0
2024-12-12,SVM202211001652,Calle Padilla esq. Camargo,-19.0490617942092,-65.2533703836111,activo,,39,100,2024-12-05,7,7020.0,39.0,42.0,400.0,240.0
2024-12-19,SVM202211001652,Calle Padilla esq. Camargo,-19.0490617942092,-65.2533703836111,activo,,34,70,2024-12-12,7,6120.0,34.0,84.0,100.0,300.0
2024-12-26,SVM202211001652,Calle Padilla esq. Camargo,-19.0490617942092,-65.2533703836111,activo,,29,50,2024-12-19,7,5220.0,29.0,54.0,260.0,140.0
2024-12-31,SVM202211001652,Calle Padilla esq. Camargo,-19.0490617942092,-65.2533703836111,activo,,19,35,2024-12-26,5,3420.0,19.0,42.0,60.0,180.0
2024-12-07,SVM20221100,Destacamento 130,-19.039540806628,-65.2532119088436,activo,,50,30,2024-12-01,6,9000.0,50.0,78.0,340.0,400.0
2024-12-11,SVM20221100,Destacamento 130,-19.039540806628,-65.2532119088436,activo,,44,100,2024-12-07,4,7920.0,44.0,54.0,320.0,380.0
2024-12-14,SVM20221100,Destacamento 130,-19.039540806628,-65.2532119088436,activo,,15,85,2024-12-11,3,2700.0,15.0,30.0,40.0,160.0
2024-12-22,SVM20221100,Destacamento 130,-19.039540806628,-65.2532119088436,activo,,59,45,2024-12-14,8,10620.0,59.0,120.0,300.0,480.0
2024-12-29,SVM20221100,Destacamento 130,-19.039540806628,-65.2532119088436,activo,,57,100,2024-12-22,7,10260.0,57.0,132.0,340.0,360.0
2025-01-03,SVM20221100,Destacamento 130,-19.039540806628,-65.2532119088436,activo,,44,70,2024-12-29,5,7920.0,44.0,60.0,220.0,460.0
2025-02-12,SVM20221100,CREDIAUTO,-19.0364359065965,-65.2416299030477,inactivo,Funcionó poco tiempo 1 - 3 mesaes o menos,2,65,2025-02-08,4,360.0,2.0,0.0,40.0,0.0
2025-01-07,SVM201707000206,Hospital Gineco Obstetrico,-19.0453076497863,-65.2683837910934,activo,,30,40,2024-12-31,7,5400.0,30.0,42.0,360.0,100.0
2025-01-14,SVM201707000206,Hospital Gineco Obstetrico,-19.0453076497863,-65.2683837910934,activo,,33,8,2025-01-07,7,5940.0,33.0,30.0,300.0,260.0
2025-01-21,SVM201707000206,Hospital Gineco Obstetrico,-19.0453076497863,-65.2683837910934,activo,,16,97,2025-01-14,7,2880.0,16.0,18.0,160.0,100.0
2025-01-28,SVM201707000206,Hospital Gineco Obstetrico,-19.0453076497863,-65.2683837910934,activo,,14,85,2025-01-21,7,2520.0,14.0,18.0,60.0,160.0
2025-01-13,SVM201707000217,Planeta Kids,-19.0455714685946,-65.2574231604105,activo,,101,20,2025-01-03,10,18180.0,101.0,144.0,860.0,680.0
2025-01-19,SVM201707000217,Planeta Kids,-19.0455714685946,-65.2574231604105,activo,,59,80,2025-01-13,6,10620.0,59.0,42.0,520.0,520.0
2025-01-23,SVM201707000217,Planeta Kids,-19.0455714685946,-65.2574231604105,activo,,57,40,2025-01-19,4,10260.0,57.0,78.0,540.0,340.0
2025-01-27,SVM201707000217,Planeta Kids,-19.0455714685946,-65.2574231604105,activo,,53,100,2025-01-23,4,9540.0,53.0,42.0,460.0,460.0
2025-01-31,SVM201707000217,Planeta Kids,-19.0455714685946,-65.2574231604105,activo,,33,80,2025-01-27,4,5940.0,33.0,42.0,320.0,200.0
2025-01-07,SVM201707000201,HOSPITAL GASTROENTEROLOGICO,-19.045190671258,-65.2674982014533,activo,,41,50,2024-12-31,7,7380.0,41.0,78.0,180.0,380.0
2025-01-14,SVM201707000201,HOSPITAL GASTROENTEROLOGICO,-19.045190671258,-65.2674982014533,activo,,71,95,2025-01-07,7,12780.0,71.0,114.0,600.0,440.0
2025-01-21,SVM201707000201,HOSPITAL GASTROENTEROLOGICO,-19.045190671258,-65.2674982014533,activo,,46,55,2025-01-14,7,8280.0,46.0,78.0,320.0,340.0
2025-01-28,SVM201707000201,HOSPITAL GASTROENTEROLOGICO,-19.045190671258,-65.2674982014533,activo,,44,10,2025-01-21,7,7920.0,44.0,66.0,300.0,360.0
2025-01-10,SWM201707000210,Mercado San Antonio,-19.049135615241,-65.2411954847002,activo,,13,45,2024-12-31,10,2340.0,13.0,24.0,100.0,80.0
2025-01-16,SWM201707000210,Mercado San Antonio,-19.049135615241,-65.2411954847002,activo,,4,40,2025-01-10,6,720.0,4.0,12.0,0.0,40.0
2025-01-28,SWM201707000210,Mercado San Antonio,-19.049135615241,-65.2411954847002,activo,,29,40,2025-01-16,12,5220.0,29.0,42.0,260.0,180.0
2025-01-09,LE-F303V-SCZ-W-B003,Terminal de Buses Sucre,-19.0390010960377,-65.2469812394272,inactivo,,51,100,2024-12-31,9,9180.0,51.0,108.0,380.0,280.0
2025-01-14,LE-F303V-SCZ-W-B003,Terminal de Buses Sucre,-19.0390010960377,-65.2469812394272,inactivo,,34,75,2025-01-09,5,6120.0,34.0,84.0,220.0,180.0
2025-01-20,LE-F303V-SCZ-W-B003,Terminal de Buses Sucre,-19.0390010960377,-65.2469812394272,inactivo,,34,50,2025-01-14,6,6120.0,34.0,48.0,200.0,320.0
2025-01-27,LE-F303V-SCZ-W-B003,Terminal de Buses Sucre,-19.0390010960377,-65.2469812394272,inactivo,,23,30,2025-01-20,7,4140.0,23.0,30.0,200.0,160.0
2025-01-03,SVM202211001658,Aeropuerto Alcantari,-19.2465508193052,-65.1511204662652,activo,,36,35,2024-12-30,4,6480.0,36.0,60.0,180.0,340.0
2025-01-08,SVM202211001658,Aeropuerto Alcantari,-19.2465508193052,-65.1511204662652,activo,,58,100,2025-01-03,5,10440.0,58.0,84.0,420.0,460.0
2025-01-12,SVM202211001658,Aeropuerto Alcantari,-19.2465508193052,-65.1511204662652,activo,,56,55,2025-01-08,4,10080.0,56.0,138.0,380.0,280.0
2025-01-15,SVM202211001658,Aeropuerto Alcantari,-19.2465508193052,-65.1511204662652,activo,,58,15,2025-01-12,3,10440.0,58.0,84.0,260.0,620.0
2025-01-17,SVM202211001658,Aeropuerto Alcantari,-19.2465508193052,-65.1511204662652,activo,,17,100,2025-01-15,2,3060.0,17.0,60.0,60.0,80.0
2025-01-20,SVM202211001658,Aeropuerto Alcantari,-19.2465508193052,-65.1511204662652,activo,,59,55,2025-01-17,3,10620.0,59.0,96.0,460.0,400.0
2025-01-23,SVM202211001658,Aeropuerto Alcantari,-19.2465508193052,-65.1511204662652,activo,,17,50,2025-01-20,3,3060.0,17.0,36.0,120.0,100.0
2025-01-28,SVM202211001658,Aeropuerto Alcantari,-19.2465508193052,-65.1511204662652,activo,,57,100,2025-01-23,5,10260.0,57.0,114.0,380.0,380.0
2025-01-30,SVM202211001658,Aeropuerto Alcantari,-19.2465508193052,-65.1511204662652,activo,,59,55,2025-01-28,2,10620.0,59.0,132.0,320.0,420.0
2025-01-07,SVM202211001657,German Mendoza,-19.0463265298455,-65.2468603175002,activo,,54,60,2024-12-31,7,9720.0,54.0,114.0,200.0,500.0
2025-01-13,SVM202211001657,German Mendoza,-19.0463265298455,-65.2468603175002,activo,,55,20,2025-01-07,6,9900.0,55.0,84.0,360.0,460.0
2025-01-20,SVM202211001657,German Mendoza,-19.0463265298455,-65.2468603175002,activo,,39,80,2025-01-13,7,7020.0,39.0,60.0,200.0,380.0
2025-01-27,SVM202211001657,German Mendoza,-19.0463265298455,-65.2468603175002,activo,,49,20,2025-01-20,7,8820.0,49.0,96.0,280.0,380.0
2025-01-03,SVM202211001656,Av. Del Maestro,-19.0363518875073,-65.2587671278803,activo,,6,30,2024-12-31,3,1080.0,6.0,24.0,40.0,0.0
2025-01-11,SVM202211001656,Av. Del Maestro,-19.0363518875073,-65.2587671278803,activo,,39,100,2025-01-03,8,7020.0,39.0,90.0,260.0,220.0
2025-01-20,SVM202211001656,Av. Del Maestro,-19.0363518875073,-65.2587671278803,activo,,44,65,2025-01-11,9,7920.0,44.0,72.0,320.0,320.0
2025-01-27,SVM202211001656,Av. Del Maestro,-19.0363518875073,-65.2587671278803,activo,,42,35,2025-01-20,7,7560.0,42.0,114.0,260.0,200.0
2025-01-31,SVM202211001656,Av. Del Maestro,-19.0363518875073,-65.2587671278803,activo,,20,15,2025-01-27,4,3600.0,20.0,54.0,100.0,120.0
2025-01-08,SVM202211001652,Calle Padilla esq. Camargo,-19.0490617942092,-65.2533703836111,activo,,51,10,2024-12-31,8,9180.0,51.0,84.0,440.0,300.0
2025-01-16,SVM202211001652,Calle Padilla esq. Camargo,-19.0490617942092,-65.2533703836111,activo,,56,75,2025-01-08,8,10080.0,56.0,84.0,520.0,320.0
2025-01-21,SVM202211001652,Calle Padilla esq. Camargo,-19.0490617942092,-65.2533703836111,activo,,29,60,2025-01-16,5,5220.0,29.0,72.0,140.0,200.0
2025-01-28,SVM202211001652,Calle Padilla esq. Camargo,-19.0490617942092,-65.2533703836111,activo,,22,40,2025-01-21,7,3960.0,22.0,42.0,80.0,220.0
2025-01-08,SVM20221100,Destacamento 130,-19.039540806628,-65.2532119088436,activo,,57,25,2025-01-03,5,10260.0,57.0,84.0,460.0,400.0
2025-01-13,SVM20221100,Destacamento 130,-19.039540806628,-65.2532119088436,activo,,46,100,2025-01-08,5,8280.0,46.0,66.0,260.0,440.0
2025-01-18,SVM20221100,Destacamento 130,-19.039540806628,-65.2532119088436,activo,,33,80,2025-01-17,1,5940.0,33.0,66.0,220.0,220.0
2025-01-21,SVM20221100,Destacamento 130,-19.039540806628,-65.2532119088436,activo,,58,45,2025-01-18,3,10440.0,58.0,132.0,240.0,480.0
2025-01-23,SVM20221100,Destacamento 130,-19.039540806628,-65.2532119088436,activo,,26,25,2025-01-21,2,4680.0,26.0,60.0,140.0,180.0
2025-01-26,SVM20221100,Destacamento 130,-19.039540806628,-65.2532119088436,activo,,28,90,2025-01-23,3,5040.0,28.0,66.0,200.0,140.0
2025-01-31,SVM20221100,Destacamento 130,-19.039540806628,-65.2532119088436,activo,,34,75,2025-01-30,1,6120.0,34.0,60.0,200.0,280.0
2025-01-13,SVM20221100,COLON,-19.0477983440613,-65.2645083500505,activo,,57,50,2025-01-13,0,10260.0,57.0,90.0,460.0,380.0
2025-01-15,SVM20221100,COLON,-19.0477983440613,-65.2645083500505,activo,,45,15,2025-01-13,2,8100.0,45.0,66.0,320.0,360.0
2025-01-18,SVM20221100,COLON,-19.0477983440613,-65.2645083500505,activo,,34,80,2025-01-18,0,6120.0,34.0,78.0,280.0,140.0
2025-01-21,SVM20221100,COLON,-19.0477983440613,-65.2645083500505,activo,,64,45,2025-01-21,0,11520.0,64.0,138.0,300.0,520.0
2025-01-23,SVM20221100,COLON,-19.0477983440613,-65.2645083500505,activo,,22,25,2025-01-23,0,3960.0,22.0,42.0,140.0,160.0
2025-01-27,SVM20221100,COLON,-19.0477983440613,-65.2645083500505,activo,,62,75,2025-01-26,1,11160.0,62.0,126.0,380.0,440.0
2025-01-30,SVM20221100,COLON,-19.0477983440613,-65.2645083500505,activo,,26,55,2025-01-27,3,4680.0,26.0,84.0,140.0,100.0
2025-01-21,SVM202211001651,Cristo de las Américas,-19.0450551068471,-65.2687865487641,activo,,46,50,2023-10-15,464,8280.0,46.0,66.0,320.0,380.0
2025-01-28,SVM202211001651,Cristo de las Américas,-19.0450551068471,-65.2687865487641,activo,,17,25,2025-01-21,7,3060.0,17.0,12.0,180.0,120.0
2025-02-04,SVM201707000206,Hospital Gineco Obstetrico,-19.0453076497863,-65.2683837910934,activo,,18,75,2025-01-28,7,3240.0,18.0,12.0,200.0,120.0
2025-02-11,SVM201707000206,Hospital Gineco Obstetrico,-19.0453076497863,-65.2683837910934,activo,,11,65,2025-02-04,7,1980.0,11.0,0.0,100.0,120.0
2025-02-18,SVM201707000206,Hospital Gineco Obstetrico,-19.0453076497863,-65.2683837910934,activo,,12,50,2025-02-11,7,2160.0,12.0,18.0,40.0,140.0
2025-02-25,SVM201707000206,Hospital Gineco Obstetrico,-19.0453076497863,-65.2683837910934,activo,,24,20,2025-02-18,7,4320.0,24.0,24.0,80.0,320.0
2025-02-02,SVM201707000217,Planeta Kids,-19.0455714685946,-65.2574231604105,activo,,17,65,2025-01-31,2,3060.0,17.0,12.0,140.0,160.0
2025-02-10,SVM201707000217,Planeta Kids,-19.0455714685946,-65.2574231604105,activo,,41,30,2025-02-02,8,7380.0,41.0,66.0,400.0,200.0
2025-02-21,SVM201707000217,Planeta Kids,-19.0455714685946,-65.2574231604105,activo,,51,50,2025-02-10,11,9180.0,51.0,84.0,360.0,380.0
2025-03-06,SVM201707000217,Planeta Kids,-19.0455714685946,-65.2574231604105,activo,,54,18,2025-02-21,13,9720.0,54.0,84.0,520.0,280.0
2025-02-04,SVM201707000201,HOSPITAL GASTROENTEROLOGICO,-19.045190671258,-65.2674982014533,activo,,48,95,2025-01-28,7,8640.0,48.0,54.0,340.0,440.0
2025-02-11,SVM201707000201,HOSPITAL GASTROENTEROLOGICO,-19.045190671258,-65.2674982014533,activo,,55,50,2025-02-04,7,9900.0,55.0,78.0,300.0,540.0
2025-02-18,SVM201707000201,HOSPITAL GASTROENTEROLOGICO,-19.045190671258,-65.2674982014533,activo,,39,4,2025-02-11,7,7020.0,39.0,84.0,220.0,280.0
2025-02-25,SVM201707000201,HOSPITAL GASTROENTEROLOGICO,-19.045190671258,-65.2674982014533,activo,,45,85,2025-02-18,7,8100.0,45.0,60.0,220.0,480.0
2025-02-02,SWM201707000210,Mercado San Antonio,-19.049135615241,-65.2411954847002,activo,,17,30,2025-01-28,5,3060.0,17.0,12.0,120.0,180.0
2025-02-10,SWM201707000210,Mercado San Antonio,-19.049135615241,-65.2411954847002,activo,,33,75,2025-02-02,8,5940.0,33.0,60.0,200.0,260.0
2025-02-21,SWM201707000210,Mercado San Antonio,-19.049135615241,-65.2411954847002,activo,,27,10,2025-02-10,11,4860.0,27.0,42.0,160.0,240.0
2025-02-26,SWM201707000210,Mercado San Antonio,-19.049135615241,-65.2411954847002,activo,,18,2,2025-02-21,5,3240.0,18.0,48.0,60.0,140.0
2025-02-03,LE-F303V-SCZ-W-B003,Terminal de Buses Sucre,-19.0390010960377,-65.2469812394272,inactivo,,34,0,2025-01-27,7,6120.0,34.0,60.0,320.0,160.0
2025-02-10,LE-F303V-SCZ-W-B003,Terminal de Buses Sucre,-19.0390010960377,-65.2469812394272,inactivo,,20,90,2025-02-03,7,3600.0,20.0,42.0,140.0,120.0
2025-02-21,LE-F303V-SCZ-W-B003,Terminal de Buses Sucre,-19.0390010960377,-65.2469812394272,inactivo,,23,65,2025-02-10,11,4140.0,23.0,30.0,180.0,180.0
2025-03-01,LE-F303V-SCZ-W-B003,Terminal de Buses Sucre,-19.0390010960377,-65.2469812394272,inactivo,,28,25,2025-02-21,8,5040.0,28.0,48.0,160.0,240.0
2025-02-03,SVM202211001653,Aeropuerto Alcantari,-19.2465508193052,-65.1511204662652,activo,,46,25,2024-01-02,398,8280.0,46.0,96.0,260.0,340.0
2025-02-06,SVM202211001653,Aeropuerto Alcantari,-19.2465508193052,-65.1511204662652,activo,,26,100,2025-02-03,3,4680.0,26.0,108.0,20.0,140.0
2025-02-09,SVM202211001653,Aeropuerto Alcantari,-19.2465508193052,-65.1511204662652,activo,,18,85,2025-02-06,3,3240.0,18.0,60.0,140.0,20.0
2025-02-16,SVM202211001653,Aeropuerto Alcantari,-19.2465508193052,-65.1511204662652,activo,,64,40,2025-02-09,7,11520.0,64.0,108.0,520.0,400.0
2025-02-21,SVM202211001653,Aeropuerto Alcantari,-19.2465508193052,-65.1511204662652,activo,,34,13,2025-02-16,5,6120.0,34.0,54.0,140.0,360.0
2025-02-24,SVM202211001653,Aeropuerto Alcantari,-19.2465508193052,-65.1511204662652,activo,,27,100,2025-02-21,3,4860.0,27.0,30.0,140.0,300.0
2025-03-01,SVM202211001653,Aeropuerto Alcantari,-19.2465508193052,-65.1511204662652,activo,,57,55,2025-02-24,5,10260.0,57.0,96.0,240.0,580.0
2025-02-03,SVM202211001657,German Mendoza,-19.0463265298455,-65.2468603175002,activo,,48,80,2025-01-27,7,8640.0,48.0,78.0,260.0,440.0
2025-02-10,SVM202211001657,German Mendoza,-19.0463265298455,-65.2468603175002,activo,,24,60,2025-02-03,7,4320.0,24.0,54.0,120.0,180.0
2025-02-23,SVM202211001657,German Mendoza,-19.0463265298455,-65.2468603175002,activo,,38,60,2025-02-10,13,6840.0,38.0,114.0,220.0,160.0
2025-03-01,SVM202211001657,German Mendoza,-19.0463265298455,-65.2468603175002,activo,,32,35,2025-02-23,6,5760.0,32.0,102.0,80.0,220.0
2025-02-07,SVM202211001656,Av. Del Maestro,-19.0363518875073,-65.2587671278803,activo,,15,95,2025-01-31,7,2700.0,15.0,54.0,20.0,100.0
2025-02-14,SVM202211001656,Av. Del Maestro,-19.0363518875073,-65.2587671278803,activo,,18,85,2025-02-07,7,3240.0,18.0,60.0,80.0,80.0
2025-02-21,SVM202211001656,Av. Del Maestro,-19.0363518875073,-65.2587671278803,activo,,28,60,2025-02-14,7,5040.0,28.0,96.0,120.0,120.0
2025-02-27,SVM202211001656,Av. Del Maestro,-19.0363518875073,-65.2587671278803,activo,,20,50,2025-02-21,6,3600.0,20.0,66.0,60.0,120.0
2025-02-04,SVM202211001652,Calle Padilla esq. Camargo,-19.0490617942092,-65.2533703836111,activo,,23,15,2025-01-28,7,4140.0,23.0,54.0,160.0,120.0
2025-02-11,SVM202211001652,Calle Padilla esq. Camargo,-19.0490617942092,-65.2533703836111,activo,,38,80,2025-02-04,7,6840.0,38.0,96.0,160.0,280.0
2025-02-19,SVM202211001652,Calle Padilla esq. Camargo,-19.0490617942092,-65.2533703836111,activo,,52,50,2025-02-11,8,9360.0,52.0,138.0,280.0,300.0
2025-02-27,SVM202211001652,Calle Padilla esq. Camargo,-19.0490617942092,-65.2533703836111,activo,,34,15,2025-02-19,8,6120.0,34.0,54.0,240.0,260.0
2025-02-07,SVM20221100,Destacamento 130,-19.039540806628,-65.2532119088436,activo,,57,30,2025-02-04,3,10260.0,57.0,90.0,400.0,440.0
2025-02-13,SVM20221100,Destacamento 130,-19.039540806628,-65.2532119088436,activo,,51,15,2025-02-12,1,9180.0,51.0,96.0,260.0,440.0
2025-02-18,SVM20221100,Destacamento 130,-19.039540806628,-65.2532119088436,activo,,36,80,2025-02-16,2,6480.0,36.0,72.0,220.0,260.0
2025-02-25,SVM20221100,Destacamento 130,-19.039540806628,-65.2532119088436,activo,,39,50,2025-02-21,4,7020.0,39.0,96.0,220.0,240.0
2025-02-27,SVM20221100,Destacamento 130,-19.039540806628,-65.2532119088436,activo,,8,50,2025-02-25,2,1440.0,8.0,6.0,60.0,80.0
2025-02-04,SVM20221100,COLON,-19.0477983440613,-65.2645083500505,activo,,57,20,2025-01-31,4,10260.0,57.0,102.0,460.0,340.0
2025-02-08,SVM20221100,COLON,-19.0477983440613,-65.2645083500505,activo,,42,90,2025-02-07,1,7560.0,42.0,102.0,260.0,240.0
2025-02-12,SVM20221100,COLON,-19.0477983440613,-65.2645083500505,activo,,49,45,2025-02-12,0,8820.0,49.0,90.0,360.0,320.0
2025-02-16,SVM20221100,COLON,-19.0477983440613,-65.2645083500505,activo,,36,25,2025-02-13,3,6480.0,36.0,66.0,260.0,240.0
2025-02-21,SVM20221100,COLON,-19.0477983440613,-65.2645083500505,activo,,61,80,2025-02-18,3,10980.0,61.0,120.0,380.0,440.0
2025-02-25,SVM20221100,COLON,-19.0477983440613,-65.2645083500505,activo,,36,60,2025-02-25,0,6480.0,36.0,60.0,180.0,340.0
2025-02-27,SVM20221100,COLON,-19.0477983440613,-65.2645083500505,activo,,26,35,2025-02-27,0,4680.0,26.0,54.0,220.0,120.0
2025-02-04,SVM202211001651,Cristo de las Américas,-19.0450551068471,-65.2687865487641,activo,,21,7,2025-01-28,7,3780.0,21.0,36.0,100.0,200.0
2025-02-11,SVM202211001651,Cristo de las Américas,-19.0450551068471,-65.2687865487641,activo,,26,95,2025-02-04,7,4680.0,26.0,42.0,180.0,200.0
2025-02-18,SVM202211001651,Cristo de las Américas,-19.0450551068471,-65.2687865487641,activo,,34,70,2025-02-11,7,6120.0,34.0,48.0,240.0,280.0
2025-02-25,SVM202211001651,Cristo de las Américas,-19.0450551068471,-65.2687865487641,activo,,32,35,2025-02-18,7,5760.0,32.0,66.0,180.0,240.0
2025-03-05,SVM201707000206,Hospital Gineco Obstetrico,-19.0453076497863,-65.2683837910934,activo,,18,5,2025-02-25,8,3240.0,18.0,6.0,80.0,260.0
2025-03-12,SVM201707000206,Hospital Gineco Obstetrico,-19.0453076497863,-65.2683837910934,activo,,29,95,2025-03-05,7,5220.0,29.0,24.0,180.0,320.0
2025-03-18,SVM201707000206,Hospital Gineco Obstetrico,-19.0453076497863,-65.2683837910934,activo,,28,80,2025-03-12,6,5040.0,28.0,24.0,180.0,300.0
2025-03-25,SVM201707000206,Hospital Gineco Obstetrico,-19.0453076497863,-65.2683837910934,activo,,21,50,2025-03-18,7,3780.0,21.0,18.0,100.0,260.0
2025-04-02,SVM201707000206,Hospital Gineco Obstetrico,-19.0453076497863,-65.2683837910934,activo,,35,13,2025-03-25,8,6300.0,35.0,36.0,200.0,380.0
2025-03-12,SVM201707000217,Planeta Kids,-19.0455714685946,-65.2574231604105,activo,,37,0,2025-03-06,6,6660.0,37.0,36.0,380.0,240.0
2025-03-20,SVM201707000217,Planeta Kids,-19.0455714685946,-65.2574231604105,activo,,58,50,2025-03-12,8,10440.0,58.0,78.0,480.0,420.0
2025-03-27,SVM201707000217,Planeta Kids,-19.0455714685946,-65.2574231604105,activo,,25,,2025-03-20,7,4500.0,25.0,66.0,140.0,140.0
2025-03-05,SVM201707000201,HOSPITAL GASTROENTEROLOGICO,-19.045190671258,-65.2674982014533,activo,,36,50,2025-02-25,8,6480.0,36.0,72.0,160.0,320.0
2025-03-12,SVM201707000201,HOSPITAL GASTROENTEROLOGICO,-19.045190671258,-65.2674982014533,activo,,59,3,2025-03-05,7,10620.0,59.0,120.0,340.0,440.0
2025-03-18,SVM201707000201,HOSPITAL GASTROENTEROLOGICO,-19.045190671258,-65.2674982014533,activo,,54,70,2025-03-12,6,9720.0,54.0,66.0,500.0,360.0
2025-03-23,SVM201707000201,HOSPITAL GASTROENTEROLOGICO,-19.045190671258,-65.2674982014533,activo,,60,10,2025-03-18,5,10800.0,60.0,48.0,500.0,540.0
2025-03-25,SVM201707000201,HOSPITAL GASTROENTEROLOGICO,-19.045190671258,-65.2674982014533,activo,,16,0,2025-03-23,2,2880.0,16.0,12.0,80.0,200.0
2025-04-02,SVM201707000201,HOSPITAL GASTROENTEROLOGICO,-19.045190671258,-65.2674982014533,activo,,46,75,2025-03-25,8,8280.0,46.0,66.0,220.0,480.0
2025-03-09,SWM201707000210,Mercado San Antonio,-19.049135615241,-65.2411954847002,activo,,37,30,2025-02-26,11,6660.0,37.0,54.0,300.0,260.0
2025-03-14,SWM201707000210,Mercado San Antonio,-19.049135615241,-65.2411954847002,activo,,17,10,2025-03-09,5,3060.0,17.0,60.0,60.0,80.0
2025-03-25,SWM201707000210,Mercado San Antonio,-19.049135615241,-65.2411954847002,activo,,51,30,2025-03-14,11,9180.0,51.0,78.0,360.0,400.0
2025-04-06,SWM201707000210,Mercado San Antonio,-19.049135615241,-65.2411954847002,activo,,44,0,2025-03-25,12,7920.0,44.0,78.0,280.0,340.0
2025-03-10,LE-F303V-SCZ-W-B003,Terminal de Buses Sucre,-19.0390010960377,-65.2469812394272,inactivo,,39,85,2025-03-01,9,7020.0,39.0,60.0,340.0,240.0
2025-03-17,LE-F303V-SCZ-W-B003,Terminal de Buses Sucre,-19.0390010960377,-65.2469812394272,inactivo,,31,55,2025-03-10,7,5580.0,31.0,60.0,280.0,140.0
2025-03-23,LE-F303V-SCZ-W-B003,Terminal de Buses Sucre,-19.0390010960377,-65.2469812394272,inactivo,,9,50,2025-03-17,6,1620.0,9.0,24.0,40.0,60.0
2025-04-04,LE-F303V-SCZ-W-B003,Terminal de Buses Sucre,-19.0390010960377,-65.2469812394272,inactivo,,20,40,2025-03-23,12,3600.0,20.0,54.0,100.0,120.0
2025-03-05,SVM202211001653,Aeropuerto Alcantari,-19.2465508193052,-65.1511204662652,activo,,48,10,2025-03-01,4,8640.0,48.0,78.0,240.0,460.0
2025-03-11,SVM202211001653,Aeropuerto Alcantari,-19.2465508193052,-65.1511204662652,activo,,67,75,2025-03-05,6,12060.0,67.0,144.0,240.0,620.0
2025-03-15,SVM202211001653,Aeropuerto Alcantari,-19.2465508193052,-65.1511204662652,activo,,44,35,2025-03-11,4,7920.0,44.0,102.0,280.0,260.0
2025-03-18,SVM202211001653,Aeropuerto Alcantari,-19.2465508193052,-65.1511204662652,activo,,27,100,2025-03-15,3,4860.0,27.0,30.0,60.0,380.0
2025-03-23,SVM202211001653,Aeropuerto Alcantari,-19.2465508193052,-65.1511204662652,activo,,30,80,2025-03-18,5,5400.0,30.0,42.0,220.0,240.0
2025-04-02,SVM202211001653,Aeropuerto Alcantari,-19.2465508193052,-65.1511204662652,activo,,66,35,2025-03-23,10,11880.0,66.0,156.0,280.0,520.0
2025-03-10,SVM202211001657,German Mendoza,-19.0463265298455,-65.2468603175002,activo,,53,10,2025-03-01,9,9540.0,53.0,96.0,280.0,460.0
2025-03-16,SVM202211001657,German Mendoza,-19.0463265298455,-65.2468603175002,activo,,58,75,2025-03-10,6,10440.0,58.0,150.0,300.0,360.0
2025-03-22,SVM202211001657,German Mendoza,-19.0463265298455,-65.2468603175002,activo,,37,100,2025-03-16,6,6660.0,37.0,54.0,400.0,160.0
2025-04-01,SVM202211001657,German Mendoza,-19.0463265298455,-65.2468603175002,activo,,63,50,2025-03-22,10,11340.0,63.0,144.0,420.0,360.0
2025-03-06,SVM202211001656,Av. Del Maestro,-19.0363518875073,-65.2587671278803,activo,,35,20,2025-02-27,7,6300.0,35.0,66.0,200.0,280.0
2025-03-13,SVM202211001656,Av. Del Maestro,-19.0363518875073,-65.2587671278803,activo,,44,90,2025-03-06,7,7920.0,44.0,96.0,200.0,360.0
2025-03-21,SVM202211001656,Av. Del Maestro,-19.0363518875073,-65.2587671278803,activo,,32,60,2025-03-13,8,5760.0,32.0,102.0,140.0,160.0
2025-03-28,SVM202211001656,Av. Del Maestro,-19.0363518875073,-65.2587671278803,activo,,19,50,2025-03-21,7,3420.0,19.0,42.0,140.0,100.0
2025-03-30,SVM202211001656,Av. Del Maestro,-19.0363518875073,-65.2587671278803,activo,,6,45,2025-03-28,2,1080.0,6.0,18.0,40.0,20.0
2025-03-06,SVM202211001652,Calle Padilla esq. Camargo,-19.0490617942092,-65.2533703836111,activo,,25,70,2025-02-27,7,4500.0,25.0,66.0,200.0,80.0
2025-03-14,SVM202211001652,Calle Padilla esq. Camargo,-19.0490617942092,-65.2533703836111,activo,,45,40,2025-03-06,8,8100.0,45.0,102.0,320.0,240.0
2025-03-21,SVM202211001652,Calle Padilla esq. Camargo,-19.0490617942092,-65.2533703836111,activo,,38,100,2025-03-14,7,6840.0,38.0,78.0,140.0,360.0
2025-03-28,SVM202211001652,Calle Padilla esq. Camargo,-19.0490617942092,-65.2533703836111,activo,,39,65,2025-03-21,7,7020.0,39.0,66.0,340.0,220.0
2025-03-31,SVM202211001652,Calle Padilla esq. Camargo,-19.0490617942092,-65.2533703836111,activo,,14,55,2025-03-28,3,2520.0,14.0,30.0,140.0,40.0
2025-03-05,SVM20221100,Destacamento 130,-19.039540806628,-65.2532119088436,activo,,52,15,2025-03-03,2,9360.0,52.0,108.0,240.0,440.0
2025-03-10,SVM20221100,Destacamento 130,-19.039540806628,-65.2532119088436,activo,,28,90,2025-03-09,1,5040.0,28.0,48.0,140.0,260.0
2025-03-17,SVM20221100,Destacamento 130,-19.039540806628,-65.2532119088436,activo,,50,60,2025-03-13,4,9000.0,50.0,60.0,280.0,520.0
2025-03-24,SVM20221100,Destacamento 130,-19.039540806628,-65.2532119088436,activo,,54,20,2025-03-20,4,9720.0,54.0,54.0,480.0,420.0
2025-03-30,SVM20221100,Destacamento 130,-19.039540806628,-65.2532119088436,activo,,51,90,2025-03-24,6,9180.0,51.0,90.0,340.0,380.0
2025-03-03,SVM20221100,COLON,-19.0477983440613,-65.2645083500505,activo,,33,20,2025-02-27,4,5940.0,33.0,84.0,180.0,200.0
2025-03-09,SVM20221100,COLON,-19.0477983440613,-65.2645083500505,activo,,72,80,2025-03-05,4,12960.0,72.0,102.0,720.0,380.0
2025-03-13,SVM20221100,COLON,-19.0477983440613,-65.2645083500505,activo,,48,50,2025-03-10,3,8640.0,48.0,108.0,400.0,200.0
2025-03-17,SVM20221100,COLON,-19.0477983440613,-65.2645083500505,activo,,65,10,2025-03-17,0,11700.0,65.0,102.0,440.0,520.0
2025-03-20,SVM20221100,COLON,-19.0477983440613,-65.2645083500505,activo,,33,80,2025-03-17,3,5940.0,33.0,78.0,200.0,200.0
2025-03-24,SVM20221100,COLON,-19.0477983440613,-65.2645083500505,activo,,27,60,2025-03-24,0,4860.0,27.0,54.0,200.0,160.0
2025-03-30,SVM20221100,COLON,-19.0477983440613,-65.2645083500505,activo,,47,25,2025-03-30,0,8460.0,47.0,96.0,360.0,260.0
2025-03-05,SVM202211001651,Cristo de las Américas,-19.0450551068471,-65.2687865487641,activo,,32,8,2025-02-25,8,5760.0,32.0,54.0,260.0,200.0
2025-03-12,SVM202211001651,Cristo de las Américas,-19.0450551068471,-65.2687865487641,activo,,34,45,2025-03-05,7,6120.0,34.0,84.0,280.0,120.0
2025-03-18,SVM202211001651,Cristo de las Américas,-19.0450551068471,-65.2687865487641,activo,,43,3,2025-03-12,6,7740.0,43.0,24.0,440.0,340.0
2025-03-25,SVM202211001651,Cristo de las Américas,-19.0450551068471,-65.2687865487641,activo,,39,85,2025-03-18,7,7020.0,39.0,84.0,260.0,240.0
2025-04-02,SVM202211001651,Cristo de las Américas,-19.0450551068471,-65.2687865487641,activo,,22,60,2025-03-25,8,3960.0,22.0,24.0,160.0,200.0
2025-04-08,SVM201707000208,Planeta Kids,-19.0455714685946,-65.2574231604105,activo,,42,100,2024-12-11,118,7560.0,42.0,48.0,420.0,260.0
2025-04-20,SVM201707000208,Planeta Kids,-19.0455714685946,-65.2574231604105,activo,,48,60,2025-04-08,12,8640.0,48.0,66.0,360.0,380.0
2025-05-02,SVM201707000208,Planeta Kids,-19.0455714685946,-65.2574231604105,activo,,35,0,2025-04-20,12,6300.0,35.0,90.0,180.0,220.0
2025-04-08,SVM201707000206,Hospital Gineco Obstetrico,-19.0453076497863,-65.2683837910934,activo,,32,0,2025-04-02,6,5760.0,32.0,66.0,160.0,260.0
2025-04-14,SVM201707000206,Hospital Gineco Obstetrico,-19.0453076497863,-65.2683837910934,activo,,36,90,2025-04-08,6,6480.0,36.0,54.0,240.0,300.0
2025-04-21,SVM201707000206,Hospital Gineco Obstetrico,-19.0453076497863,-65.2683837910934,activo,,33,50,2025-04-14,7,5940.0,33.0,30.0,240.0,320.0
2025-04-29,SVM201707000206,Hospital Gineco Obstetrico,-19.0453076497863,-65.2683837910934,activo,,33,12,2025-04-21,8,5940.0,33.0,24.0,220.0,360.0
2025-04-21,SWM201707000217,EMILIO  MENDIZABAL LIDER,-19.0474298941243,-65.2437070457783,inactivo,,12,70,2022-10-29,905,2160.0,12.0,12.0,100.0,100.0
2025-05-01,SWM201707000217,EMILIO  MENDIZABAL LIDER,-19.0474298941243,-65.2437070457783,inactivo,,7,65,2025-04-21,10,1260.0,7.0,0.0,100.0,40.0
2025-04-08,SVM201707000201,HOSPITAL GASTROENTEROLOGICO,-19.045190671258,-65.2674982014533,activo,,36,25,2025-04-02,6,6480.0,36.0,60.0,180.0,340.0
2025-04-14,SVM201707000201,HOSPITAL GASTROENTEROLOGICO,-19.045190671258,-65.2674982014533,activo,,31,100,2025-04-08,6,5580.0,31.0,42.0,180.0,300.0
2025-04-21,SVM201707000201,HOSPITAL GASTROENTEROLOGICO,-19.045190671258,-65.2674982014533,activo,,40,90,2025-04-14,7,7200.0,40.0,36.0,380.0,300.0
2025-04-29,SVM201707000201,HOSPITAL GASTROENTEROLOGICO,-19.045190671258,-65.2674982014533,activo,,34,50,2025-04-21,8,6120.0,34.0,24.0,280.0,320.0
2025-04-13,SWM201707000210,Mercado San Antonio,-19.049135615241,-65.2411954847002,activo,,18,45,2025-04-06,7,3240.0,18.0,24.0,100.0,180.0
2025-04-21,SWM201707000210,Mercado San Antonio,-19.049135615241,-65.2411954847002,activo,,38,15,2025-04-13,8,6840.0,38.0,72.0,280.0,240.0
2025-05-02,SWM201707000210,Mercado San Antonio,-19.049135615241,-65.2411954847002,activo,,21,0,2025-04-21,11,3780.0,21.0,48.0,160.0,100.0
2025-04-13,LE-F303V-SCZ-W-B003,Terminal de Buses Sucre,-19.0390010960377,-65.2469812394272,inactivo,,21,10,2025-04-04,9,3780.0,21.0,30.0,160.0,160.0
2025-04-21,LE-F303V-SCZ-W-B003,Terminal de Buses Sucre,-19.0390010960377,-65.2469812394272,inactivo,,23,95,2025-04-13,8,4140.0,23.0,42.0,160.0,160.0
2025-05-03,LE-F303V-SCZ-W-B003,Terminal de Buses Sucre,-19.0390010960377,-65.2469812394272,inactivo,,39,55,2025-04-21,12,7020.0,39.0,108.0,160.0,260.0
2025-04-19,SVM202211001658,SAN MATIAS LIDER,-19.03629013257,-65.2612496736997,inactivo,,20,70,2025-01-30,79,3600.0,20.0,24.0,100.0,220.0
2025-04-29,SVM202211001658,SAN MATIAS LIDER,-19.03629013257,-65.2612496736997,inactivo,,15,55,2025-04-19,10,2700.0,15.0,42.0,60.0,100.0
2025-04-09,SVM202211001653,Aeropuerto Alcantari,-19.2465508193052,-65.1511204662652,activo,,47,100,2025-04-02,7,8460.0,47.0,108.0,200.0,380.0
2025-04-16,SVM202211001653,Aeropuerto Alcantari,-19.2465508193052,-65.1511204662652,activo,,35,75,2025-04-09,7,6300.0,35.0,54.0,180.0,340.0
2025-04-23,SVM202211001653,Aeropuerto Alcantari,-19.2465508193052,-65.1511204662652,activo,,61,25,2025-04-16,7,10980.0,61.0,132.0,420.0,360.0
2025-04-27,SVM202211001653,Aeropuerto Alcantari,-19.2465508193052,-65.1511204662652,activo,,41,100,2025-04-23,4,7380.0,41.0,132.0,140.0,240.0
2025-05-03,SVM202211001653,Aeropuerto Alcantari,-19.2465508193052,-65.1511204662652,activo,,38,70,2025-04-27,6,6840.0,38.0,60.0,220.0,340.0
2025-04-23,SVM202211001655,Universidad Domingo Savio,-19.0580255891264,-65.2546129469163,activo,,56,40,2023-11-21,519,10080.0,56.0,114.0,260.0,480.0
2025-04-25,SVM202211001655,Universidad Domingo Savio,-19.0580255891264,-65.2546129469163,activo,,30,10,2025-04-23,2,5400.0,30.0,12.0,240.0,320.0
2025-04-29,SVM202211001655,Universidad Domingo Savio,-19.0580255891264,-65.2546129469163,activo,,22,90,2025-04-25,4,3960.0,22.0,12.0,220.0,180.0
2025-04-08,SVM202211001657,German Mendoza,-19.0463265298455,-65.2468603175002,activo,,52,5,2025-04-01,7,9360.0,52.0,84.0,260.0,500.0
2025-04-15,SVM202211001657,German Mendoza,-19.0463265298455,-65.2468603175002,activo,,56,35,2025-04-08,7,10080.0,56.0,90.0,400.0,420.0
2025-04-21,SVM202211001657,German Mendoza,-19.0463265298455,-65.2468603175002,activo,,63,65,2025-04-15,6,11340.0,63.0,78.0,500.0,500.0
2025-04-27,SVM202211001657,German Mendoza,-19.0463265298455,-65.2468603175002,activo,,45,28,2025-04-21,6,8100.0,45.0,54.0,380.0,340.0
2025-05-01,SVM202211001657,German Mendoza,-19.0463265298455,-65.2468603175002,activo,,46,100,2025-04-27,4,8280.0,46.0,96.0,300.0,300.0
2025-04-07,SVM202211001656,Av. Del Maestro,-19.0363518875073,-65.2587671278803,activo,,39,15,2025-03-30,8,7020.0,39.0,114.0,200.0,200.0
2025-04-14,SVM202211001656,Av. Del Maestro,-19.0363518875073,-65.2587671278803,activo,,39,90,2025-04-07,7,7020.0,39.0,84.0,260.0,240.0
2025-04-21,SVM202211001656,Av. Del Maestro,-19.0363518875073,-65.2587671278803,activo,,35,60,2025-04-14,7,6300.0,35.0,60.0,280.0,220.0
2025-04-28,SVM202211001656,Av. Del Maestro,-19.0363518875073,-65.2587671278803,activo,,53,20,2025-04-21,7,9540.0,53.0,132.0,320.0,300.0
2025-04-04,SVM202211001652,Calle Padilla esq. Camargo,-19.0490617942092,-65.2533703836111,activo,,28,40,2025-03-31,4,5040.0,28.0,60.0,220.0,140.0
2025-04-17,SVM202211001652,Calle Padilla esq. Camargo,-19.0490617942092,-65.2533703836111,activo,,32,95,2025-04-04,13,5760.0,32.0,66.0,240.0,180.0
2025-04-24,SVM202211001652,Calle Padilla esq. Camargo,-19.0490617942092,-65.2533703836111,activo,,31,70,2025-04-17,7,5580.0,31.0,42.0,380.0,100.0
2025-05-01,SVM202211001652,Calle Padilla esq. Camargo,-19.0490617942092,-65.2533703836111,activo,,35,45,2025-04-24,7,6300.0,35.0,96.0,160.0,220.0
2025-04-04,SVM20221100,Destacamento 130,-19.039540806628,-65.2532119088436,activo,,28,65,2025-03-30,5,5040.0,28.0,60.0,260.0,100.0
2025-04-11,SVM20221100,Destacamento 130,-19.039540806628,-65.2532119088436,activo,,58,25,2025-04-05,6,10440.0,58.0,120.0,220.0,540.0
2025-04-17,SVM20221100,Destacamento 130,-19.039540806628,-65.2532119088436,activo,,55,90,2025-04-16,1,9900.0,55.0,54.0,400.0,520.0
2025-04-22,SVM20221100,Destacamento 130,-19.039540806628,-65.2532119088436,activo,,59,45,2025-04-21,1,10620.0,59.0,96.0,500.0,360.0
2025-04-26,SVM20221100,Destacamento 130,-19.039540806628,-65.2532119088436,activo,,20,25,2025-04-22,4,3600.0,20.0,12.0,120.0,240.0
2025-05-03,SVM20221100,Destacamento 130,-19.039540806628,-65.2532119088436,activo,,27,5,2025-04-30,3,4860.0,27.0,66.0,160.0,160.0
2025-04-05,SVM20221100,COLON,-19.0477983440613,-65.2645083500505,activo,,45,85,2025-04-04,1,8100.0,45.0,84.0,400.0,220.0
2025-04-11,SVM20221100,COLON,-19.0477983440613,-65.2645083500505,activo,,57,50,2025-04-11,0,10260.0,57.0,126.0,440.0,280.0
2025-04-16,SVM20221100,COLON,-19.0477983440613,-65.2645083500505,activo,,48,15,2025-04-11,5,8640.0,48.0,84.0,420.0,260.0
2025-04-21,SVM20221100,COLON,-19.0477983440613,-65.2645083500505,activo,,40,60,2025-04-17,4,7200.0,40.0,54.0,400.0,220.0
2025-04-26,SVM20221100,COLON,-19.0477983440613,-65.2645083500505,activo,,59,25,2025-04-26,0,10620.0,59.0,162.0,360.0,280.0
2025-04-30,SVM20221100,COLON,-19.0477983440613,-65.2645083500505,activo,,30,100,2025-04-26,4,5400.0,30.0,30.0,220.0,280.0
2025-04-08,SVM202211001651,Cristo de las Américas,-19.0450551068471,-65.2687865487641,activo,,40,10,2025-04-02,6,7200.0,40.0,30.0,360.0,340.0
2025-04-14,SVM202211001651,Cristo de las Américas,-19.0450551068471,-65.2687865487641,activo,,36,96,2025-04-08,6,6480.0,36.0,60.0,260.0,260.0
2025-04-21,SVM202211001651,Cristo de las Américas,-19.0450551068471,-65.2687865487641,activo,,44,65,2025-04-14,7,7920.0,44.0,90.0,320.0,260.0
2025-04-29,SVM202211001651,Cristo de las Américas,-19.0450551068471,-65.2687865487641,activo,,57,8,2025-04-21,8,10260.0,57.0,84.0,320.0,540.0
2025-05-11,SVM201707000208,Planeta Kids,-19.0455714685946,-65.2574231604105,activo,,23,90,2025-05-02,9,4140.0,23.0,30.0,160.0,200.0
2025-05-25,SVM201707000208,Planeta Kids,-19.0455714685946,-65.2574231604105,activo,,39,50,2025-05-11,14,7020.0,39.0,60.0,200.0,380.0
2025-05-06,SVM201707000206,Hospital Gineco Obstetrico,-19.0453076497863,-65.2683837910934,activo,,23,85,2025-04-29,7,4140.0,23.0,24.0,160.0,220.0
2025-05-13,SVM201707000206,Hospital Gineco Obstetrico,-19.0453076497863,-65.2683837910934,activo,,20,80,2025-05-06,7,3600.0,20.0,36.0,80.0,200.0
2025-05-20,SVM201707000206,Hospital Gineco Obstetrico,-19.0453076497863,-65.2683837910934,activo,,23,50,2025-05-13,7,4140.0,23.0,36.0,100.0,240.0
2025-05-28,SVM201707000206,Hospital Gineco Obstetrico,-19.0453076497863,-65.2683837910934,activo,,17,30,2025-05-20,8,3060.0,17.0,0.0,140.0,200.0
2025-05-12,SWM201707000217,EMILIO  MENDIZABAL LIDER,-19.0474298941243,-65.2437070457783,inactivo,,11,55,2025-05-01,11,1980.0,11.0,6.0,40.0,160.0
2025-05-19,SWM201707000217,EMILIO  MENDIZABAL LIDER,-19.0474298941243,-65.2437070457783,inactivo,,4,50,2025-05-12,7,720.0,4.0,0.0,40.0,40.0
2025-05-26,SWM201707000217,EMILIO  MENDIZABAL LIDER,-19.0474298941243,-65.2437070457783,inactivo,,7,45,2025-05-19,7,1260.0,7.0,6.0,20.0,100.0
2025-05-31,SWM201707000217,EMILIO  MENDIZABAL LIDER,-19.0474298941243,-65.2437070457783,inactivo,,3,45,2025-05-26,5,540.0,3.0,0.0,40.0,20.0
2025-06-07,SWM201707000217,EMILIO  MENDIZABAL LIDER,-19.0474298941243,-65.2437070457783,inactivo,,10,40,2025-05-31,7,1800.0,10.0,12.0,80.0,80.0
2025-05-06,SVM201707000201,HOSPITAL GASTROENTEROLOGICO,-19.045190671258,-65.2674982014533,activo,,28,15,2025-04-29,7,5040.0,28.0,24.0,100.0,380.0
2025-05-13,SVM201707000201,HOSPITAL GASTROENTEROLOGICO,-19.045190671258,-65.2674982014533,activo,,18,5,2025-05-06,7,3240.0,18.0,24.0,120.0,160.0
2025-05-20,SVM201707000201,HOSPITAL GASTROENTEROLOGICO,-19.045190671258,-65.2674982014533,activo,,31,0,2025-05-13,7,5580.0,31.0,72.0,180.0,200.0
2025-05-28,SVM201707000201,HOSPITAL GASTROENTEROLOGICO,-19.045190671258,-65.2674982014533,activo,,42,75,2025-05-20,8,7560.0,42.0,54.0,260.0,400.0
2025-05-12,SWM201707000210,Mercado San Antonio,-19.049135615241,-65.2411954847002,activo,,24,45,2025-05-02,10,4320.0,24.0,42.0,120.0,220.0
2025-05-20,SWM201707000210,Mercado San Antonio,-19.049135615241,-65.2411954847002,activo,,16,25,2025-05-12,8,2880.0,16.0,36.0,140.0,60.0
2025-05-26,SWM201707000210,Mercado San Antonio,-19.049135615241,-65.2411954847002,activo,,16,7,2025-05-20,6,2880.0,16.0,30.0,40.0,180.0
2025-06-04,SWM201707000210,Mercado San Antonio,-19.049135615241,-65.2411954847002,activo,,27,50,2025-05-26,9,4860.0,27.0,48.0,220.0,160.0
2025-05-08,LE-F303V-SCZ-W-B003,Terminal de Buses Sucre,-19.0390010960377,-65.2469812394272,inactivo,,11,50,2025-05-03,5,1980.0,11.0,18.0,60.0,100.0
2025-05-18,LE-F303V-SCZ-W-B003,Terminal de Buses Sucre,-19.0390010960377,-65.2469812394272,inactivo,,28,25,2025-05-08,10,5040.0,28.0,48.0,120.0,280.0
2025-05-25,LE-F303V-SCZ-W-B003,Terminal de Buses Sucre,-19.0390010960377,-65.2469812394272,inactivo,,21,3,2025-05-18,7,3780.0,21.0,36.0,120.0,180.0
2025-05-06,SVM202211001658,SAN MATIAS LIDER,-19.03629013257,-65.2612496736997,inactivo,,10,50,2025-04-29,7,1800.0,10.0,18.0,60.0,80.0
2025-05-21,SVM202211001658,SAN MATIAS LIDER,-19.03629013257,-65.2612496736997,inactivo,,18,45,2025-05-06,15,3240.0,18.0,48.0,120.0,80.0
2025-05-28,SVM202211001658,SAN MATIAS LIDER,-19.03629013257,-65.2612496736997,inactivo,,14,20,2025-05-21,7,2520.0,14.0,24.0,60.0,140.0
2025-06-03,SVM202211001658,SAN MATIAS LIDER,-19.03629013257,-65.2612496736997,inactivo,,3,15,2025-05-28,6,540.0,3.0,0.0,0.0,60.0
2025-05-09,SVM202211001653,Aeropuerto Alcantari,-19.2465508193052,-65.1511204662652,activo,,62,12,2025-05-03,6,11160.0,62.0,102.0,280.0,620.0
2025-05-14,SVM202211001653,Aeropuerto Alcantari,-19.2465508193052,-65.1511204662652,activo,,49,75,2025-05-09,5,8820.0,49.0,114.0,260.0,340.0
2025-05-18,SVM202211001653,Aeropuerto Alcantari,-19.2465508193052,-65.1511204662652,activo,,21,55,2025-05-14,4,3780.0,21.0,42.0,60.0,220.0
2025-05-25,SVM202211001653,Aeropuerto Alcantari,-19.2465508193052,-65.1511204662652,activo,,55,15,2025-05-18,7,9900.0,55.0,120.0,220.0,480.0
2025-05-30,SVM202211001653,Aeropuerto Alcantari,-19.2465508193052,-65.1511204662652,activo,,23,100,2025-05-25,5,4140.0,23.0,54.0,80.0,200.0
2025-05-06,SVM202211001655,Universidad Domingo Savio,-19.0580255891264,-65.2546129469163,activo,,42,55,2025-04-29,7,7560.0,42.0,54.0,420.0,240.0
2025-05-12,SVM202211001655,Universidad Domingo Savio,-19.0580255891264,-65.2546129469163,activo,,30,35,2025-05-06,6,5400.0,30.0,42.0,220.0,240.0
2025-05-20,SVM202211001655,Universidad Domingo Savio,-19.0580255891264,-65.2546129469163,activo,,48,100,2025-05-12,8,8640.0,48.0,72.0,260.0,460.0
2025-05-30,SVM202211001655,Universidad Domingo Savio,-19.0580255891264,-65.2546129469163,activo,,58,50,2025-05-20,10,10440.0,58.0,96.0,400.0,440.0
2025-05-06,SVM202211001657,German Mendoza,-19.0463265298455,-65.2468603175002,activo,,47,100,2025-05-01,5,8460.0,47.0,30.0,560.0,280.0
2025-05-11,SVM202211001657,German Mendoza,-19.0463265298455,-65.2468603175002,activo,,58,50,2025-05-06,5,10440.0,58.0,66.0,560.0,380.0
2025-05-15,SVM202211001657,German Mendoza,-19.0463265298455,-65.2468603175002,activo,,21,45,2025-05-11,4,3780.0,21.0,24.0,240.0,100.0
2025-05-20,SVM202211001657,German Mendoza,-19.0463265298455,-65.2468603175002,activo,,24,20,2025-05-15,5,4320.0,24.0,24.0,160.0,240.0
2025-05-25,SVM202211001657,German Mendoza,-19.0463265298455,-65.2468603175002,activo,,31,20,2025-05-20,5,5580.0,31.0,42.0,260.0,220.0
2025-05-29,SVM202211001657,German Mendoza,-19.0463265298455,-65.2468603175002,activo,,26,100,2025-05-25,4,4680.0,26.0,30.0,320.0,100.0
2025-05-03,SVM202211001656,Av. Del Maestro,-19.0363518875073,-65.2587671278803,activo,,31,100,2025-04-28,5,5580.0,31.0,54.0,280.0,160.0
2025-05-09,SVM202211001656,Av. Del Maestro,-19.0363518875073,-65.2587671278803,activo,,21,85,2025-05-03,6,3780.0,21.0,60.0,20.0,200.0
2025-05-16,SVM202211001656,Av. Del Maestro,-19.0363518875073,-65.2587671278803,activo,,35,50,2025-05-09,7,6300.0,35.0,54.0,180.0,340.0
2025-05-23,SVM202211001656,Av. Del Maestro,-19.0363518875073,-65.2587671278803,activo,,31,35,2025-05-16,7,5580.0,31.0,90.0,100.0,220.0
2025-05-30,SVM202211001656,Av. Del Maestro,-19.0363518875073,-65.2587671278803,activo,,30,5,2025-05-23,7,5400.0,30.0,96.0,180.0,100.0
2025-05-08,SVM202211001652,Calle Padilla esq. Camargo,-19.0490617942092,-65.2533703836111,activo,,26,15,2025-05-01,7,4680.0,26.0,42.0,200.0,180.0
2025-05-16,SVM202211001652,Calle Padilla esq. Camargo,-19.0490617942092,-65.2533703836111,activo,,32,90,2025-05-08,8,5760.0,32.0,90.0,180.0,160.0
2025-05-23,SVM202211001652,Calle Padilla esq. Camargo,-19.0490617942092,-65.2533703836111,activo,,36,55,2025-05-16,7,6480.0,36.0,66.0,420.0,80.0
2025-05-29,SVM202211001652,Calle Padilla esq. Camargo,-19.0490617942092,-65.2533703836111,activo,,35,25,2025-05-23,6,6300.0,35.0,90.0,240.0,160.0
2025-05-10,SVM20221100,Destacamento 130,-19.039540806628,-65.2532119088436,activo,,43,95,2025-05-05,5,7740.0,43.0,48.0,160.0,540.0
2025-05-17,SVM20221100,Destacamento 130,-19.039540806628,-65.2532119088436,activo,,29,65,2025-05-12,5,5220.0,29.0,78.0,140.0,180.0
2025-05-23,SVM20221100,Destacamento 130,-19.039540806628,-65.2532119088436,activo,,42,30,2025-05-19,4,7560.0,42.0,90.0,300.0,240.0
2025-05-30,SVM20221100,Destacamento 130,-19.039540806628,-65.2532119088436,activo,,42,5,2025-05-26,4,7560.0,42.0,84.0,260.0,300.0
2025-05-05,SVM20221100,COLON,-19.0477983440613,-65.2645083500505,activo,,33,80,2025-05-03,2,5940.0,33.0,78.0,200.0,200.0
2025-05-12,SVM20221100,COLON,-19.0477983440613,-65.2645083500505,activo,,47,45,2025-05-10,2,8460.0,47.0,108.0,300.0,280.0
2025-05-19,SVM20221100,COLON,-19.0477983440613,-65.2645083500505,activo,,46,5,2025-05-17,2,8280.0,46.0,78.0,300.0,360.0
2025-05-26,SVM20221100,COLON,-19.0477983440613,-65.2645083500505,activo,,52,75,2025-05-23,3,9360.0,52.0,108.0,400.0,280.0
2025-06-02,SVM20221100,COLON,-19.0477983440613,-65.2645083500505,activo,,72,15,2025-05-30,3,12960.0,72.0,96.0,580.0,540.0
2025-05-06,SVM202211001651,Cristo de las Américas,-19.0450551068471,-65.2687865487641,activo,,23,95,2025-04-29,7,4140.0,23.0,42.0,120.0,200.0
2025-05-13,SVM202211001651,Cristo de las Américas,-19.0450551068471,-65.2687865487641,activo,,41,65,2025-05-06,7,7380.0,41.0,60.0,320.0,300.0
2025-05-20,SVM202211001651,Cristo de las Américas,-19.0450551068471,-65.2687865487641,activo,,46,10,2025-05-13,7,8280.0,46.0,60.0,300.0,420.0
2025-05-28,SVM202211001651,Cristo de las Américas,-19.0450551068471,-65.2687865487641,activo,,33,98,2025-05-20,8,5940.0,33.0,18.0,380.0,220.0
2025-05-23,SVM202211001650,DTTO. 317 REFISUR,-19.0430793002952,-65.2486946942275,activo,,28,55,,,5040.0,28.0,42.0,200.0,220.0
2025-05-30,SVM202211001650,DTTO. 317 REFISUR,-19.0430793002952,-65.2486946942275,activo,,78,100,2025-05-23,7,14040.0,78.0,150.0,460.0,600.0
2025-06-08,SVM201707000208,Planeta Kids,-19.0455714685946,-65.2574231604105,activo,,44,10,2025-05-25,14,7920.0,44.0,54.0,380.0,320.0
2025-06-15,SVM201707000208,Planeta Kids,-19.0455714685946,-65.2574231604105,activo,,26,100,2025-06-08,7,4680.0,26.0,48.0,160.0,200.0
2025-06-22,SVM201707000208,Planeta Kids,-19.0455714685946,-65.2574231604105,activo,,20,70,2025-06-15,7,3600.0,20.0,24.0,120.0,200.0
2025-07-03,SVM201707000208,Planeta Kids,-19.0455714685946,-65.2574231604105,activo,,44,45,2025-06-22,11,7920.0,44.0,60.0,360.0,320.0
2025-06-04,SVM201707000206,Hospital Gineco Obstetrico,-19.0453076497863,-65.2683837910934,activo,,23,5,2025-05-28,7,4140.0,23.0,0.0,220.0,240.0
2025-06-10,SVM201707000206,Hospital Gineco Obstetrico,-19.0453076497863,-65.2683837910934,activo,,25,0,2025-06-04,6,4500.0,25.0,30.0,200.0,200.0
2025-06-18,SVM201707000206,Hospital Gineco Obstetrico,-19.0453076497863,-65.2683837910934,activo,,22,95,2025-06-10,8,3960.0,22.0,12.0,40.0,360.0
2025-06-24,SVM201707000206,Hospital Gineco Obstetrico,-19.0453076497863,-65.2683837910934,activo,,24,80,2025-06-18,6,4320.0,24.0,12.0,200.0,240.0
2025-07-02,SVM201707000206,Hospital Gineco Obstetrico,-19.0453076497863,-65.2683837910934,activo,,21,50,2025-06-24,8,3780.0,21.0,30.0,120.0,200.0
2025-06-14,SWM201707000217,EMILIO  MENDIZABAL LIDER,-19.0474298941243,-65.2437070457783,inactivo,,6,30,2025-06-07,7,1080.0,6.0,6.0,40.0,60.0
2025-06-21,SWM201707000217,EMILIO  MENDIZABAL LIDER,-19.0474298941243,-65.2437070457783,inactivo,,6,20,2025-06-14,7,1080.0,6.0,0.0,40.0,80.0
2025-06-28,SWM201707000217,EMILIO  MENDIZABAL LIDER,-19.0474298941243,-65.2437070457783,inactivo,,8,15,2025-06-21,7,1440.0,8.0,18.0,80.0,20.0
2025-07-06,SWM201707000217,EMILIO  MENDIZABAL LIDER,-19.0474298941243,-65.2437070457783,inactivo,,2,12,2025-06-28,8,360.0,2.0,0.0,20.0,20.0
2025-06-04,SVM201707000201,HOSPITAL GASTROENTEROLOGICO,-19.045190671258,-65.2674982014533,activo,,40,30,2025-05-28,7,7200.0,40.0,42.0,260.0,400.0
2025-06-10,SVM201707000201,HOSPITAL GASTROENTEROLOGICO,-19.045190671258,-65.2674982014533,activo,,24,7,2025-06-04,6,4320.0,24.0,24.0,180.0,220.0
2025-06-17,SVM201707000201,HOSPITAL GASTROENTEROLOGICO,-19.045190671258,-65.2674982014533,activo,,35,90,2025-06-10,7,6300.0,35.0,30.0,100.0,500.0
2025-06-24,SVM201707000201,HOSPITAL GASTROENTEROLOGICO,-19.045190671258,-65.2674982014533,activo,,39,50,2025-06-17,7,7020.0,39.0,30.0,180.0,500.0
2025-07-02,SVM201707000201,HOSPITAL GASTROENTEROLOGICO,-19.045190671258,-65.2674982014533,activo,,57,2,2025-06-24,8,10260.0,57.0,60.0,460.0,480.0
2025-06-13,SWM201707000210,Mercado San Antonio,-19.049135615241,-65.2411954847002,activo,,31,80,2025-06-04,9,5580.0,31.0,42.0,200.0,280.0
2025-06-25,SWM201707000210,Mercado San Antonio,-19.049135615241,-65.2411954847002,activo,,58,40,2025-06-13,12,10440.0,58.0,108.0,440.0,360.0
2025-07-01,SWM201707000210,Mercado San Antonio,-19.049135615241,-65.2411954847002,activo,,27,15,2025-06-25,6,4860.0,27.0,48.0,120.0,260.0
2025-06-08,LE-F303V-SCZ-W-B003,Terminal de Buses Sucre,-19.0390010960377,-65.2469812394272,inactivo,,29,85,2025-05-25,14,5220.0,29.0,90.0,140.0,140.0
2025-06-21,LE-F303V-SCZ-W-B003,Terminal de Buses Sucre,-19.0390010960377,-65.2469812394272,inactivo,,24,60,2025-06-08,13,4320.0,24.0,36.0,160.0,200.0
2025-07-01,LE-F303V-SCZ-W-B003,Terminal de Buses Sucre,-19.0390010960377,-65.2469812394272,inactivo,,35,40,2025-06-21,10,6300.0,35.0,42.0,220.0,340.0
2025-06-10,SVM202211001658,SAN MATIAS LIDER,-19.03629013257,-65.2612496736997,inactivo,,7,10,2025-06-03,7,1260.0,7.0,18.0,20.0,60.0
2025-06-17,SVM202211001658,SAN MATIAS LIDER,-19.03629013257,-65.2612496736997,inactivo,,7,8,2025-06-10,7,1260.0,7.0,12.0,40.0,60.0
2025-06-24,SVM202211001658,SAN MATIAS LIDER,-19.03629013257,-65.2612496736997,inactivo,,3,7,2025-06-17,7,540.0,3.0,0.0,0.0,60.0
2025-07-01,SVM202211001658,SAN MATIAS LIDER,-19.03629013257,-65.2612496736997,inactivo,,15,80,2025-06-24,7,2700.0,15.0,12.0,120.0,140.0
2025-06-06,SVM202211001653,Aeropuerto Alcantari,-19.2465508193052,-65.1511204662652,activo,,63,50,2025-05-30,7,11340.0,63.0,108.0,320.0,580.0
2025-06-12,SVM202211001653,Aeropuerto Alcantari,-19.2465508193052,-65.1511204662652,activo,,62,10,2025-06-06,6,11160.0,62.0,126.0,320.0,500.0
2025-06-18,SVM202211001653,Aeropuerto Alcantari,-19.2465508193052,-65.1511204662652,activo,,73,55,2025-06-12,6,13140.0,73.0,102.0,460.0,660.0
2025-06-23,SVM202211001653,Aeropuerto Alcantari,-19.2465508193052,-65.1511204662652,activo,,41,25,2025-06-18,5,7380.0,41.0,78.0,180.0,380.0
2025-06-27,SVM202211001653,Aeropuerto Alcantari,-19.2465508193052,-65.1511204662652,activo,,39,100,2025-06-23,4,7020.0,39.0,42.0,220.0,420.0
2025-07-03,SVM202211001653,Aeropuerto Alcantari,-19.2465508193052,-65.1511204662652,activo,,54,50,2025-06-27,6,9720.0,54.0,54.0,400.0,500.0
2025-06-04,SVM202211001655,Universidad Domingo Savio,-19.0580255891264,-65.2546129469163,activo,,36,20,2025-05-30,5,6480.0,36.0,48.0,240.0,320.0
2025-06-09,SVM202211001655,Universidad Domingo Savio,-19.0580255891264,-65.2546129469163,activo,,13,10,2025-06-04,5,2340.0,13.0,30.0,40.0,120.0
2025-06-17,SVM202211001655,Universidad Domingo Savio,-19.0580255891264,-65.2546129469163,activo,,59,70,2025-06-09,8,10620.0,59.0,126.0,480.0,280.0
2025-06-23,SVM202211001655,Universidad Domingo Savio,-19.0580255891264,-65.2546129469163,activo,,11,60,2025-06-17,6,1980.0,11.0,6.0,60.0,140.0
2025-06-30,SVM202211001655,Universidad Domingo Savio,-19.0580255891264,-65.2546129469163,activo,,51,20,2025-06-23,7,9180.0,51.0,90.0,520.0,200.0
2025-06-04,SVM202211001657,German Mendoza,-19.0463265298455,-65.2468603175002,activo,,48,65,2025-05-29,6,8640.0,48.0,84.0,460.0,220.0
2025-06-10,SVM202211001657,German Mendoza,-19.0463265298455,-65.2468603175002,activo,,48,30,2025-06-04,6,8640.0,48.0,108.0,280.0,320.0
2025-06-16,SVM202211001657,German Mendoza,-19.0463265298455,-65.2468603175002,activo,,40,7,2025-06-10,6,7200.0,40.0,48.0,360.0,280.0
2025-06-23,SVM202211001657,German Mendoza,-19.0463265298455,-65.2468603175002,activo,,44,75,2025-06-16,7,7920.0,44.0,30.0,480.0,300.0
2025-06-30,SVM202211001657,German Mendoza,-19.0463265298455,-65.2468603175002,activo,,56,40,2025-06-23,7,10080.0,56.0,78.0,540.0,320.0
2025-06-06,SVM202211001656,Av. Del Maestro,-19.0363518875073,-65.2587671278803,activo,,40,70,2025-05-30,7,7200.0,40.0,102.0,200.0,260.0
2025-06-13,SVM202211001656,Av. Del Maestro,-19.0363518875073,-65.2587671278803,activo,,38,45,2025-06-06,7,6840.0,38.0,90.0,260.0,200.0
2025-06-20,SVM202211001656,Av. Del Maestro,-19.0363518875073,-65.2587671278803,activo,,30,15,2025-06-13,7,5400.0,30.0,84.0,100.0,220.0
2025-06-27,SVM202211001656,Av. Del Maestro,-19.0363518875073,-65.2587671278803,activo,,26,97,2025-06-20,7,4680.0,26.0,78.0,160.0,100.0
2025-06-05,SVM202211001652,Calle Padilla esq. Camargo,-19.0490617942092,-65.2533703836111,activo,,23,100,2025-05-29,7,4140.0,23.0,48.0,160.0,140.0
2025-06-12,SVM202211001652,Calle Padilla esq. Camargo,-19.0490617942092,-65.2533703836111,activo,,0,100,2025-06-05,7,0.0,0.0,0.0,0.0,0.0
2025-06-19,SVM202211001652,Calle Padilla esq. Camargo,-19.0490617942092,-65.2533703836111,activo,,32,75,2025-06-12,7,5760.0,32.0,42.0,260.0,240.0
2025-06-26,SVM202211001652,Calle Padilla esq. Camargo,-19.0490617942092,-65.2533703836111,activo,,20,60,2025-06-19,7,3600.0,20.0,36.0,180.0,100.0
2025-07-03,SVM202211001652,Calle Padilla esq. Camargo,-19.0490617942092,-65.2533703836111,activo,,12,50,2025-06-26,7,2160.0,12.0,12.0,100.0,100.0
2025-06-06,SVM20221100,Destacamento 130,-19.039540806628,-65.2532119088436,activo,,54,60,2025-06-02,4,9720.0,54.0,66.0,440.0,420.0
2025-06-12,SVM20221100,Destacamento 130,-19.039540806628,-65.2532119088436,activo,,46,25,2025-06-07,5,8280.0,46.0,84.0,400.0,240.0
2025-06-18,SVM20221100,Destacamento 130,-19.039540806628,-65.2532119088436,activo,,45,95,2025-06-14,4,8100.0,45.0,60.0,320.0,380.0
2025-06-24,SVM20221100,Destacamento 130,-19.039540806628,-65.2532119088436,activo,,43,60,2025-06-20,4,7740.0,43.0,54.0,160.0,520.0
2025-07-01,SVM20221100,Destacamento 130,-19.039540806628,-65.2532119088436,activo,,58,10,2025-06-26,5,10440.0,58.0,84.0,420.0,460.0
2025-06-07,SVM20221100,COLON,-19.0477983440613,-65.2645083500505,activo,,28,85,2025-06-06,1,5040.0,28.0,48.0,240.0,160.0
2025-06-14,SVM20221100,COLON,-19.0477983440613,-65.2645083500505,activo,,59,45,2025-06-12,2,10620.0,59.0,114.0,420.0,380.0
2025-06-20,SVM20221100,COLON,-19.0477983440613,-65.2645083500505,activo,,47,8,2025-06-18,2,8460.0,47.0,60.0,320.0,420.0
2025-06-26,SVM20221100,COLON,-19.0477983440613,-65.2645083500505,activo,,50,80,2025-06-24,2,9000.0,50.0,84.0,320.0,400.0
2025-07-02,SVM20221100,COLON,-19.0477983440613,-65.2645083500505,activo,,39,48,2025-07-01,1,7020.0,39.0,84.0,220.0,280.0
2025-06-04,SVM202211001651,Cristo de las Américas,-19.0450551068471,-65.2687865487641,activo,,30,80,2025-05-28,7,5400.0,30.0,60.0,280.0,120.0
2025-06-10,SVM202211001651,Cristo de las Américas,-19.0450551068471,-65.2687865487641,activo,,32,50,2025-06-04,6,5760.0,32.0,54.0,320.0,140.0
2025-06-18,SVM202211001651,Cristo de las Américas,-19.0450551068471,-65.2687865487641,activo,,28,25,2025-06-10,8,5040.0,28.0,30.0,240.0,220.0
2025-06-24,SVM202211001651,Cristo de las Américas,-19.0450551068471,-65.2687865487641,activo,,15,5,2025-06-18,6,2700.0,15.0,30.0,180.0,20.0
2025-07-02,SVM202211001651,Cristo de las Américas,-19.0450551068471,-65.2687865487641,activo,,34,95,2025-06-24,8,6120.0,34.0,60.0,280.0,200.0
2025-06-04,SVM202211001650,DTTO. 317 REFISUR,-19.0430793002952,-65.2486946942275,activo,,54,70,2025-05-30,5,9720.0,54.0,84.0,360.0,440.0
2025-06-09,SVM202211001650,DTTO. 317 REFISUR,-19.0430793002952,-65.2486946942275,activo,,57,35,2025-06-04,5,10260.0,57.0,114.0,380.0,380.0
2025-06-16,SVM202211001650,DTTO. 317 REFISUR,-19.0430793002952,-65.2486946942275,activo,,54,100,2025-06-09,7,9720.0,54.0,72.0,420.0,420.0
2025-06-21,SVM202211001650,DTTO. 317 REFISUR,-19.0430793002952,-65.2486946942275,activo,,36,70,2025-06-16,5,6480.0,36.0,60.0,300.0,220.0
2025-06-26,SVM202211001650,DTTO. 317 REFISUR,-19.0430793002952,-65.2486946942275,activo,,37,50,2025-06-21,5,6660.0,37.0,84.0,220.0,240.0
2025-07-01,SVM202211001650,DTTO. 317 REFISUR,-19.0430793002952,-65.2486946942275,activo,,34,35,2025-06-26,5,6120.0,34.0,54.0,180.0,320.0
2025-07-09,SWM201707000202,Psiquiatrico,-19.0409470947061,65.2662969161096,inactivo,,20,60,2023-06-21,749,3600.0,20.0,30.0,180.0,120.0
2025-07-16,SWM201707000202,Psiquiatrico,-19.0409470947061,65.2662969161096,inactivo,,46,10,2025-07-09,7,8280.0,46.0,90.0,160.0,460.0
2025-07-23,SWM201707000202,Psiquiatrico,-19.0409470947061,65.2662969161096,inactivo,,18,98,2025-07-16,7,3240.0,18.0,60.0,40.0,120.0
2025-07-29,SWM201707000202,Psiquiatrico,-19.0409470947061,65.2662969161096,inactivo,,12,95,2025-07-23,6,2160.0,12.0,6.0,80.0,140.0
2025-07-12,SVM201707000208,Planeta Kids,-19.0455714685946,-65.2574231604105,activo,,58,100,2025-07-03,9,10440.0,58.0,66.0,540.0,400.0
2025-07-19,SVM201707000208,Planeta Kids,-19.0455714685946,-65.2574231604105,activo,,43,60,2025-07-12,7,7740.0,43.0,36.0,340.0,400.0
2025-07-27,SVM201707000208,Planeta Kids,-19.0455714685946,-65.2574231604105,activo,,59,7,2025-07-19,8,10620.0,59.0,54.0,500.0,500.0
2025-07-09,SVM201707000206,Hospital Gineco Obstetrico,-19.0453076497863,-65.2683837910934,activo,,32,20,2025-07-02,7,5760.0,32.0,36.0,220.0,300.0
2025-07-16,SVM201707000206,Hospital Gineco Obstetrico,-19.0453076497863,-65.2683837910934,activo,,25,100,2025-07-09,7,4500.0,25.0,30.0,120.0,280.0
2025-07-23,SVM201707000206,Hospital Gineco Obstetrico,-19.0453076497863,-65.2683837910934,activo,,33,90,2025-07-16,7,5940.0,33.0,12.0,320.0,300.0
2025-07-29,SVM201707000206,Hospital Gineco Obstetrico,-19.0453076497863,-65.2683837910934,activo,,16,75,2025-07-23,6,2880.0,16.0,12.0,40.0,240.0
2025-07-14,SWM201707000217,EMILIO  MENDIZABAL LIDER,-19.0474298941243,-65.2437070457783,inactivo,,7,7,2025-07-06,8,1260.0,7.0,30.0,40.0,0.0
2025-07-17,SWM201707000217,EMILIO  MENDIZABAL LIDER,-19.0474298941243,-65.2437070457783,inactivo,,3,5,2025-07-14,3,540.0,3.0,0.0,40.0,20.0
2025-07-19,SWM201707000217,MEDIPIEL,-19.0490908025092,-65.2647678872345,inactivo,,27,7,2025-07-17,2,4860.0,27.0,54.0,180.0,180.0
2025-07-09,SVM201707000201,HOSPITAL GASTROENTEROLOGICO,-19.045190671258,-65.2674982014533,activo,,26,95,2025-07-02,7,4680.0,26.0,24.0,140.0,300.0
2025-07-16,SVM201707000201,HOSPITAL GASTROENTEROLOGICO,-19.045190671258,-65.2674982014533,activo,,56,40,2025-07-09,7,10080.0,56.0,42.0,340.0,640.0
2025-07-23,SVM201707000201,HOSPITAL GASTROENTEROLOGICO,-19.045190671258,-65.2674982014533,activo,,47,2,2025-07-16,7,8460.0,47.0,54.0,380.0,380.0
2025-07-29,SVM201707000201,HOSPITAL GASTROENTEROLOGICO,-19.045190671258,-65.2674982014533,activo,,37,80,2025-07-23,6,6660.0,37.0,42.0,280.0,320.0
2025-07-13,SWM201707000210,Mercado San Antonio,-19.049135615241,-65.2411954847002,activo,,36,75,2025-07-01,12,6480.0,36.0,42.0,320.0,260.0
2025-07-29,SWM201707000210,Mercado San Antonio,-19.049135615241,-65.2411954847002,activo,,51,45,2025-07-13,16,9180.0,51.0,126.0,300.0,300.0
2025-07-07,LE-F303V-SCZ-W-B003,Terminal de Buses Sucre,-19.0390010960377,-65.2469812394272,inactivo,,27,15,2025-07-01,6,4860.0,27.0,18.0,260.0,220.0
2025-07-15,LE-F303V-SCZ-W-B003,Terminal de Buses Sucre,-19.0390010960377,-65.2469812394272,inactivo,,43,80,2025-07-07,8,7740.0,43.0,72.0,240.0,380.0
2025-07-25,LE-F303V-SCZ-W-B003,Terminal de Buses Sucre,-19.0390010960377,-65.2469812394272,inactivo,,47,45,2025-07-15,10,8460.0,47.0,60.0,500.0,240.0
2025-08-03,LE-F303V-SCZ-W-B003,Terminal de Buses Sucre,-19.0390010960377,-65.2469812394272,inactivo,,29,25,2025-07-25,9,5220.0,29.0,30.0,140.0,340.0
2025-07-09,SVM202211001658,SAN MATIAS LIDER,-19.03629013257,-65.2612496736997,inactivo,,8,75,2025-07-01,8,1440.0,8.0,12.0,20.0,100.0
2025-07-15,SVM202211001658,SAN MATIAS LIDER,-19.03629013257,-65.2612496736997,inactivo,,8,68,2025-07-09,6,1440.0,8.0,6.0,60.0,80.0
2025-07-22,SVM202211001658,SAN MATIAS LIDER,-19.03629013257,-65.2612496736997,inactivo,,13,50,2025-07-15,7,2340.0,13.0,24.0,100.0,80.0
2025-07-29,SVM202211001658,SAN MATIAS LIDER,-19.03629013257,-65.2612496736997,inactivo,,4,46,2025-07-22,7,720.0,4.0,0.0,0.0,80.0
2025-08-05,SVM202211001658,SAN MATIAS LIDER,-19.03629013257,-65.2612496736997,inactivo,,7,25,2025-07-29,7,1260.0,7.0,6.0,0.0,120.0
2025-07-10,SVM202211001653,Aeropuerto Alcantari,-19.2465508193052,-65.1511204662652,activo,,73,10,2025-07-03,7,13140.0,73.0,96.0,500.0,640.0
2025-07-11,SVM202211001653,Aeropuerto Alcantari,-19.2465508193052,-65.1511204662652,activo,,18,100,2025-07-10,1,3240.0,18.0,48.0,60.0,140.0
2025-07-13,SVM202211001653,Aeropuerto Alcantari,-19.2465508193052,-65.1511204662652,activo,,20,90,2025-07-11,2,3600.0,20.0,24.0,120.0,200.0
2025-07-16,SVM202211001653,Aeropuerto Alcantari,-19.2465508193052,-65.1511204662652,activo,,65,35,2025-07-13,3,11700.0,65.0,90.0,360.0,640.0
2025-07-22,SVM202211001653,Aeropuerto Alcantari,-19.2465508193052,-65.1511204662652,activo,,56,100,2025-07-16,6,10080.0,56.0,84.0,340.0,500.0
2025-07-27,SVM202211001653,Aeropuerto Alcantari,-19.2465508193052,-65.1511204662652,activo,,47,55,2025-07-22,5,8460.0,47.0,96.0,300.0,320.0
2025-08-02,SVM202211001653,Aeropuerto Alcantari,-19.2465508193052,-65.1511204662652,activo,,62,15,2025-07-27,6,11160.0,62.0,90.0,380.0,560.0
2025-07-07,SVM202211001655,Universidad Domingo Savio,-19.0580255891264,-65.2546129469163,activo,,36,95,2025-06-30,7,6480.0,36.0,48.0,160.0,400.0
2025-07-15,SVM202211001655,Universidad Domingo Savio,-19.0580255891264,-65.2546129469163,activo,,57,50,2025-07-07,8,10260.0,57.0,84.0,400.0,460.0
2025-07-23,SVM202211001655,Universidad Domingo Savio,-19.0580255891264,-65.2546129469163,activo,,43,5,2025-07-15,8,7740.0,43.0,36.0,360.0,380.0
2025-07-31,SVM202211001655,Universidad Domingo Savio,-19.0580255891264,-65.2546129469163,activo,,40,75,2025-07-23,8,7200.0,40.0,42.0,360.0,300.0
2025-07-04,SVM202211001657,German Mendoza,-19.0463265298455,-65.2468603175002,activo,,34,100,2025-06-30,4,6120.0,34.0,66.0,300.0,160.0
2025-07-10,SVM202211001657,German Mendoza,-19.0463265298455,-65.2468603175002,activo,,47,65,2025-07-04,6,8460.0,47.0,90.0,540.0,100.0
2025-07-14,SVM202211001657,German Mendoza,-19.0463265298455,-65.2468603175002,activo,,28,45,2025-07-10,4,5040.0,28.0,30.0,300.0,160.0
2025-07-23,SVM202211001657,German Mendoza,-19.0463265298455,-65.2468603175002,activo,,51,10,2025-07-14,9,9180.0,51.0,90.0,460.0,260.0
2025-08-01,SVM202211001657,German Mendoza,-19.0463265298455,-65.2468603175002,activo,,56,60,2025-07-23,9,10080.0,56.0,96.0,380.0,420.0
2025-07-04,SVM202211001656,Av. Del Maestro,-19.0363518875073,-65.2587671278803,activo,,34,65,2025-06-27,7,6120.0,34.0,120.0,200.0,80.0
2025-07-11,SVM202211001656,Av. Del Maestro,-19.0363518875073,-65.2587671278803,activo,,27,50,2025-07-04,7,4860.0,27.0,84.0,220.0,40.0
2025-07-18,SVM202211001656,Av. Del Maestro,-19.0363518875073,-65.2587671278803,activo,,27,30,2025-07-11,7,4860.0,27.0,66.0,260.0,60.0
2025-07-25,SVM202211001656,Av. Del Maestro,-19.0363518875073,-65.2587671278803,activo,,22,10,2025-07-18,7,3960.0,22.0,48.0,160.0,120.0
2025-08-01,SVM202211001656,Av. Del Maestro,-19.0363518875073,-65.2587671278803,activo,,26,100,2025-07-25,7,4680.0,26.0,60.0,260.0,60.0
2025-07-10,SVM202211001652,Calle Padilla esq. Camargo,-19.0490617942092,-65.2533703836111,activo,,30,3,2025-07-03,7,5400.0,30.0,84.0,260.0,60.0
2025-07-17,SVM202211001652,Calle Padilla esq. Camargo,-19.0490617942092,-65.2533703836111,activo,,22,90,2025-07-10,7,3960.0,22.0,36.0,180.0,140.0
2025-07-24,SVM202211001652,Calle Padilla esq. Camargo,-19.0490617942092,-65.2533703836111,activo,,34,55,2025-07-17,7,6120.0,34.0,42.0,340.0,200.0
2025-07-31,SVM202211001652,Calle Padilla esq. Camargo,-19.0490617942092,-65.2533703836111,activo,,23,40,2025-07-24,7,4140.0,23.0,66.0,100.0,140.0
2025-07-07,SVM20221100,Destacamento 130,-19.039540806628,-65.2532119088436,activo,,41,85,2025-07-02,5,7380.0,41.0,84.0,240.0,300.0
2025-07-15,SVM20221100,Destacamento 130,-19.039540806628,-65.2532119088436,activo,,59,40,2025-07-14,1,10620.0,59.0,108.0,220.0,600.0
2025-07-22,SVM20221100,Destacamento 130,-19.039540806628,-65.2532119088436,activo,,41,8,2025-07-19,3,7380.0,41.0,48.0,160.0,500.0
2025-07-29,SVM20221100,Destacamento 130,-19.039540806628,-65.2532119088436,activo,,52,75,2025-07-25,4,9360.0,52.0,48.0,440.0,440.0
2025-07-08,SVM20221100,COLON,-19.0477983440613,-65.2645083500505,activo,,57,4,2025-07-07,1,10260.0,57.0,72.0,440.0,460.0
2025-07-14,SVM20221100,COLON,-19.0477983440613,-65.2645083500505,activo,,57,70,2025-07-08,6,10260.0,57.0,90.0,460.0,380.0
2025-07-19,SVM20221100,COLON,-19.0477983440613,-65.2645083500505,activo,,45,30,2025-07-15,4,8100.0,45.0,66.0,340.0,340.0
2025-07-25,SVM20221100,COLON,-19.0477983440613,-65.2645083500505,activo,,57,70,2025-07-22,3,10260.0,57.0,114.0,520.0,240.0
2025-07-30,SVM20221100,COLON,-19.0477983440613,-65.2645083500505,activo,,50,40,2025-07-29,1,9000.0,50.0,90.0,300.0,400.0
2025-07-09,SVM202211001651,Cristo de las Américas,-19.0450551068471,-65.2687865487641,activo,,33,75,2025-07-02,7,5940.0,33.0,30.0,300.0,260.0
2025-07-16,SVM202211001651,Cristo de las Américas,-19.0450551068471,-65.2687865487641,activo,,38,25,2025-07-09,7,6840.0,38.0,72.0,360.0,160.0
2025-07-23,SVM202211001651,Cristo de las Américas,-19.0450551068471,-65.2687865487641,activo,,42,2,2025-07-16,7,7560.0,42.0,24.0,500.0,260.0
2025-07-29,SVM202211001651,Cristo de las Américas,-19.0450551068471,-65.2687865487641,activo,,23,96,2025-07-23,6,4140.0,23.0,12.0,220.0,200.0
2025-07-06,SVM202211001650,DTTO. 317 REFISUR,-19.0430793002952,-65.2486946942275,activo,,46,70,2025-07-01,5,8280.0,46.0,72.0,320.0,360.0
2025-07-13,SVM202211001650,DTTO. 317 REFISUR,-19.0430793002952,-65.2486946942275,activo,,38,90,2025-07-06,7,6840.0,38.0,36.0,260.0,380.0
2025-07-21,SVM202211001650,DTTO. 317 REFISUR,-19.0430793002952,-65.2486946942275,activo,,47,55,2025-07-13,8,8460.0,47.0,54.0,280.0,480.0
2025-07-27,SVM202211001650,DTTO. 317 REFISUR,-19.0430793002952,-65.2486946942275,activo,,42,25,2025-07-21,6,7560.0,42.0,60.0,380.0,260.0
2025-08-03,SVM202211001650,DTTO. 317 REFISUR,-19.0430793002952,-65.2486946942275,activo,,40,10,2025-07-27,7,7200.0,40.0,42.0,420.0,240.0
2025-08-05,SVM202211001,Psiquiatrico,-19.0409470947061,65.2662969161096,inactivo,,22,70,,,3960.0,22.0,30.0,100.0,240.0
2025-08-12,SVM202211001,Psiquiatrico,-19.0409470947061,65.2662969161096,inactivo,,11,60,2025-08-05,7,1980.0,11.0,24.0,0.0,140.0
2025-08-19,SVM202211001,Psiquiatrico,-19.0409470947061,65.2662969161096,inactivo,,25,40,2025-08-12,7,4500.0,25.0,60.0,100.0,200.0
2025-08-22,SVM202211001,Psiquiatrico,-19.0409470947061,65.2662969161096,inactivo,,9,0,2025-08-19,3,1620.0,9.0,30.0,20.0,60.0
2025-08-06,SVM201707000208,Planeta Kids,-19.0455714685946,-65.2574231604105,activo,,43,80,2025-07-27,10,7740.0,43.0,24.0,300.0,480.0
2025-08-12,SVM201707000208,Planeta Kids,-19.0455714685946,-65.2574231604105,activo,,29,60,2025-08-06,6,5220.0,29.0,24.0,300.0,200.0
2025-08-24,SVM201707000208,Planeta Kids,-19.0455714685946,-65.2574231604105,activo,,41,35,2025-08-12,12,7380.0,41.0,54.0,340.0,300.0
2025-09-01,SVM201707000208,Planeta Kids,-19.0455714685946,-65.2574231604105,activo,,32,3,2025-08-24,8,5760.0,32.0,54.0,180.0,280.0
2025-08-05,SVM201707000206,Hospital Gineco Obstetrico,-19.0453076497863,-65.2683837910934,activo,,23,45,2025-07-29,7,4140.0,23.0,12.0,160.0,260.0
2025-08-12,SVM201707000206,Hospital Gineco Obstetrico,-19.0453076497863,-65.2683837910934,activo,,21,25,2025-08-05,7,3780.0,21.0,30.0,40.0,280.0
2025-08-19,SVM201707000206,Hospital Gineco Obstetrico,-19.0453076497863,-65.2683837910934,activo,,21,3,2025-08-12,7,3780.0,21.0,18.0,140.0,220.0
2025-08-26,SVM201707000206,Hospital Gineco Obstetrico,-19.0453076497863,-65.2683837910934,activo,,29,100,2025-08-19,7,5220.0,29.0,12.0,160.0,380.0
2025-09-02,SVM201707000206,Hospital Gineco Obstetrico,-19.0453076497863,-65.2683837910934,activo,,14,90,2025-08-26,7,2520.0,14.0,6.0,100.0,160.0
2025-08-12,SVM20,UNIVALLE,-19.0275370527067,-65.2595721297281,activo,,46,45,,,8280.0,46.0,66.0,420.0,280.0
2025-08-22,SVM20,UNIVALLE,-19.0275370527067,-65.2595721297281,activo,,55,0,2025-08-12,10,9900.0,55.0,66.0,580.0,300.0
2025-08-29,SVM20,UNIVALLE,-19.0275370527067,-65.2595721297281,activo,,25,80,2025-08-22,7,4500.0,25.0,24.0,320.0,100.0
2025-08-05,SVM201707000201,HOSPITAL GASTROENTEROLOGICO,-19.045190671258,-65.2674982014533,activo,,49,40,2025-07-29,7,8820.0,49.0,60.0,400.0,380.0
2025-08-12,SVM201707000201,HOSPITAL GASTROENTEROLOGICO,-19.045190671258,-65.2674982014533,activo,,39,3,2025-08-05,7,7020.0,39.0,54.0,280.0,320.0
2025-08-19,SVM201707000201,HOSPITAL GASTROENTEROLOGICO,-19.045190671258,-65.2674982014533,activo,,47,85,2025-08-12,7,8460.0,47.0,24.0,300.0,560.0
2025-08-26,SVM201707000201,HOSPITAL GASTROENTEROLOGICO,-19.045190671258,-65.2674982014533,activo,,51,45,2025-08-19,7,9180.0,51.0,48.0,340.0,520.0
2025-09-02,SVM201707000201,HOSPITAL GASTROENTEROLOGICO,-19.045190671258,-65.2674982014533,activo,,34,3,2025-08-26,7,6120.0,34.0,24.0,220.0,380.0
2025-08-11,SWM201707000210,Mercado San Antonio,-19.049135615241,-65.2411954847002,activo,,58,100,2025-07-29,13,10440.0,58.0,42.0,480.0,540.0
2025-08-16,SWM201707000210,Mercado San Antonio,-19.049135615241,-65.2411954847002,activo,,21,70,2025-08-11,5,3780.0,21.0,36.0,160.0,140.0
2025-08-26,SWM201707000210,Mercado San Antonio,-19.049135615241,-65.2411954847002,activo,,33,50,2025-08-16,10,5940.0,33.0,72.0,220.0,200.0
2025-09-01,SWM201707000210,Mercado San Antonio,-19.049135615241,-65.2411954847002,activo,,13,40,2025-08-26,6,2340.0,13.0,24.0,120.0,60.0
2025-08-11,LE-F303V-SCZ-W-B003,Terminal de Buses Sucre,-19.0390010960377,-65.2469812394272,inactivo,,37,0,2025-08-03,8,6660.0,37.0,78.0,200.0,280.0
2025-08-26,SVM202211001658,KIOSCO Plaza 25 de Mayo,-19.0471495279682,-65.2595042474776,activo,,26,65,2025-08-22,4,4680.0,26.0,78.0,160.0,100.0
2025-08-31,SVM202211001658,KIOSCO Plaza 25 de Mayo,-19.0471495279682,-65.2595042474776,activo,,49,25,2025-08-26,5,8820.0,49.0,54.0,340.0,460.0
2025-08-12,SVM202211001658,SAN MATIAS LIDER,-19.03629013257,-65.2612496736997,inactivo,,7,10,2025-08-05,7,1260.0,7.0,0.0,40.0,100.0
2025-08-19,SVM202211001658,SAN MATIAS LIDER,-19.03629013257,-65.2612496736997,inactivo,,4,7,2025-08-12,7,720.0,4.0,6.0,20.0,40.0
2025-08-22,SVM202211001658,SAN MATIAS LIDER,-19.03629013257,-65.2612496736997,inactivo,,2,5,2025-08-19,3,360.0,2.0,0.0,0.0,40.0
2025-08-06,SVM202211001653,Aeropuerto Alcantari,-19.2465508193052,-65.1511204662652,activo,,40,100,2025-08-02,4,7200.0,40.0,120.0,200.0,200.0
2025-08-13,SVM202211001653,Aeropuerto Alcantari,-19.2465508193052,-65.1511204662652,activo,,68,50,2025-08-06,7,12240.0,68.0,144.0,500.0,380.0
2025-08-18,SVM202211001653,Aeropuerto Alcantari,-19.2465508193052,-65.1511204662652,activo,,23,30,2025-08-13,5,4140.0,23.0,42.0,60.0,260.0
2025-08-24,SVM202211001653,Aeropuerto Alcantari,-19.2465508193052,-65.1511204662652,activo,,49,100,2025-08-18,6,8820.0,49.0,96.0,260.0,400.0
2025-08-31,SVM202211001653,Aeropuerto Alcantari,-19.2465508193052,-65.1511204662652,activo,,51,60,2025-08-24,7,9180.0,51.0,102.0,200.0,480.0
2025-08-16,SVM202211001655,Universidad Domingo Savio,-19.0580255891264,-65.2546129469163,activo,,57,40,2025-07-31,16,10260.0,57.0,48.0,340.0,640.0
2025-08-25,SVM202211001655,Universidad Domingo Savio,-19.0580255891264,-65.2546129469163,activo,,38,95,2025-08-16,9,6840.0,38.0,30.0,180.0,480.0
2025-09-01,SVM202211001655,Universidad Domingo Savio,-19.0580255891264,-65.2546129469163,activo,,37,65,2025-08-25,7,6660.0,37.0,66.0,180.0,340.0
2025-08-06,SVM202211001657,German Mendoza,-19.0463265298455,-65.2468603175002,activo,,59,25,2025-08-01,5,10620.0,59.0,126.0,520.0,240.0
2025-08-11,SVM202211001657,German Mendoza,-19.0463265298455,-65.2468603175002,activo,,31,100,2025-08-06,5,5580.0,31.0,48.0,340.0,120.0
2025-08-18,SVM202211001657,German Mendoza,-19.0463265298455,-65.2468603175002,activo,,56,55,2025-08-11,7,10080.0,56.0,114.0,460.0,280.0
2025-08-24,SVM202211001657,German Mendoza,-19.0463265298455,-65.2468603175002,activo,,57,5,2025-08-18,6,10260.0,57.0,84.0,700.0,160.0
2025-08-27,SVM202211001657,German Mendoza,-19.0463265298455,-65.2468603175002,activo,,19,100,2025-08-24,3,3420.0,19.0,42.0,220.0,20.0
2025-09-01,SVM202211001657,German Mendoza,-19.0463265298455,-65.2468603175002,activo,,41,70,2025-08-27,5,7380.0,41.0,72.0,340.0,240.0
2025-08-08,SVM202211001656,Av. Del Maestro,-19.0363518875073,-65.2587671278803,activo,,25,75,2025-08-01,7,4500.0,25.0,42.0,200.0,160.0
2025-08-15,SVM202211001656,Av. Del Maestro,-19.0363518875073,-65.2587671278803,activo,,30,50,2025-08-08,7,5400.0,30.0,24.0,320.0,200.0
2025-08-23,SVM202211001656,Av. Del Maestro,-19.0363518875073,-65.2587671278803,activo,,25,20,2025-08-15,8,4500.0,25.0,54.0,140.0,180.0
2025-08-29,SVM202211001656,Av. Del Maestro,-19.0363518875073,-65.2587671278803,activo,,28,2,2025-08-23,6,5040.0,28.0,66.0,220.0,120.0
2025-08-07,SVM202211001652,Calle Padilla esq. Camargo,-19.0490617942092,-65.2533703836111,activo,,28,0,2025-07-31,7,5040.0,28.0,48.0,180.0,220.0
2025-08-14,SVM202211001652,Calle Padilla esq. Camargo,-19.0490617942092,-65.2533703836111,activo,,30,75,2025-08-07,7,5400.0,30.0,36.0,320.0,160.0
2025-08-21,SVM202211001652,Calle Padilla esq. Camargo,-19.0490617942092,-65.2533703836111,activo,,30,50,2025-08-14,7,5400.0,30.0,72.0,200.0,160.0
2025-08-28,SVM202211001652,Calle Padilla esq. Camargo,-19.0490617942092,-65.2533703836111,activo,,28,18,2025-08-21,7,5040.0,28.0,54.0,220.0,160.0
2025-08-05,SVM20221100,Destacamento 130,-19.039540806628,-65.2532119088436,activo,,59,30,2025-07-30,6,10620.0,59.0,96.0,500.0,360.0
2025-08-11,SVM20221100,Destacamento 130,-19.039540806628,-65.2532119088436,activo,,61,95,2025-08-05,6,10980.0,61.0,102.0,400.0,480.0
2025-08-16,SVM20221100,Destacamento 130,-19.039540806628,-65.2532119088436,activo,,33,75,2025-08-11,5,5940.0,33.0,42.0,300.0,220.0
2025-08-23,SVM20221100,Destacamento 130,-19.039540806628,-65.2532119088436,activo,,37,40,2025-08-16,7,6660.0,37.0,54.0,280.0,280.0
2025-08-28,SVM20221100,Destacamento 130,-19.039540806628,-65.2532119088436,activo,,52,3,2025-08-23,5,9360.0,52.0,90.0,360.0,380.0
2025-09-03,SVM20221100,Destacamento 130,-19.039540806628,-65.2532119088436,activo,,28,80,2025-08-28,6,5040.0,28.0,30.0,240.0,220.0
2025-08-04,SVM202211001654,COLON,-19.0477983440613,-65.2645083500505,activo,,33,10,,,5940.0,33.0,72.0,240.0,180.0
2025-08-11,SVM202211001654,COLON,-19.0477983440613,-65.2645083500505,activo,,59,65,2025-08-04,7,10620.0,59.0,138.0,360.0,360.0
2025-08-18,SVM202211001654,COLON,-19.0477983440613,-65.2645083500505,activo,,53,10,2025-08-11,7,9540.0,53.0,90.0,340.0,420.0
2025-08-25,SVM202211001654,COLON,-19.0477983440613,-65.2645083500505,activo,,55,95,2025-08-18,7,9900.0,55.0,132.0,260.0,400.0
2025-08-31,SVM202211001654,COLON,-19.0477983440613,-65.2645083500505,activo,,39,60,2025-08-25,6,7020.0,39.0,66.0,300.0,260.0
2025-08-05,SVM202211001651,Cristo de las Américas,-19.0450551068471,-65.2687865487641,activo,,49,50,2025-07-29,7,8820.0,49.0,126.0,200.0,360.0
2025-08-12,SVM202211001651,Cristo de las Américas,-19.0450551068471,-65.2687865487641,activo,,24,20,2025-08-05,7,4320.0,24.0,6.0,160.0,300.0
2025-08-19,SVM202211001651,Cristo de las Américas,-19.0450551068471,-65.2687865487641,activo,,39,0,2025-08-12,7,7020.0,39.0,54.0,260.0,340.0
2025-08-26,SVM202211001651,Cristo de las Américas,-19.0450551068471,-65.2687865487641,activo,,35,90,2025-08-19,7,6300.0,35.0,48.0,180.0,360.0
2025-09-02,SVM202211001651,Cristo de las Américas,-19.0450551068471,-65.2687865487641,activo,,26,65,2025-08-26,7,4680.0,26.0,42.0,220.0,160.0
2025-08-06,SVM202211001650,DTTO. 317 REFISUR,-19.0430793002952,-65.2486946942275,activo,,19,98,2025-08-03,3,3420.0,19.0,36.0,160.0,100.0
2025-08-11,SVM202211001650,DTTO. 317 REFISUR,-19.0430793002952,-65.2486946942275,activo,,32,70,2025-08-06,5,5760.0,32.0,60.0,320.0,120.0
2025-08-16,SVM202211001650,DTTO. 317 REFISUR,-19.0430793002952,-65.2486946942275,activo,,30,55,2025-08-11,5,5400.0,30.0,54.0,220.0,200.0
2025-08-21,SVM202211001650,DTTO. 317 REFISUR,-19.0430793002952,-65.2486946942275,activo,,23,40,2025-08-16,5,4140.0,23.0,30.0,260.0,100.0
2025-08-26,SVM202211001650,DTTO. 317 REFISUR,-19.0430793002952,-65.2486946942275,activo,,41,7,2025-08-21,5,7380.0,41.0,72.0,400.0,180.0
2025-09-01,SVM202211001650,DTTO. 317 REFISUR,-19.0430793002952,-65.2486946942275,activo,,28,95,2025-08-26,6,5040.0,28.0,30.0,300.0,160.0
2025-09-27,SWM201707000210,EVENTO 7AÑOS,-19.048118919117,-65.2538256453094,inactivo,Solo funciono 1 dia en el lanzamiento de las tarjetas,10,3,2025-09-20,7,1800.0,10.0,6.0,80.0,100.0
2025-08-26,SWM201707000210,SAN MATIAS LIDER,-19.03629013257,-65.2612496736997,inactivo,,0,3,2025-08-26,0,0.0,0.0,0.0,0.0,0.0
2025-09-02,SWM201707000210,SAN MATIAS LIDER,-19.03629013257,-65.2612496736997,inactivo,,9,0,2025-09-01,1,1620.0,9.0,6.0,100.0,60.0
2025-09-09,SWM201707000210,SAN MATIAS LIDER,-19.03629013257,-65.2612496736997,inactivo,,3,99,2025-09-08,1,540.0,3.0,6.0,20.0,20.0
2025-09-16,SWM201707000210,SAN MATIAS LIDER,-19.03629013257,-65.2612496736997,inactivo,,13,90,2025-09-09,7,2340.0,13.0,6.0,140.0,100.0
2025-09-14,SVM201707000208,Planeta Kids,-19.0455714685946,-65.2574231604105,activo,,34,75,2025-09-01,13,6120.0,34.0,48.0,200.0,320.0
2025-09-25,SVM201707000208,Planeta Kids,-19.0455714685946,-65.2574231604105,activo,,57,35,2025-09-14,11,10260.0,57.0,36.0,620.0,400.0
2025-10-05,SVM201707000208,Planeta Kids,-19.0455714685946,-65.2574231604105,activo,,40,3,2025-09-25,10,7200.0,40.0,60.0,220.0,380.0
2025-09-09,SVM201707000206,Hospital Gineco Obstetrico,-19.0453076497863,-65.2683837910934,activo,,21,75.0,2025-09-02,7,3780.0,21.0,12.0,120.0,260.0
2025-09-17,SVM201707000206,Hospital Gineco Obstetrico,-19.0453076497863,-65.2683837910934,activo,,25,50.0,2025-09-09,8,4500.0,25.0,36.0,120.0,260.0
2025-09-24,SVM201707000206,Hospital Gineco Obstetrico,-19.0453076497863,-65.2683837910934,activo,,16,25.0,2025-09-17,7,2880.0,16.0,6.0,100.0,200.0
2025-09-30,SVM201707000206,Hospital Gineco Obstetrico,-19.0453076497863,-65.2683837910934,activo,,17,10.0,2025-09-24,6,3060.0,17.0,0.0,120.0,220.0
2025-09-05,SWM201707000217,UNIVALLE,-19.0275370527067,-65.2595721297281,activo,,20,60.0,2025-07-19,48,3600.0,20.0,18.0,200.0,140.0
2025-09-12,SWM201707000217,UNIVALLE,-19.0275370527067,-65.2595721297281,activo,,23,50.0,2025-09-05,7,4140.0,23.0,42.0,200.0,120.0
2025-09-19,SWM201707000217,UNIVALLE,-19.0275370527067,-65.2595721297281,activo,,13,30.0,2025-09-12,7,2340.0,13.0,6.0,140.0,100.0
2025-09-26,SWM201707000217,UNIVALLE,-19.0275370527067,-65.2595721297281,activo,,27,15.0,2025-09-19,7,4860.0,27.0,24.0,240.0,220.0
2025-10-03,SWM201707000217,UNIVALLE,-19.0275370527067,-65.2595721297281,activo,,20,96.0,2025-09-26,7,3600.0,20.0,24.0,160.0,160.0
2025-09-09,SVM201707000201,HOSPITAL GASTROENTEROLOGICO,-19.045190671258,-65.2674982014533,activo,,52,75.0,2025-09-02,7,9360.0,52.0,36.0,180.0,740.0
2025-09-17,SVM201707000201,HOSPITAL GASTROENTEROLOGICO,-19.045190671258,-65.2674982014533,activo,,47,25.0,2025-09-09,8,8460.0,47.0,54.0,200.0,560.0
2025-09-24,SVM201707000201,HOSPITAL GASTROENTEROLOGICO,-19.045190671258,-65.2674982014533,activo,,48,0.0,2025-09-17,7,8640.0,48.0,36.0,240.0,600.0
2025-09-30,SVM201707000201,HOSPITAL GASTROENTEROLOGICO,-19.045190671258,-65.2674982014533,activo,,26,90.0,2025-09-24,6,4680.0,26.0,48.0,100.0,260.0
2025-09-08,SWM201707000210,Mercado San Antonio,-19.049135615241,-65.2411954847002,activo,,20,100.0,2025-09-02,6,3600.0,20.0,30.0,180.0,120.0
2025-09-20,SWM201707000210,Mercado San Antonio,-19.049135615241,-65.2411954847002,activo,,34,100.0,2025-09-16,4,6120.0,34.0,60.0,140.0,340.0
2025-09-28,SWM201707000210,Mercado San Antonio,-19.049135615241,-65.2411954847002,activo,,14,95.0,2025-09-27,1,2520.0,14.0,36.0,20.0,140.0
2025-09-04,SVM202211001658,KIOSCO Plaza 25 de Mayo,-19.0471495279682,-65.2595042474776,activo,,34,100,2025-08-31,4,6120.0,34.0,78.0,200.0,220.0
2025-09-07,SVM202211001658,KIOSCO Plaza 25 de Mayo,-19.0471495279682,-65.2595042474776,activo,,66,60,2025-09-04,3,11880.0,66.0,162.0,560.0,220.0
2025-09-10,SVM202211001658,KIOSCO Plaza 25 de Mayo,-19.0471495279682,-65.2595042474776,activo,,47,35,2025-09-07,3,8460.0,47.0,66.0,480.0,240.0
2025-09-14,SVM202211001658,KIOSCO Plaza 25 de Mayo,-19.0471495279682,-65.2595042474776,activo,,45,100,2025-09-10,4,8100.0,45.0,54.0,400.0,320.0
2025-09-22,SVM202211001658,KIOSCO Plaza 25 de Mayo,-19.0471495279682,-65.2595042474776,activo,,94,20,2025-09-14,8,16920.0,94.0,144.0,660.0,740.0
2025-09-27,SVM202211001658,KIOSCO Plaza 25 de Mayo,-19.0471495279682,-65.2595042474776,activo,,78,50,2025-09-22,5,14040.0,78.0,150.0,640.0,420.0
2025-09-29,SVM202211001658,KIOSCO Plaza 25 de Mayo,-19.0471495279682,-65.2595042474776,activo,,35,30,2025-09-27,2,6300.0,35.0,78.0,240.0,200.0
2025-10-01,SVM202211001658,KIOSCO Plaza 25 de Mayo,-19.0471495279682,-65.2595042474776,activo,,28,3,2025-09-29,2,5040.0,28.0,48.0,200.0,200.0
2025-09-03,SVM202211001653,Aeropuerto Alcantari,-19.2465508193052,-65.1511204662652,activo,,25,40.0,2025-08-31,3,4500.0,25.0,36.0,160.0,220.0
2025-09-09,SVM202211001653,Aeropuerto Alcantari,-19.2465508193052,-65.1511204662652,activo,,45,100.0,2025-09-03,6,8100.0,45.0,72.0,320.0,340.0
2025-09-17,SVM202211001653,Aeropuerto Alcantari,-19.2465508193052,-65.1511204662652,activo,,54,65.0,2025-09-09,8,9720.0,54.0,132.0,160.0,480.0
2025-09-23,SVM202211001653,Aeropuerto Alcantari,-19.2465508193052,-65.1511204662652,activo,,64,15.0,2025-09-17,6,11520.0,64.0,126.0,260.0,600.0
2025-09-29,SVM202211001653,Aeropuerto Alcantari,-19.2465508193052,-65.1511204662652,activo,,30,95.0,2025-09-23,6,5400.0,30.0,96.0,120.0,160.0
2025-09-10,SVM202211001655,Universidad Domingo Savio,-19.0580255891264,-65.2546129469163,activo,,34,40.0,2025-09-01,9,6120.0,34.0,42.0,260.0,280.0
2025-09-20,SVM202211001655,Universidad Domingo Savio,-19.0580255891264,-65.2546129469163,activo,,54,95.0,2025-09-10,10,9720.0,54.0,96.0,360.0,400.0
2025-09-27,SVM202211001655,Universidad Domingo Savio,-19.0580255891264,-65.2546129469163,activo,,42,50.0,2025-09-20,7,7560.0,42.0,54.0,280.0,380.0
2025-10-03,SVM202211001655,Universidad Domingo Savio,-19.0580255891264,-65.2546129469163,activo,,28,35.0,2025-09-27,6,5040.0,28.0,84.0,140.0,140.0
2025-09-07,SVM202211001657,German Mendoza,-19.0463265298455,-65.2468603175002,activo,,41,35.0,2025-09-01,6,7380.0,41.0,72.0,400.0,180.0
2025-09-13,SVM202211001657,German Mendoza,-19.0463265298455,-65.2468603175002,activo,,31,10.0,2025-09-07,6,5580.0,31.0,42.0,280.0,200.0
2025-09-19,SVM202211001657,German Mendoza,-19.0463265298455,-65.2468603175002,activo,,44,75.0,2025-09-13,6,7920.0,44.0,42.0,340.0,400.0
2025-09-23,SVM202211001657,German Mendoza,-19.0463265298455,-65.2468603175002,activo,,38,50.0,2025-09-19,4,6840.0,38.0,66.0,240.0,300.0
2025-09-30,SVM202211001657,German Mendoza,-19.0463265298455,-65.2468603175002,activo,,43,20.0,2025-09-23,7,7740.0,43.0,60.0,460.0,200.0
2025-09-05,SVM202211001656,Av. Del Maestro,-19.0363518875073,-65.2587671278803,activo,,26,90.0,2025-08-29,7,4680.0,26.0,30.0,220.0,200.0
2025-09-12,SVM202211001656,Av. Del Maestro,-19.0363518875073,-65.2587671278803,activo,,32,60.0,2025-09-05,7,5760.0,32.0,54.0,320.0,140.0
2025-09-19,SVM202211001656,Av. Del Maestro,-19.0363518875073,-65.2587671278803,activo,,17,50.0,2025-09-12,7,3060.0,17.0,42.0,120.0,80.0
2025-09-26,SVM202211001656,Av. Del Maestro,-19.0363518875073,-65.2587671278803,activo,,24,40.0,2025-09-19,7,4320.0,24.0,84.0,80.0,120.0
2025-10-03,SVM202211001656,Av. Del Maestro,-19.0363518875073,-65.2587671278803,activo,,29,12.0,2025-09-26,7,5220.0,29.0,78.0,200.0,120.0
2025-09-04,SVM202211001652,Calle Padilla esq. Camargo,-19.0490617942092,-65.2533703836111,activo,,15,100.0,2025-08-28,7,2700.0,15.0,12.0,120.0,140.0
2025-09-11,SVM202211001652,Calle Padilla esq. Camargo,-19.0490617942092,-65.2533703836111,activo,,29,75.0,2025-09-04,7,5220.0,29.0,66.0,120.0,240.0
2025-09-18,SVM202211001652,Calle Padilla esq. Camargo,-19.0490617942092,-65.2533703836111,activo,,23,55.0,2025-09-11,7,4140.0,23.0,36.0,220.0,120.0
2025-09-25,SVM202211001652,Calle Padilla esq. Camargo,-19.0490617942092,-65.2533703836111,activo,,16,40.0,2025-09-18,7,2880.0,16.0,30.0,120.0,100.0
2025-10-02,SVM202211001652,Calle Padilla esq. Camargo,-19.0490617942092,-65.2533703836111,activo,,16,25.0,2025-09-25,7,2880.0,16.0,36.0,100.0,100.0
2025-09-09,SVM20221100,Destacamento 130,-19.039540806628,-65.2532119088436,activo,,57,43.0,2025-09-03,6,10260.0,57.0,114.0,420.0,340.0
2025-09-13,SVM20221100,Destacamento 130,-19.039540806628,-65.2532119088436,activo,,43,10.0,2025-09-09,4,7740.0,43.0,60.0,380.0,280.0
2025-09-16,SVM20221100,Destacamento 130,-19.039540806628,-65.2532119088436,activo,,31,90.0,2025-09-13,3,5580.0,31.0,48.0,280.0,180.0
2025-09-22,SVM20221100,Destacamento 130,-19.039540806628,-65.2532119088436,activo,,38,55.0,2025-09-16,6,6840.0,38.0,66.0,280.0,260.0
2025-09-30,SVM20221100,Destacamento 130,-19.039540806628,-65.2532119088436,activo,,54,12.0,2025-09-22,8,9720.0,54.0,84.0,380.0,420.0
2025-09-08,SVM202211001654,COLON,-19.0477983440613,-65.2645083500505,activo,,48,25.0,2025-08-31,8,8640.0,48.0,78.0,300.0,400.0
2025-09-15,SVM202211001654,COLON,-19.0477983440613,-65.2645083500505,activo,,60,90.0,2025-09-08,7,10800.0,60.0,102.0,420.0,440.0
2025-09-20,SVM202211001654,COLON,-19.0477983440613,-65.2645083500505,activo,,43,55.0,2025-09-15,5,7740.0,43.0,90.0,280.0,280.0
2025-09-25,SVM202211001654,COLON,-19.0477983440613,-65.2645083500505,activo,,27,25.0,2025-09-20,5,4860.0,27.0,54.0,240.0,120.0
2025-09-29,SVM202211001654,COLON,-19.0477983440613,-65.2645083500505,activo,,19,10.0,2025-09-25,4,3420.0,19.0,36.0,120.0,140.0
2025-09-09,SVM202211001651,Cristo de las Américas,-19.0450551068471,-65.2687865487641,activo,,30,30.0,2025-09-02,7,5400.0,30.0,60.0,160.0,240.0
2025-09-17,SVM202211001651,Cristo de las Américas,-19.0450551068471,-65.2687865487641,activo,,37,100.0,2025-09-09,8,6660.0,37.0,36.0,140.0,480.0
2025-09-24,SVM202211001651,Cristo de las Américas,-19.0450551068471,-65.2687865487641,activo,,40,80.0,2025-09-17,7,7200.0,40.0,84.0,260.0,260.0
2025-09-30,SVM202211001651,Cristo de las Américas,-19.0450551068471,-65.2687865487641,activo,,30,50.0,2025-09-24,6,5400.0,30.0,12.0,120.0,440.0
2025-09-07,SVM202211001650,DTTO. 317 REFISUR,-19.0430793002952,-65.2486946942275,activo,,33,70.0,2025-09-01,6,5940.0,33.0,30.0,340.0,220.0
2025-09-12,SVM202211001650,DTTO. 317 REFISUR,-19.0430793002952,-65.2486946942275,activo,,33,50.0,2025-09-07,5,5940.0,33.0,66.0,260.0,180.0
2025-09-20,SVM202211001650,DTTO. 317 REFISUR,-19.0430793002952,-65.2486946942275,activo,,51,15.0,2025-09-12,8,9180.0,51.0,66.0,420.0,380.0
2025-09-28,SVM202211001650,DTTO. 317 REFISUR,-19.0430793002952,-65.2486946942275,activo,,37,95.0,2025-09-20,8,6660.0,37.0,60.0,300.0,240.0
2025-10-03,SWM201707000210,SAN MATIAS LIDER,-19.03629013257,-65.2612496736997,inactivo,,2,35,2025-09-28,5,360.0,2.0,6.0,0.0,20.0
2025-10-10,SWM201707000210,SAN MATIAS LIDER,-19.03629013257,-65.2612496736997,inactivo,,5,25,2025-10-05,5,900.0,5.0,0.0,100.0,0.0
2025-10-17,SWM201707000210,SAN MATIAS LIDER,-19.03629013257,-65.2612496736997,inactivo,,4,24,2025-10-12,5,720.0,4.0,12.0,20.0,20.0
2025-10-24,SWM201707000210,SAN MATIAS LIDER,-19.03629013257,-65.2612496736997,inactivo,,2,23,2025-10-18,6,360.0,2.0,0.0,40.0,0.0
2025-10-31,SWM201707000210,SAN MATIAS LIDER,-19.03629013257,-65.2612496736997,inactivo,,4,20,2025-10-29,2,720.0,4.0,6.0,40.0,20.0
2025-10-12,SVM201707000208,Planeta Kids,-19.0455714685946,-65.2574231604105,activo,,9,100,2025-10-05,7,1620.0,9.0,12.0,20.0,120.0
2025-10-25,SVM201707000208,Planeta Kids,-19.0455714685946,-65.2574231604105,activo,,42,35,2025-10-12,13,7560.0,42.0,114.0,260.0,200.0
2025-11-01,SVM201707000208,Planeta Kids,-19.0455714685946,-65.2574231604105,activo,,12,50,2025-10-25,7,2160.0,12.0,6.0,80.0,140.0
2025-10-07,SVM201707000206,Hospital Gineco Obstetrico,-19.0453076497863,-65.2683837910934,activo,,17,3,2025-09-30,7,3060.0,17.0,18.0,60.0,220.0
2025-10-15,SVM201707000206,Hospital Gineco Obstetrico,-19.0453076497863,-65.2683837910934,activo,,28,95,2025-10-07,8,5040.0,28.0,36.0,120.0,320.0
2025-10-22,SVM201707000206,Hospital Gineco Obstetrico,-19.0453076497863,-65.2683837910934,activo,,17,80,2025-10-15,7,3060.0,17.0,6.0,80.0,240.0
2025-10-28,SVM201707000206,Hospital Gineco Obstetrico,-19.0453076497863,-65.2683837910934,activo,,17,70,2025-10-22,6,3060.0,17.0,6.0,60.0,260.0
2025-10-10,SWM201707000217,UNIVALLE,-19.0275370527067,-65.2595721297281,activo,,16,75,2025-10-03,7,2880.0,16.0,30.0,200.0,20.0
2025-10-17,SWM201707000217,UNIVALLE,-19.0275370527067,-65.2595721297281,activo,,12,60,2025-10-10,7,2160.0,12.0,6.0,160.0,60.0
2025-10-24,SWM201707000217,UNIVALLE,-19.0275370527067,-65.2595721297281,activo,,11,55,2025-10-17,7,1980.0,11.0,12.0,100.0,80.0
2025-10-31,SWM201707000217,UNIVALLE,-19.0275370527067,-65.2595721297281,activo,,9,50,2025-10-24,7,1620.0,9.0,6.0,140.0,20.0
2025-10-07,SVM201707000201,HOSPITAL GASTROENTEROLOGICO,-19.045190671258,-65.2674982014533,activo,,31,60,2025-09-30,7,5580.0,31.0,48.0,220.0,240.0
2025-10-15,SVM201707000201,HOSPITAL GASTROENTEROLOGICO,-19.045190671258,-65.2674982014533,activo,,50,5,2025-10-07,8,9000.0,50.0,72.0,300.0,460.0
2025-10-22,SVM201707000201,HOSPITAL GASTROENTEROLOGICO,-19.045190671258,-65.2674982014533,activo,,29,90,2025-10-15,7,5220.0,29.0,24.0,200.0,300.0
2025-10-28,SVM201707000201,HOSPITAL GASTROENTEROLOGICO,-19.045190671258,-65.2674982014533,activo,,23,75,2025-10-22,6,4140.0,23.0,36.0,160.0,180.0
2025-10-05,SWM201707000210,Mercado San Antonio,-19.049135615241,-65.2411954847002,activo,,21,70,2025-10-03,2,3780.0,21.0,12.0,220.0,160.0
2025-10-12,SWM201707000210,Mercado San Antonio,-19.049135615241,-65.2411954847002,activo,,18,60,2025-10-10,2,3240.0,18.0,42.0,80.0,140.0
2025-10-18,SWM201707000210,Mercado San Antonio,-19.049135615241,-65.2411954847002,activo,,19,45,2025-10-17,1,3420.0,19.0,48.0,120.0,100.0
2025-10-29,SWM201707000210,Mercado San Antonio,-19.049135615241,-65.2411954847002,activo,,23,30,2025-10-24,5,4140.0,23.0,18.0,200.0,200.0
2025-10-21,LE-F303V-SCZ-W-B001,Emilio Mendizabal LIDER,-19.0474298941243,-65.2437070457783,inactivo,,5,60,2021-10-08,1474,900.0,5.0,0.0,60.0,40.0
2025-10-28,LE-F303V-SCZ-W-B001,Emilio Mendizabal LIDER,-19.0474298941243,-65.2437070457783,inactivo,,3,60,2025-10-21,7,540.0,3.0,12.0,0.0,20.0
2025-11-04,LE-F303V-SCZ-W-B001,Emilio Mendizabal LIDER,-19.0474298941243,-65.2437070457783,inactivo,,12,52,2025-10-28,7,2160.0,12.0,24.0,80.0,80.0
2025-10-05,SVM202211001658,KIOSCO Plaza 25 de Mayo,-19.0471495279682,-65.2595042474776,activo,,41,70.0,2025-10-01,4,7380.0,41.0,72.0,200.0,380.0
2025-10-08,SVM202211001658,KIOSCO Plaza 25 de Mayo,-19.0471495279682,-65.2595042474776,activo,,57,35.0,2025-10-05,3,10260.0,57.0,114.0,380.0,380.0
2025-10-11,SVM202211001658,KIOSCO Plaza 25 de Mayo,-19.0471495279682,-65.2595042474776,activo,,40,100.0,2025-10-08,3,7200.0,40.0,72.0,300.0,260.0
2025-10-14,SVM202211001658,KIOSCO Plaza 25 de Mayo,-19.0471495279682,-65.2595042474776,activo,,37,75.0,2025-10-11,3,6660.0,37.0,54.0,240.0,320.0
2025-10-18,SVM202211001658,KIOSCO Plaza 25 de Mayo,-19.0471495279682,-65.2595042474776,activo,,31,55.0,2025-10-14,4,5580.0,31.0,42.0,320.0,160.0
2025-10-24,SVM202211001658,KIOSCO Plaza 25 de Mayo,-19.0471495279682,-65.2595042474776,activo,,58,5.0,2025-10-18,6,10440.0,58.0,126.0,280.0,460.0
2025-10-27,SVM202211001658,KIOSCO Plaza 25 de Mayo,-19.0471495279682,-65.2595042474776,activo,,57,65.0,2025-10-24,3,10260.0,57.0,54.0,560.0,400.0
2025-10-30,SVM202211001658,KIOSCO Plaza 25 de Mayo,-19.0471495279682,-65.2595042474776,activo,,41,35.0,2025-10-27,3,7380.0,41.0,90.0,260.0,260.0
2025-10-06,SVM202211001653,Aeropuerto Alcantari,-19.2465508193052,-65.1511204662652,activo,,36,55,2025-09-29,7,6480.0,36.0,48.0,260.0,300.0
2025-10-13,SVM202211001653,Aeropuerto Alcantari,-19.2465508193052,-65.1511204662652,activo,,32,35,2025-10-06,7,5760.0,32.0,60.0,100.0,340.0
2025-10-20,SVM202211001653,Aeropuerto Alcantari,-19.2465508193052,-65.1511204662652,activo,,21,10,2025-10-13,7,3780.0,21.0,54.0,60.0,180.0
2025-10-25,SVM202211001653,Aeropuerto Alcantari,-19.2465508193052,-65.1511204662652,activo,,29,20,2025-10-20,5,5220.0,29.0,72.0,120.0,220.0
2025-10-31,SVM202211001653,Aeropuerto Alcantari,-19.2465508193052,-65.1511204662652,activo,,38,100,2025-10-25,6,6840.0,38.0,90.0,20.0,440.0
2025-10-14,SVM202211001655,Universidad Domingo Savio,-19.0580255891264,-65.2546129469163,activo,,58,75,2025-10-03,11,10440.0,58.0,78.0,400.0,500.0
2025-10-23,SVM202211001655,Universidad Domingo Savio,-19.0580255891264,-65.2546129469163,activo,,56,30,2025-10-14,9,10080.0,56.0,78.0,320.0,540.0
2025-10-29,SVM202211001655,Universidad Domingo Savio,-19.0580255891264,-65.2546129469163,activo,,41,3,2025-10-23,6,7380.0,41.0,90.0,180.0,340.0
2025-10-06,SVM202211001657,German Mendoza,-19.0463265298455,-65.2468603175002,activo,,56,70,2025-09-30,6,10080.0,56.0,90.0,400.0,420.0
2025-10-11,SVM202211001657,German Mendoza,-19.0463265298455,-65.2468603175002,activo,,46,40,2025-10-06,5,8280.0,46.0,72.0,500.0,180.0
2025-10-16,SVM202211001657,German Mendoza,-19.0463265298455,-65.2468603175002,activo,,36,8,2025-10-11,5,6480.0,36.0,84.0,360.0,80.0
2025-10-24,SVM202211001657,German Mendoza,-19.0463265298455,-65.2468603175002,activo,,54,70,2025-10-16,8,9720.0,54.0,36.0,680.0,280.0
2025-10-31,SVM202211001657,German Mendoza,-19.0463265298455,-65.2468603175002,activo,,55,30,2025-10-24,7,9900.0,55.0,78.0,500.0,340.0
2025-10-10,SVM202211001656,Av. Del Maestro,-19.0363518875073,-65.2587671278803,activo,,31,97,2025-10-03,7,5580.0,31.0,54.0,320.0,120.0
2025-10-17,SVM202211001656,Av. Del Maestro,-19.0363518875073,-65.2587671278803,activo,,34,60,2025-10-10,7,6120.0,34.0,36.0,300.0,260.0
2025-10-24,SVM202211001656,Av. Del Maestro,-19.0363518875073,-65.2587671278803,activo,,31,45,2025-10-17,7,5580.0,31.0,84.0,200.0,140.0
2025-10-31,SVM202211001656,Av. Del Maestro,-19.0363518875073,-65.2587671278803,activo,,34,15,2025-10-24,7,6120.0,34.0,84.0,240.0,160.0
2025-10-09,SVM202211001652,Calle Padilla esq. Camargo,-19.0490617942092,-65.2533703836111,activo,,30,18,2025-10-02,7,5400.0,30.0,42.0,200.0,260.0
2025-10-15,SVM202211001652,Calle Padilla esq. Camargo,-19.0490617942092,-65.2533703836111,activo,,25,96,2025-10-09,6,4500.0,25.0,54.0,200.0,120.0
2025-10-23,SVM202211001652,Calle Padilla esq. Camargo,-19.0490617942092,-65.2533703836111,activo,,24,75,2025-10-15,8,4320.0,24.0,30.0,240.0,140.0
2025-10-30,SVM202211001652,Calle Padilla esq. Camargo,-19.0490617942092,-65.2533703836111,activo,,23,53,2025-10-23,7,4140.0,23.0,48.0,200.0,100.0
2025-10-07,SVM20221100,Destacamento 130,-19.039540806628,-65.2532119088436,activo,,63,75,2025-09-30,7,11340.0,63.0,102.0,440.0,480.0
2025-10-12,SVM20221100,Destacamento 130,-19.039540806628,-65.2532119088436,activo,,37,46,2025-10-07,5,6660.0,37.0,60.0,180.0,360.0
2025-10-20,SVM20221100,Destacamento 130,-19.039540806628,-65.2532119088436,activo,,48,5,2025-10-12,8,8640.0,48.0,54.0,280.0,500.0
2025-10-27,SVM20221100,Destacamento 130,-19.039540806628,-65.2532119088436,activo,,34,90,2025-10-20,7,6120.0,34.0,54.0,260.0,240.0
2025-11-04,SVM20221100,Destacamento 130,-19.039540806628,-65.2532119088436,activo,,34,53,2025-10-27,8,6120.0,34.0,48.0,220.0,300.0
2025-10-06,SVM202211001654,COLON,-19.0477983440613,-65.2645083500505,activo,,38,90.0,2025-09-29,7,6840.0,38.0,60.0,320.0,240.0
2025-10-13,SVM202211001654,COLON,-19.0477983440613,-65.2645083500505,activo,,44,50.0,2025-10-06,7,7920.0,44.0,90.0,400.0,180.0
2025-10-20,SVM202211001654,COLON,-19.0477983440613,-65.2645083500505,activo,,52,10.0,2025-10-13,7,9360.0,52.0,90.0,460.0,280.0
2025-10-27,SVM202211001654,COLON,-19.0477983440613,-65.2645083500505,activo,,54,80.0,2025-10-20,7,9720.0,54.0,102.0,360.0,380.0
2025-11-02,SVM202211001654,COLON,-19.0477983440613,-65.2645083500505,activo,,38,50.0,2025-10-27,6,6840.0,38.0,42.0,220.0,400.0
2025-10-07,SVM202211001651,Cristo de las Américas,-19.0450551068471,-65.2687865487641,activo,,29,10.0,2025-09-30,7,5220.0,29.0,30.0,340.0,140.0
2025-10-15,SVM202211001651,Cristo de las Américas,-19.0450551068471,-65.2687865487641,activo,,44,94.0,2025-10-07,8,7920.0,44.0,78.0,440.0,180.0
2025-10-22,SVM202211001651,Cristo de las Américas,-19.0450551068471,-65.2687865487641,activo,,21,85.0,2025-10-15,7,3780.0,21.0,30.0,200.0,120.0
2025-10-28,SVM202211001651,Cristo de las Américas,-19.0450551068471,-65.2687865487641,activo,,32,50.0,2025-10-22,6,5760.0,32.0,78.0,140.0,240.0
2025-10-03,SVM202211001650,DTTO. 317 REFISUR,-19.0430793002952,-65.2486946942275,activo,,17,80,2025-09-28,5,3060.0,17.0,30.0,160.0,80.0
2025-10-08,SVM202211001650,DTTO. 317 REFISUR,-19.0430793002952,-65.2486946942275,activo,,30,60,2025-10-03,5,5400.0,30.0,48.0,200.0,240.0
2025-10-14,SVM202211001650,DTTO. 317 REFISUR,-19.0430793002952,-65.2486946942275,activo,,33,40,2025-10-08,6,5940.0,33.0,60.0,300.0,160.0
2025-10-20,SVM202211001650,DTTO. 317 REFISUR,-19.0430793002952,-65.2486946942275,activo,,29,12,2025-10-14,6,5220.0,29.0,72.0,240.0,100.0
2025-10-27,SVM202211001650,DTTO. 317 REFISUR,-19.0430793002952,-65.2486946942275,activo,,10,8,2025-10-20,7,1800.0,10.0,0.0,120.0,80.0
2025-11-16,SVM201707000208,Planeta Kids,-19.0455714685946,-65.2574231604105,activo,,39,30,2025-11-01,15,7020.0,39.0,66.0,220.0,340.0
2025-11-25,SVM201707000208,Planeta Kids,-19.0455714685946,-65.2574231604105,activo,,44,95,2025-11-16,9,7920.0,44.0,42.0,440.0,300.0
2025-12-05,SVM201707000208,Planeta Kids,-19.0455714685946,-65.2574231604105,activo,,38,65,2025-11-25,10,6840.0,38.0,66.0,300.0,240.0
2025-11-05,SVM201707000206,Hospital Gineco Obstetrico,-19.0453076497863,-65.2683837910934,activo,,26,50.0,2025-10-28,8,4680.0,26.0,18.0,100.0,360.0
2025-11-11,SVM201707000206,Hospital Gineco Obstetrico,-19.0453076497863,-65.2683837910934,activo,,18,28.0,2025-11-05,6,3240.0,18.0,18.0,100.0,200.0
2025-11-18,SVM201707000206,Hospital Gineco Obstetrico,-19.0453076497863,-65.2683837910934,activo,,21,5.0,2025-11-11,7,3780.0,21.0,12.0,120.0,260.0
2025-11-22,SVM201707000206,Hospital Gineco Obstetrico,-19.0453076497863,-65.2683837910934,activo,,19,100.0,2025-11-18,4,3420.0,19.0,12.0,120.0,220.0
2025-11-29,SVM201707000206,Hospital Gineco Obstetrico,-19.0453076497863,-65.2683837910934,activo,,19,90.0,2025-11-22,7,3420.0,19.0,6.0,120.0,240.0
2025-11-07,SWM201707000217,UNIVALLE,-19.0275370527067,-65.2595721297281,activo,,4,48,2025-10-31,7,720.0,4.0,0.0,60.0,20.0
2025-11-14,SWM201707000217,UNIVALLE,-19.0275370527067,-65.2595721297281,activo,,18,40,2025-11-07,7,3240.0,18.0,6.0,200.0,140.0
2025-11-21,SWM201707000217,UNIVALLE,-19.0275370527067,-65.2595721297281,activo,,8,100,2025-11-14,7,1440.0,8.0,18.0,60.0,40.0
2025-11-28,SWM201707000217,UNIVALLE,-19.0275370527067,-65.2595721297281,activo,,11,90,2025-11-21,7,1980.0,11.0,6.0,100.0,100.0
2025-11-05,SVM201707000201,HOSPITAL GASTROENTEROLOGICO,-19.045190671258,-65.2674982014533,activo,,18,50.0,2025-10-28,8,3240.0,18.0,24.0,80.0,200.0
2025-11-11,SVM201707000201,HOSPITAL GASTROENTEROLOGICO,-19.045190671258,-65.2674982014533,activo,,20,25.0,2025-11-05,6,3600.0,20.0,42.0,100.0,160.0
2025-11-18,SVM201707000201,HOSPITAL GASTROENTEROLOGICO,-19.045190671258,-65.2674982014533,activo,,39,0.0,2025-11-11,7,7020.0,39.0,60.0,120.0,460.0
2025-11-22,SVM201707000201,HOSPITAL GASTROENTEROLOGICO,-19.045190671258,-65.2674982014533,activo,,16,90.0,2025-11-18,4,2880.0,16.0,24.0,60.0,180.0
2025-11-29,SVM201707000201,HOSPITAL GASTROENTEROLOGICO,-19.045190671258,-65.2674982014533,activo,,30,65.0,2025-11-22,7,5400.0,30.0,18.0,160.0,380.0
2025-11-06,SWM201707000210,Mercado San Antonio,-19.049135615241,-65.2411954847002,activo,,24,50,2025-10-31,6,4320.0,24.0,48.0,280.0,40.0
2025-11-24,SWM201707000210,Mercado San Antonio,-19.049135615241,-65.2411954847002,activo,,59,15,2025-11-18,6,10620.0,59.0,84.0,440.0,460.0
2025-12-08,SWM201707000210,Mercado San Antonio,-19.049135615241,-65.2411954847002,activo,,42,90,2025-12-02,6,7560.0,42.0,48.0,300.0,380.0
2025-11-11,SWM201707000210,Emilio Mendizabal LIDER,-19.0474298941243,-65.2437070457783,inactivo,,6,43,2025-11-06,5,1080.0,6.0,6.0,40.0,60.0
2025-11-18,SWM201707000210,Emilio Mendizabal LIDER,-19.0474298941243,-65.2437070457783,inactivo,,3,41,2025-11-11,7,540.0,3.0,0.0,40.0,20.0
2025-11-25,SWM201707000210,Emilio Mendizabal LIDER,-19.0474298941243,-65.2437070457783,inactivo,,3,39,2025-11-24,1,540.0,3.0,6.0,20.0,20.0
2025-12-02,SWM201707000210,Emilio Mendizabal LIDER,-19.0474298941243,-65.2437070457783,inactivo,,0,38,2025-11-25,7,0.0,0.0,0.0,0.0,0.0
2025-11-10,Landao 02,Colegio Simón Rodríguez,-19.0512704063767,-65.2547187106909,activo,,45,35,2022-09-18,1149,8100.0,45.0,90.0,300.0,300.0
2025-11-12,Landao 02,Colegio Simón Rodríguez,-19.0512704063767,-65.2547187106909,activo,,57,95,2025-11-10,2,10260.0,57.0,162.0,340.0,260.0
2025-11-14,Landao 02,Colegio Simón Rodríguez,-19.0512704063767,-65.2547187106909,activo,,78,25,2025-11-12,2,14040.0,78.0,180.0,620.0,340.0
2025-11-18,Landao 02,Colegio Simón Rodríguez,-19.0512704063767,-65.2547187106909,activo,,46,90,2025-11-14,4,8280.0,46.0,114.0,340.0,200.0
2025-11-20,Landao 02,Colegio Simón Rodríguez,-19.0512704063767,-65.2547187106909,activo,,28,65,2025-11-18,2,5040.0,28.0,42.0,280.0,140.0
2025-11-22,Landao 02,Colegio Simón Rodríguez,-19.0512704063767,-65.2547187106909,activo,,32,40,2025-11-20,2,5760.0,32.0,48.0,340.0,140.0
2025-11-25,Landao 02,Colegio Simón Rodríguez,-19.0512704063767,-65.2547187106909,activo,,20,15,2025-11-22,3,3600.0,20.0,24.0,100.0,220.0
2025-11-29,Landao 02,Colegio Simón Rodríguez,-19.0512704063767,-65.2547187106909,activo,,31,15,2025-11-25,4,5580.0,31.0,42.0,200.0,280.0
2025-11-04,SVM202211001658,KIOSCO Plaza 25 de Mayo,-19.0471495279682,-65.2595042474776,activo,,57,85,2025-10-30,5,10260.0,57.0,96.0,460.0,360.0
2025-11-10,SVM202211001658,KIOSCO Plaza 25 de Mayo,-19.0471495279682,-65.2595042474776,activo,,66,35,2025-11-04,6,11880.0,66.0,126.0,480.0,420.0
2025-11-14,SVM202211001658,KIOSCO Plaza 25 de Mayo,-19.0471495279682,-65.2595042474776,activo,,37,10,2025-11-10,4,6660.0,37.0,48.0,220.0,360.0
2025-11-19,SVM202211001658,KIOSCO Plaza 25 de Mayo,-19.0471495279682,-65.2595042474776,activo,,56,70,2025-11-14,5,10080.0,56.0,54.0,520.0,420.0
2025-11-22,SVM202211001658,KIOSCO Plaza 25 de Mayo,-19.0471495279682,-65.2595042474776,activo,,31,50,2025-11-19,3,5580.0,31.0,42.0,180.0,300.0
2025-11-27,SVM202211001658,KIOSCO Plaza 25 de Mayo,-19.0471495279682,-65.2595042474776,activo,,60,100,2025-11-22,5,10800.0,60.0,120.0,540.0,260.0
2025-12-01,SVM202211001658,KIOSCO Plaza 25 de Mayo,-19.0471495279682,-65.2595042474776,activo,,48,65,2025-11-27,4,8640.0,48.0,78.0,400.0,300.0
2025-11-07,SVM202211001653,Aeropuerto Alcantari,-19.2465508193052,-65.1511204662652,activo,,43,70,2025-10-31,7,7740.0,43.0,96.0,200.0,340.0
2025-11-14,SVM202211001653,Aeropuerto Alcantari,-19.2465508193052,-65.1511204662652,activo,,58,25,2025-11-07,7,10440.0,58.0,138.0,160.0,540.0
2025-11-18,SVM202211001653,Aeropuerto Alcantari,-19.2465508193052,-65.1511204662652,activo,,29,100,2025-11-14,4,5220.0,29.0,66.0,100.0,260.0
2025-11-25,SVM202211001653,Aeropuerto Alcantari,-19.2465508193052,-65.1511204662652,activo,,31,75,2025-11-18,7,5580.0,31.0,42.0,180.0,300.0
2025-12-02,SVM202211001653,Aeropuerto Alcantari,-19.2465508193052,-65.1511204662652,activo,,37,50,2025-11-25,7,6660.0,37.0,96.0,200.0,220.0
2025-11-06,SVM202211001655,Universidad Domingo Savio,-19.0580255891264,-65.2546129469163,activo,,32,80,2025-10-29,8,5760.0,32.0,66.0,160.0,260.0
2025-11-12,SVM202211001655,Universidad Domingo Savio,-19.0580255891264,-65.2546129469163,activo,,45,50,2025-11-06,6,8100.0,45.0,78.0,400.0,240.0
2025-11-18,SVM202211001655,Universidad Domingo Savio,-19.0580255891264,-65.2546129469163,activo,,41,12,2025-11-12,6,7380.0,41.0,78.0,280.0,280.0
2025-11-22,SVM202211001655,Universidad Domingo Savio,-19.0580255891264,-65.2546129469163,activo,,23,95,2025-11-18,4,4140.0,23.0,78.0,160.0,40.0
2025-11-29,SVM202211001655,Universidad Domingo Savio,-19.0580255891264,-65.2546129469163,activo,,38,65,2025-11-22,7,6840.0,38.0,66.0,380.0,160.0
2025-11-04,SVM202211001657,German Mendoza,-19.0463265298455,-65.2468603175002,activo,,36,100,2025-10-31,4,6480.0,36.0,90.0,200.0,220.0
2025-11-10,SVM202211001657,German Mendoza,-19.0463265298455,-65.2468603175002,activo,,33,80,2025-11-04,6,5940.0,33.0,60.0,180.0,280.0
2025-11-16,SVM202211001657,German Mendoza,-19.0463265298455,-65.2468603175002,activo,,46,45,2025-11-10,6,8280.0,46.0,60.0,400.0,320.0
2025-11-21,SVM202211001657,German Mendoza,-19.0463265298455,-65.2468603175002,activo,,30,15,2025-11-16,5,5400.0,30.0,42.0,320.0,140.0
2025-11-28,SVM202211001657,German Mendoza,-19.0463265298455,-65.2468603175002,activo,,41,90,2025-11-21,7,7380.0,41.0,72.0,320.0,260.0
2025-11-07,SVM202211001656,Av. Del Maestro,-19.0363518875073,-65.2587671278803,activo,,19,100,2025-10-31,7,3420.0,19.0,54.0,120.0,80.0
2025-11-14,SVM202211001656,Av. Del Maestro,-19.0363518875073,-65.2587671278803,activo,,22,80,2025-11-07,7,3960.0,22.0,36.0,160.0,160.0
2025-11-21,SVM202211001656,Av. Del Maestro,-19.0363518875073,-65.2587671278803,activo,,14,60,2025-11-14,7,2520.0,14.0,30.0,160.0,20.0
2025-11-28,SVM202211001656,Av. Del Maestro,-19.0363518875073,-65.2587671278803,activo,,19,53,2025-11-21,7,3420.0,19.0,30.0,160.0,120.0
2025-11-06,SVM202211001652,Calle Padilla esq. Camargo,-19.0490617942092,-65.2533703836111,activo,,7,50,2025-10-30,7,1260.0,7.0,6.0,80.0,40.0
2025-11-13,SVM202211001652,Calle Padilla esq. Camargo,-19.0490617942092,-65.2533703836111,activo,,26,43,2025-11-06,7,4680.0,26.0,30.0,320.0,100.0
2025-11-20,SVM202211001652,Calle Padilla esq. Camargo,-19.0490617942092,-65.2533703836111,activo,,30,15,2025-11-13,7,5400.0,30.0,30.0,200.0,300.0
2025-11-27,SVM202211001652,Calle Padilla esq. Camargo,-19.0490617942092,-65.2533703836111,activo,,18,90,2025-11-20,7,3240.0,18.0,12.0,220.0,100.0
2025-11-11,SVM202211001659,Destacamento 130,-19.039540806628,-65.2532119088436,activo,,24,42,,,4320.0,24.0,24.0,180.0,220.0
2025-11-18,SVM202211001659,Destacamento 130,-19.039540806628,-65.2532119088436,activo,,41,6,2025-11-11,7,7380.0,41.0,60.0,160.0,460.0
2025-11-25,SVM202211001659,Destacamento 130,-19.039540806628,-65.2532119088436,activo,,53,60,2025-11-18,7,9540.0,53.0,102.0,320.0,400.0
2025-12-01,SVM202211001659,Destacamento 130,-19.039540806628,-65.2532119088436,activo,,22,50,2025-11-25,6,3960.0,22.0,48.0,120.0,160.0
2025-11-09,SVM202211001654,COLON,-19.0477983440613,-65.2645083500505,activo,,42,10,2025-11-02,7,7560.0,42.0,54.0,360.0,300.0
2025-11-16,SVM202211001654,COLON,-19.0477983440613,-65.2645083500505,activo,,41,80,2025-11-09,7,7380.0,41.0,90.0,220.0,300.0
2025-11-24,SVM202211001654,COLON,-19.0477983440613,-65.2645083500505,activo,,47,45,2025-11-16,8,8460.0,47.0,108.0,340.0,240.0
2025-12-01,SVM202211001654,COLON,-19.0477983440613,-65.2645083500505,activo,,23,13,2025-11-24,7,4140.0,23.0,36.0,180.0,160.0
2025-11-05,SVM202211001651,Cristo de las Américas,-19.0450551068471,-65.2687865487641,activo,,46,3,2025-10-28,8,8280.0,46.0,108.0,240.0,320.0
2025-11-11,SVM202211001651,Cristo de las Américas,-19.0450551068471,-65.2687865487641,activo,,36,90,2025-11-05,6,6480.0,36.0,30.0,260.0,360.0
2025-11-18,SVM202211001651,Cristo de las Américas,-19.0450551068471,-65.2687865487641,activo,,22,70,2025-11-11,7,3960.0,22.0,36.0,140.0,180.0
2025-11-22,SVM202211001651,Cristo de las Américas,-19.0450551068471,-65.2687865487641,activo,,17,50,2025-11-18,4,3060.0,17.0,24.0,180.0,80.0
2025-11-29,SVM202211001651,Cristo de las Américas,-19.0450551068471,-65.2687865487641,activo,,19,30,2025-11-22,7,3420.0,19.0,6.0,340.0,20.0
2025-11-06,SVM202211001650,DTTO. 317 REFISUR,-19.0430793002952,-65.2486946942275,activo,,28,90,2025-10-27,10,5040.0,28.0,72.0,180.0,140.0
2025-11-18,SVM202211001650,DTTO. 317 REFISUR,-19.0430793002952,-65.2486946942275,activo,,34,60,2025-11-06,12,6120.0,34.0,84.0,160.0,240.0
2025-11-24,SVM202211001650,DTTO. 317 REFISUR,-19.0430793002952,-65.2486946942275,activo,,14,50,2025-11-18,6,2520.0,14.0,36.0,100.0,60.0
2025-11-29,SVM202211001650,DTTO. 317 REFISUR,-19.0430793002952,-65.2486946942275,activo,,19,45,2025-11-24,5,3420.0,19.0,30.0,140.0,140.0
2025-11-07,SVM202211001,SAN MATIAS LIDER,-19.03629013257,-65.2612496736997,inactivo,,8,10,2025-08-22,77,1440.0,8.0,18.0,100.0,0.0
2025-11-14,SVM202211001,SAN MATIAS LIDER,-19.03629013257,-65.2612496736997,inactivo,,7,3,2025-11-07,7,1260.0,7.0,6.0,40.0,80.0
2025-11-21,SVM202211001,SAN MATIAS LIDER,-19.03629013257,-65.2612496736997,inactivo,,3,50,2025-11-14,7,540.0,3.0,0.0,60.0,0.0
2025-11-28,SVM202211001,SAN MATIAS LIDER,-19.03629013257,-65.2612496736997,inactivo,,3,49,2025-11-21,7,540.0,3.0,6.0,20.0,20.0
2025-12-16,SVM201707000208,Planeta Kids,-19.0455714685946,-65.2574231604105,activo,,41,30,2025-12-05,11,7380.0,41.0,60.0,400.0,220.0
2025-12-23,SVM201707000208,Planeta Kids,-19.0455714685946,-65.2574231604105,activo,,15,25,2025-12-16,7,2700.0,15.0,36.0,120.0,60.0
2026-01-01,SVM201707000208,Planeta Kids,-19.0455714685946,-65.2574231604105,activo,,29,97,2025-12-23,9,5220.0,29.0,48.0,100.0,320.0
2025-12-06,SVM201707000206,Hospital Gineco Obstetrico,-19.0453076497863,-65.2683837910934,activo,,13,80,2025-11-29,7,2340.0,13.0,6.0,20.0,220.0
2025-12-13,SVM201707000206,Hospital Gineco Obstetrico,-19.0453076497863,-65.2683837910934,activo,,14,55,2025-12-06,7,2520.0,14.0,12.0,20.0,220.0
2025-12-20,SVM201707000206,Hospital Gineco Obstetrico,-19.0453076497863,-65.2683837910934,activo,,7,50,2025-12-13,7,1260.0,7.0,12.0,0.0,100.0
2025-12-27,SVM201707000206,Hospital Gineco Obstetrico,-19.0453076497863,-65.2683837910934,activo,,5,45,2025-12-20,7,900.0,5.0,6.0,20.0,60.0
2026-01-03,SVM201707000206,Hospital Gineco Obstetrico,-19.0453076497863,-65.2683837910934,activo,,12,40,2025-12-27,7,2160.0,12.0,24.0,60.0,100.0
2025-12-05,SWM201707000217,UNIVALLE,-19.0275370527067,-65.2595721297281,activo,,7,87,2025-11-28,7,1260.0,7.0,6.0,100.0,20.0
2025-12-12,SWM201707000217,UNIVALLE,-19.0275370527067,-65.2595721297281,activo,,0,87,2025-12-05,7,0.0,0.0,0.0,0.0,0.0
2025-12-19,SWM201707000217,UNIVALLE,-19.0275370527067,-65.2595721297281,activo,,2,86,2025-12-12,7,360.0,2.0,0.0,20.0,20.0
2025-12-06,SVM201707000201,HOSPITAL GASTROENTEROLOGICO,-19.045190671258,-65.2674982014533,activo,,20,45,2025-11-29,7,3600.0,20.0,18.0,140.0,200.0
2025-12-13,SVM201707000201,HOSPITAL GASTROENTEROLOGICO,-19.045190671258,-65.2674982014533,activo,,32,10,2025-12-06,7,5760.0,32.0,48.0,180.0,300.0
2025-12-20,SVM201707000201,HOSPITAL GASTROENTEROLOGICO,-19.045190671258,-65.2674982014533,activo,,27,0,2025-12-13,7,4860.0,27.0,24.0,120.0,340.0
2025-12-27,SVM201707000201,HOSPITAL GASTROENTEROLOGICO,-19.045190671258,-65.2674982014533,activo,,10,0,2025-12-20,7,1800.0,10.0,18.0,40.0,100.0
2026-01-03,SVM201707000201,HOSPITAL GASTROENTEROLOGICO,-19.045190671258,-65.2674982014533,activo,,34,85,2025-12-27,7,6120.0,34.0,54.0,140.0,360.0
2025-12-17,SWM201707000210,Mercado San Antonio,-19.049135615241,-65.2411954847002,activo,,21,70,2025-12-08,9,3780.0,21.0,36.0,180.0,120.0
2025-12-23,SWM201707000210,Mercado San Antonio,-19.049135615241,-65.2411954847002,activo,,22,50,2025-12-17,6,3960.0,22.0,6.0,300.0,120.0
2025-12-31,SWM201707000210,Mercado San Antonio,-19.049135615241,-65.2411954847002,activo,,24,35,2025-12-23,8,4320.0,24.0,36.0,260.0,100.0
2025-12-15,Landao 02,Colegio Simón Rodríguez,-19.0512704063767,-65.2547187106909,activo,,57,0,2025-11-29,16,10260.0,57.0,132.0,340.0,360.0
2025-12-08,SVM202211001658,KIOSCO Plaza 25 de Mayo,-19.0471495279682,-65.2595042474776,activo,,66,100,2025-12-01,7,11880.0,66.0,114.0,420.0,520.0
2025-12-15,SVM202211001658,KIOSCO Plaza 25 de Mayo,-19.0471495279682,-65.2595042474776,activo,,58,60,2025-12-08,7,10440.0,58.0,138.0,500.0,200.0
2025-12-20,SVM202211001658,KIOSCO Plaza 25 de Mayo,-19.0471495279682,-65.2595042474776,activo,,53,15,2025-12-15,5,9540.0,53.0,48.0,440.0,460.0
2025-12-24,SVM202211001658,KIOSCO Plaza 25 de Mayo,-19.0471495279682,-65.2595042474776,activo,,28,85,2025-12-20,4,5040.0,28.0,66.0,160.0,180.0
2025-12-29,SVM202211001658,KIOSCO Plaza 25 de Mayo,-19.0471495279682,-65.2595042474776,activo,,55,50,2025-12-24,5,9900.0,55.0,78.0,400.0,440.0
2025-12-31,SVM202211001658,KIOSCO Plaza 25 de Mayo,-19.0471495279682,-65.2595042474776,activo,,39,25,2025-12-29,2,7020.0,39.0,54.0,320.0,280.0
2025-12-09,SVM202211001653,Aeropuerto Alcantari,-19.2465508193052,-65.1511204662652,activo,,38,100,2025-12-02,7,6840.0,38.0,72.0,120.0,400.0
2025-12-19,SVM202211001653,Aeropuerto Alcantari,-19.2465508193052,-65.1511204662652,activo,,64,55,2025-12-09,10,11520.0,64.0,138.0,340.0,480.0
2025-12-26,SVM202211001653,Aeropuerto Alcantari,-19.2465508193052,-65.1511204662652,activo,,57,100,2025-12-19,7,10260.0,57.0,66.0,360.0,560.0
2025-12-29,SVM202211001653,Aeropuerto Alcantari,-19.2465508193052,-65.1511204662652,activo,,28,70,2025-12-26,3,5040.0,28.0,54.0,180.0,200.0
2025-12-05,SVM202211001655,Universidad Domingo Savio,-19.0580255891264,-65.2546129469163,activo,,23,45,2025-11-29,6,4140.0,23.0,42.0,180.0,140.0
2025-12-16,SVM202211001655,Universidad Domingo Savio,-19.0580255891264,-65.2546129469163,activo,,61,0,2025-12-05,11,10980.0,61.0,144.0,440.0,300.0
2025-12-22,SVM202211001655,Universidad Domingo Savio,-19.0580255891264,-65.2546129469163,activo,,29,80,2025-12-16,6,5220.0,29.0,48.0,320.0,100.0
2025-12-05,SVM202211001657,German Mendoza,-19.0463265298455,-65.2468603175002,activo,,40,50,2025-11-28,7,7200.0,40.0,54.0,400.0,220.0
2025-12-14,SVM202211001657,German Mendoza,-19.0463265298455,-65.2468603175002,activo,,60,5,2025-12-05,9,10800.0,60.0,96.0,580.0,300.0
2025-12-19,SVM202211001657,German Mendoza,-19.0463265298455,-65.2468603175002,activo,,31,90,2025-12-14,5,5580.0,31.0,66.0,240.0,160.0
2025-12-22,SVM202211001657,German Mendoza,-19.0463265298455,-65.2468603175002,activo,,19,75,2025-12-19,3,3420.0,19.0,24.0,180.0,120.0
2025-12-30,SVM202211001657,German Mendoza,-19.0463265298455,-65.2468603175002,activo,,61,30,2025-12-22,8,10980.0,61.0,54.0,580.0,460.0
2025-12-05,SVM202211001656,Av. Del Maestro,-19.0363518875073,-65.2587671278803,activo,,25,45,2025-11-28,7,4500.0,25.0,48.0,240.0,100.0
2025-12-13,SVM202211001656,Av. Del Maestro,-19.0363518875073,-65.2587671278803,activo,,20,18,2025-12-05,8,3600.0,20.0,66.0,140.0,40.0
2025-12-19,SVM202211001656,Av. Del Maestro,-19.0363518875073,-65.2587671278803,activo,,20,85,2025-12-13,6,3600.0,20.0,24.0,160.0,160.0
2025-12-30,SVM202211001656,Av. Del Maestro,-19.0363518875073,-65.2587671278803,activo,,37,53,2025-12-19,11,6660.0,37.0,120.0,180.0,160.0
2025-12-04,SVM202211001652,Calle Padilla esq. Camargo,-19.0490617942092,-65.2533703836111,activo,,22,65,2025-11-27,7,3960.0,22.0,18.0,300.0,80.0
2025-12-12,SVM202211001652,Calle Padilla esq. Camargo,-19.0490617942092,-65.2533703836111,activo,,26,47,2025-12-04,8,4680.0,26.0,36.0,320.0,80.0
2025-12-18,SVM202211001652,Calle Padilla esq. Camargo,-19.0490617942092,-65.2533703836111,activo,,8,42,2025-12-12,6,1440.0,8.0,18.0,60.0,40.0
2025-12-30,SVM202211001652,Calle Padilla esq. Camargo,-19.0490617942092,-65.2533703836111,activo,,35,12,2025-12-18,12,6300.0,35.0,84.0,200.0,220.0
2025-12-09,SVM202211001659,Destacamento 130,-19.039540806628,-65.2532119088436,activo,,27,25,2025-12-01,8,4860.0,27.0,66.0,140.0,180.0
2025-12-16,SVM202211001659,Destacamento 130,-19.039540806628,-65.2532119088436,activo,,19,10,2025-12-09,7,3420.0,19.0,24.0,180.0,120.0
2025-12-22,SVM202211001659,Destacamento 130,-19.039540806628,-65.2532119088436,activo,,33,90,2025-12-16,6,5940.0,33.0,42.0,120.0,400.0
2025-12-30,SVM202211001659,Destacamento 130,-19.039540806628,-65.2532119088436,activo,,34,60,2025-12-22,8,6120.0,34.0,60.0,240.0,240.0
2025-12-08,SVM202211001654,COLON,-19.0477983440613,-65.2645083500505,activo,,29,2,2025-12-01,7,5220.0,29.0,60.0,160.0,220.0
2025-12-16,SVM202211001654,COLON,-19.0477983440613,-65.2645083500505,activo,,38,20,2025-12-08,8,6840.0,38.0,60.0,320.0,240.0
2025-12-22,SVM202211001654,COLON,-19.0477983440613,-65.2645083500505,activo,,35,98,2025-12-16,6,6300.0,35.0,30.0,420.0,180.0
2025-12-29,SVM202211001654,COLON,-19.0477983440613,-65.2645083500505,activo,,45,65,2025-12-22,7,8100.0,45.0,90.0,380.0,220.0
2025-12-06,SVM202211001651,Cristo de las Américas,-19.0450551068471,-65.2687865487641,activo,,28,5,2025-11-29,7,5040.0,28.0,42.0,160.0,260.0
2025-12-13,SVM202211001651,Cristo de las Américas,-19.0450551068471,-65.2687865487641,activo,,53,90,2025-12-06,7,9540.0,53.0,48.0,740.0,160.0
2025-12-20,SVM202211001651,Cristo de las Américas,-19.0450551068471,-65.2687865487641,activo,,36,50,2025-12-13,7,6480.0,36.0,36.0,320.0,280.0
2025-12-27,SVM202211001651,Cristo de las Américas,-19.0450551068471,-65.2687865487641,activo,,25,15,2025-12-20,7,4500.0,25.0,36.0,180.0,200.0
2026-01-03,SVM202211001651,Cristo de las Américas,-19.0450551068471,-65.2687865487641,activo,,49,90,2025-12-27,7,8820.0,49.0,84.0,300.0,400.0
2025-12-15,SVM202211001650,DTTO. 317 REFISUR,-19.0430793002952,-65.2486946942275,activo,,56,5,2025-11-29,16,10080.0,56.0,72.0,520.0,360.0
2025-12-22,SVM202211001650,DTTO. 317 REFISUR,-19.0430793002952,-65.2486946942275,activo,,15,40,2025-12-15,7,2700.0,15.0,42.0,80.0,80.0
2025-12-31,SVM202211001650,DTTO. 317 REFISUR,-19.0430793002952,-65.2486946942275,activo,,25,30,2025-12-22,9,4500.0,25.0,30.0,200.0,200.0
2026-01-10,SVM201707000208,Planeta Kids,-19.0455714685946,-65.2574231604105,activo,,59,55,2026-01-01,9,10620.0,59.0,84.0,340.0,560.0
2026-01-16,SVM201707000208,Planeta Kids,-19.0455714685946,-65.2574231604105,activo,,25,35,2026-01-10,6,4500.0,25.0,42.0,200.0,160.0
2026-01-27,SVM201707000208,Planeta Kids,-19.0455714685946,-65.2574231604105,activo,,53,5,2026-01-16,11,9540.0,53.0,54.0,540.0,340.0
2026-01-31,SVM201707000208,Planeta Kids,-19.0455714685946,-65.2574231604105,activo,,16,95,2026-01-27,4,2880.0,16.0,18.0,200.0,60.0
2026-01-10,SVM201707000206,Hospital Gineco Obstetrico,-19.0453076497863,-65.2683837910934,activo,,12,10,2026-01-03,7,2160.0,12.0,12.0,0.0,200.0
2026-01-17,SVM201707000206,Hospital Gineco Obstetrico,-19.0453076497863,-65.2683837910934,activo,,5,10,2026-01-10,7,900.0,5.0,6.0,0.0,80.0
2026-01-24,SVM201707000206,Hospital Gineco Obstetrico,-19.0453076497863,-65.2683837910934,activo,,14,3,2026-01-17,7,2520.0,14.0,12.0,120.0,120.0
2026-01-31,SVM201707000206,Hospital Gineco Obstetrico,-19.0453076497863,-65.2683837910934,activo,,9,100,2026-01-24,7,1620.0,9.0,6.0,100.0,60.0
2026-01-21,SWM201707000217,UNIVALLE,-19.0275370527067,-65.2595721297281,activo,,50,35,2025-12-19,33,9000.0,50.0,36.0,300.0,580.0
2026-01-27,SWM201707000217,UNIVALLE,-19.0275370527067,-65.2595721297281,activo,,20,20,2026-01-21,6,3600.0,20.0,6.0,120.0,260.0
2026-02-04,SWM201707000217,UNIVALLE,-19.0275370527067,-65.2595721297281,activo,,38,0,2026-01-27,8,6840.0,38.0,36.0,180.0,460.0
2026-01-10,SVM201707000201,HOSPITAL GASTROENTEROLOGICO,-19.045190671258,-65.2674982014533,activo,,41,40,2026-01-03,7,7380.0,41.0,36.0,200.0,500.0
2026-01-17,SVM201707000201,HOSPITAL GASTROENTEROLOGICO,-19.045190671258,-65.2674982014533,activo,,21,15,2026-01-10,7,3780.0,21.0,30.0,100.0,220.0
2026-01-24,SVM201707000201,HOSPITAL GASTROENTEROLOGICO,-19.045190671258,-65.2674982014533,activo,,46,0,2026-01-17,7,8280.0,46.0,12.0,180.0,700.0
2026-01-31,SVM201707000201,HOSPITAL GASTROENTEROLOGICO,-19.045190671258,-65.2674982014533,activo,,40,70,2026-01-24,7,7200.0,40.0,42.0,160.0,500.0
2026-01-14,SWM201707000210,Mercado San Antonio,-19.049135615241,-65.2411954847002,activo,,49,0,2025-12-31,14,8820.0,49.0,90.0,220.0,460.0
2026-01-22,LE-F303V-SCZ-W-B001,Mercado San Antonio,-19.049135615241,-65.2411954847002,activo,,31,60,2025-11-04,79,5580.0,31.0,48.0,260.0,200.0
2026-01-31,LE-F303V-SCZ-W-B001,Mercado San Antonio,-19.049135615241,-65.2411954847002,activo,,20,40,2026-01-22,9,3600.0,20.0,30.0,100.0,200.0
2026-01-26,Landao 02,Colegio Simón Rodríguez,-19.0512704063767,-65.2547187106909,activo,,14,95,2025-12-15,42,2520.0,14.0,48.0,40.0,80.0
2026-02-03,Landao 02,Colegio Simón Rodríguez,-19.0512704063767,-65.2547187106909,activo,,28,70,2026-01-26,8,5040.0,28.0,72.0,180.0,140.0
2026-01-07,Landao 03,Paseo La Plata Junin,-19.0443645069743,-65.2574916027398,activo,,16,60,,,2880.0,16.0,18.0,160.0,100.0
2026-01-16,Landao 03,Paseo La Plata Junin,-19.0443645069743,-65.2574916027398,activo,,11,45,2026-01-07,9,1980.0,11.0,18.0,60.0,100.0
2026-01-31,Landao 03,Paseo La Plata Junin,-19.0443645069743,-65.2574916027398,activo,,30,10,2026-01-16,15,5400.0,30.0,60.0,340.0,60.0
2026-01-01,SVM202211001658,KIOSCO Plaza 25 de Mayo,-19.0471495279682,-65.2595042474776,activo,,31,15,2025-12-31,1,5580.0,31.0,54.0,280.0,160.0
2026-01-05,SVM202211001658,KIOSCO Plaza 25 de Mayo,-19.0471495279682,-65.2595042474776,activo,,59,70,2026-01-01,4,10620.0,59.0,120.0,400.0,380.0
2026-01-10,SVM202211001658,KIOSCO Plaza 25 de Mayo,-19.0471495279682,-65.2595042474776,activo,,52,30,2026-01-05,5,9360.0,52.0,138.0,240.0,340.0
2026-01-14,SVM202211001658,KIOSCO Plaza 25 de Mayo,-19.0471495279682,-65.2595042474776,activo,,48,100,2026-01-10,4,8640.0,48.0,36.0,400.0,440.0
2026-01-19,SVM202211001658,KIOSCO Plaza 25 de Mayo,-19.0471495279682,-65.2595042474776,activo,,44,70,2026-01-14,5,7920.0,44.0,108.0,260.0,260.0
2026-01-22,SVM202211001658,KIOSCO Plaza 25 de Mayo,-19.0471495279682,-65.2595042474776,activo,,53,40,2026-01-19,3,9540.0,53.0,96.0,400.0,340.0
2026-01-26,SVM202211001658,KIOSCO Plaza 25 de Mayo,-19.0471495279682,-65.2595042474776,activo,,54,8,2026-01-22,4,9720.0,54.0,102.0,380.0,360.0
2026-01-30,SVM202211001658,KIOSCO Plaza 25 de Mayo,-19.0471495279682,-65.2595042474776,activo,,52,65,2026-01-26,4,9360.0,52.0,78.0,400.0,380.0
2026-01-03,SVM202211001653,Aeropuerto Alcantari,-19.2465508193052,-65.1511204662652,activo,,33,50,2025-12-29,5,5940.0,33.0,48.0,280.0,220.0
2026-01-08,SVM202211001653,Aeropuerto Alcantari,-19.2465508193052,-65.1511204662652,activo,,55,15,2026-01-03,5,9900.0,55.0,96.0,220.0,560.0
2026-01-10,SVM202211001653,Aeropuerto Alcantari,-19.2465508193052,-65.1511204662652,activo,,16,100,2026-01-08,2,2880.0,16.0,24.0,40.0,200.0
2026-01-14,SVM202211001653,Aeropuerto Alcantari,-19.2465508193052,-65.1511204662652,activo,,57,55,2026-01-10,4,10260.0,57.0,96.0,420.0,400.0
2026-01-19,SVM202211001653,Aeropuerto Alcantari,-19.2465508193052,-65.1511204662652,activo,,44,25,2026-01-14,5,7920.0,44.0,66.0,240.0,420.0
2026-01-23,SVM202211001653,Aeropuerto Alcantari,-19.2465508193052,-65.1511204662652,activo,,27,100,2026-01-19,4,4860.0,27.0,72.0,60.0,240.0
2026-02-02,SVM202211001653,Aeropuerto Alcantari,-19.2465508193052,-65.1511204662652,activo,,50,60,2026-01-23,10,9000.0,50.0,72.0,260.0,500.0
2026-01-07,SVM202211001655,Universidad Domingo Savio,-19.0580255891264,-65.2546129469163,activo,,17,65,2025-12-22,16,3060.0,17.0,48.0,60.0,120.0
2026-01-16,SVM202211001655,Universidad Domingo Savio,-19.0580255891264,-65.2546129469163,activo,,36,40,2026-01-07,9,6480.0,36.0,84.0,280.0,160.0
2026-01-22,SVM202211001655,Universidad Domingo Savio,-19.0580255891264,-65.2546129469163,activo,,28,15,2026-01-16,6,5040.0,28.0,66.0,200.0,140.0
2026-01-27,SVM202211001655,Universidad Domingo Savio,-19.0580255891264,-65.2546129469163,activo,,22,100,2026-01-22,5,3960.0,22.0,42.0,120.0,180.0
2026-02-03,SVM202211001655,Universidad Domingo Savio,-19.0580255891264,-65.2546129469163,activo,,20,90,2026-01-27,7,3600.0,20.0,36.0,220.0,60.0
2026-01-05,SVM202211001657,German Mendoza,-19.0463265298455,-65.2468603175002,activo,,47,100,2025-12-30,6,8460.0,47.0,72.0,320.0,380.0
2026-01-13,SVM202211001657,German Mendoza,-19.0463265298455,-65.2468603175002,activo,,41,70,2026-01-05,8,7380.0,41.0,42.0,340.0,340.0
2026-01-19,SVM202211001657,German Mendoza,-19.0463265298455,-65.2468603175002,activo,,58,5,2026-01-13,6,10440.0,58.0,78.0,380.0,520.0
2026-01-23,SVM202211001657,German Mendoza,-19.0463265298455,-65.2468603175002,activo,,29,90,2026-01-19,4,5220.0,29.0,24.0,220.0,280.0
2026-01-26,SVM202211001657,German Mendoza,-19.0463265298455,-65.2468603175002,activo,,18,75,2026-01-23,3,3240.0,18.0,42.0,80.0,140.0
2026-02-03,SVM202211001657,German Mendoza,-19.0463265298455,-65.2468603175002,activo,,37,45,2026-01-26,8,6660.0,37.0,72.0,240.0,260.0
2026-01-12,SVM202211001656,Av. Del Maestro,-19.0363518875073,-65.2587671278803,activo,,45,15,2025-12-30,13,8100.0,45.0,150.0,340.0,60.0
2026-01-20,SVM202211001656,Av. Del Maestro,-19.0363518875073,-65.2587671278803,activo,,18,0,2026-01-12,8,3240.0,18.0,48.0,140.0,60.0
2026-01-27,SVM202211001656,Av. Del Maestro,-19.0363518875073,-65.2587671278803,activo,,21,90,2026-01-20,7,3780.0,21.0,66.0,60.0,140.0
2026-02-04,SVM202211001656,Av. Del Maestro,-19.0363518875073,-65.2587671278803,activo,,18,80,2026-01-27,8,3240.0,18.0,66.0,40.0,100.0
2026-01-12,SVM202211001652,Calle Padilla esq. Camargo,-19.0490617942092,-65.2533703836111,activo,,24,95,2025-12-30,13,4320.0,24.0,72.0,100.0,140.0
2026-01-20,SVM202211001652,Calle Padilla esq. Camargo,-19.0490617942092,-65.2533703836111,activo,,25,87,2026-01-12,8,4500.0,25.0,54.0,180.0,140.0
2026-01-28,SVM202211001652,Calle Padilla esq. Camargo,-19.0490617942092,-65.2533703836111,activo,,28,52,2026-01-20,8,5040.0,28.0,54.0,80.0,300.0
2026-01-03,SVM202211001659,Destacamento 130,-19.039540806628,-65.2532119088436,activo,,27,48,2025-12-30,4,4860.0,27.0,54.0,200.0,160.0
2026-01-11,SVM202211001659,Destacamento 130,-19.039540806628,-65.2532119088436,activo,,42,10,2026-01-03,8,7560.0,42.0,78.0,240.0,340.0
2026-01-18,SVM202211001659,Destacamento 130,-19.039540806628,-65.2532119088436,activo,,56,65,2026-01-11,7,10080.0,56.0,126.0,420.0,280.0
2026-01-24,SVM202211001659,Destacamento 130,-19.039540806628,-65.2532119088436,activo,,26,52,2026-01-18,6,4680.0,26.0,36.0,200.0,200.0
2026-02-01,SVM202211001659,Destacamento 130,-19.039540806628,-65.2532119088436,activo,,46,10,2026-01-24,8,8280.0,46.0,78.0,240.0,420.0
2026-01-03,SVM202211001654,COLON,-19.0477983440613,-65.2645083500505,activo,,35,45,2025-12-29,5,6300.0,35.0,60.0,240.0,260.0
2026-01-11,SVM202211001654,COLON,-19.0477983440613,-65.2645083500505,activo,,48,5,2026-01-03,8,8640.0,48.0,90.0,340.0,320.0
2026-01-18,SVM202211001654,COLON,-19.0477983440613,-65.2645083500505,activo,,65,55,2026-01-11,7,11700.0,65.0,84.0,560.0,460.0
2026-01-24,SVM202211001654,COLON,-19.0477983440613,-65.2645083500505,activo,,34,28,2026-01-18,6,6120.0,34.0,90.0,200.0,180.0
2026-02-01,SVM202211001654,COLON,-19.0477983440613,-65.2645083500505,activo,,40,3,2026-01-24,8,7200.0,40.0,102.0,160.0,300.0
2026-01-10,SVM202211001651,Cristo de las Américas,-19.0450551068471,-65.2687865487641,activo,,42,45,2026-01-03,7,7560.0,42.0,60.0,260.0,380.0
2026-01-17,SVM202211001651,Cristo de las Américas,-19.0450551068471,-65.2687865487641,activo,,35,8,2026-01-10,7,6300.0,35.0,36.0,360.0,220.0
2026-01-24,SVM202211001651,Cristo de las Américas,-19.0450551068471,-65.2687865487641,activo,,61,85,2026-01-17,7,10980.0,61.0,84.0,140.0,800.0
2026-01-31,SVM202211001651,Cristo de las Américas,-19.0450551068471,-65.2687865487641,activo,,25,65,2026-01-24,7,4500.0,25.0,48.0,140.0,200.0
2026-01-07,SVM202211001650,DTTO. 317 REFISUR,-19.0430793002952,-65.2486946942275,activo,,29,3,2025-12-31,7,5220.0,29.0,54.0,240.0,160.0
2026-01-13,SVM202211001650,DTTO. 317 REFISUR,-19.0430793002952,-65.2486946942275,activo,,27,90,2026-01-07,6,4860.0,27.0,30.0,220.0,220.0
2026-01-26,SVM202211001650,DTTO. 317 REFISUR,-19.0430793002952,-65.2486946942275,activo,,41,55,2026-01-13,13,7380.0,41.0,108.0,300.0,160.0
2026-01-30,SVM202211001650,DTTO. 317 REFISUR,-19.0430793002952,-65.2486946942275,activo,,12,50,2026-01-26,4,2160.0,12.0,36.0,60.0,60.0
2026-02-13,SVM201707000208,Planeta Kids,-19.0455714685946,-65.2574231604105,activo,,34,65,2026-01-31,13,6120.0,34.0,54.0,340.0,160.0
2026-02-21,SVM201707000208,Planeta Kids,-19.0455714685946,-65.2574231604105,activo,,11,52,2026-02-13,8,1980.0,11.0,30.0,20.0,100.0
2026-03-01,SVM201707000208,Planeta Kids,-19.0455714685946,-65.2574231604105,activo,,35,40,2026-02-21,8,6300.0,35.0,54.0,280.0,240.0
2026-02-07,SVM201707000206,Hospital Gineco Obstetrico,-19.0453076497863,-65.2683837910934,activo,,14,95,2026-01-31,7,2520.0,14.0,12.0,60.0,180.0
2026-02-14,SVM201707000206,Hospital Gineco Obstetrico,-19.0453076497863,-65.2683837910934,activo,,15,90,2026-02-07,7,2700.0,15.0,18.0,80.0,160.0
2026-02-21,SVM201707000206,Hospital Gineco Obstetrico,-19.0453076497863,-65.2683837910934,activo,,14,65,2026-02-14,7,2520.0,14.0,12.0,60.0,180.0
2026-02-28,SVM201707000206,Hospital Gineco Obstetrico,-19.0453076497863,-65.2683837910934,activo,,8,60,2026-02-21,7,1440.0,8.0,6.0,0.0,140.0
2026-02-12,SWM201707000217,UNIVALLE,-19.0275370527067,-65.2595721297281,activo,,21,90,2026-02-04,8,3780.0,21.0,30.0,100.0,220.0
2026-02-18,SWM201707000217,UNIVALLE,-19.0275370527067,-65.2595721297281,activo,,18,75,2026-02-12,6,3240.0,18.0,36.0,140.0,100.0
2026-02-26,SWM201707000217,UNIVALLE,-19.0275370527067,-65.2595721297281,activo,,28,50,2026-02-18,8,5040.0,28.0,36.0,240.0,200.0
2026-02-07,SVM201707000201,HOSPITAL GASTROENTEROLOGICO,-19.045190671258,-65.2674982014533,activo,,26,40,2026-01-31,7,4680.0,26.0,48.0,60.0,300.0
2026-02-14,SVM201707000201,HOSPITAL GASTROENTEROLOGICO,-19.045190671258,-65.2674982014533,activo,,32,98,2026-02-07,7,5760.0,32.0,66.0,100.0,320.0
2026-02-21,SVM201707000201,HOSPITAL GASTROENTEROLOGICO,-19.045190671258,-65.2674982014533,activo,,27,80,2026-02-14,7,4860.0,27.0,30.0,100.0,340.0
2026-02-28,SVM201707000201,HOSPITAL GASTROENTEROLOGICO,-19.045190671258,-65.2674982014533,activo,,18,70,2026-02-21,7,3240.0,18.0,18.0,20.0,280.0
2026-02-10,LE-F303V-SCZ-W-B001,Mercado San Antonio,-19.049135615241,-65.2411954847002,activo,,21,30,2026-01-31,10,3780.0,21.0,30.0,140.0,180.0
2026-02-17,LE-F303V-SCZ-W-B001,Mercado San Antonio,-19.049135615241,-65.2411954847002,activo,,17,5,2026-02-10,7,3060.0,17.0,30.0,100.0,140.0
2026-02-25,LE-F303V-SCZ-W-B001,Mercado San Antonio,-19.049135615241,-65.2411954847002,activo,,14,98,2026-02-17,8,2520.0,14.0,18.0,20.0,200.0
2026-02-07,Landao 02,Colegio Simón Rodríguez,-19.0512704063767,-65.2547187106909,activo,,31,40,2026-02-03,4,5580.0,31.0,60.0,160.0,260.0
2026-02-10,Landao 02,Colegio Simón Rodríguez,-19.0512704063767,-65.2547187106909,activo,,8,30,2026-02-07,3,1440.0,8.0,18.0,80.0,20.0
2026-02-18,Landao 02,Colegio Simón Rodríguez,-19.0512704063767,-65.2547187106909,activo,,14,25,2026-02-10,8,2520.0,14.0,30.0,80.0,100.0
2026-02-25,Landao 02,Colegio Simón Rodríguez,-19.0512704063767,-65.2547187106909,activo,,36,95,2026-02-18,7,6480.0,36.0,66.0,340.0,160.0
2026-02-10,Landao 03,Paseo La Plata Junin,-19.0443645069743,-65.2574916027398,activo,,16,95,2026-01-31,10,2880.0,16.0,42.0,80.0,100.0
2026-02-25,Landao 03,Paseo La Plata Junin,-19.0443645069743,-65.2574916027398,activo,,15,70,2026-02-10,15,2700.0,15.0,24.0,100.0,120.0
2026-02-03,SVM202211001658,KIOSCO Plaza 25 de Mayo,-19.0471495279682,-65.2595042474776,activo,,36,40,2026-01-30,4,6480.0,36.0,60.0,220.0,300.0
2026-02-08,SVM202211001658,KIOSCO Plaza 25 de Mayo,-19.0471495279682,-65.2595042474776,activo,,28,95,2026-02-03,5,5040.0,28.0,48.0,160.0,240.0
2026-02-14,SVM202211001658,KIOSCO Plaza 25 de Mayo,-19.0471495279682,-65.2595042474776,activo,,35,70,2026-02-08,6,6300.0,35.0,90.0,180.0,220.0
2026-02-18,SVM202211001658,KIOSCO Plaza 25 de Mayo,-19.0471495279682,-65.2595042474776,activo,,36,45,2026-02-14,4,6480.0,36.0,84.0,180.0,260.0
2026-02-24,SVM202211001658,KIOSCO Plaza 25 de Mayo,-19.0471495279682,-65.2595042474776,activo,,56,17,2026-02-18,6,10080.0,56.0,120.0,380.0,340.0
2026-03-02,SVM202211001658,KIOSCO Plaza 25 de Mayo,-19.0471495279682,-65.2595042474776,activo,,54,70,2026-02-24,6,9720.0,54.0,102.0,420.0,320.0
2026-02-13,SVM202211001653,Aeropuerto Alcantari,-19.2465508193052,-65.1511204662652,activo,,52,25,2026-02-02,11,9360.0,52.0,108.0,400.0,280.0
2026-02-18,SVM202211001653,Aeropuerto Alcantari,-19.2465508193052,-65.1511204662652,activo,,25,100,2026-02-13,5,4500.0,25.0,36.0,120.0,260.0
2026-02-26,SVM202211001653,Aeropuerto Alcantari,-19.2465508193052,-65.1511204662652,activo,,61,60,2026-02-18,8,10980.0,61.0,150.0,200.0,520.0
2026-02-13,SVM202211001655,Universidad Domingo Savio,-19.0580255891264,-65.2546129469163,activo,,43,55,2026-02-03,10,7740.0,43.0,120.0,260.0,200.0
2026-02-25,SVM202211001655,Universidad Domingo Savio,-19.0580255891264,-65.2546129469163,activo,,63,3,2026-02-13,12,11340.0,63.0,174.0,400.0,280.0
2026-03-04,SVM202211001655,Universidad Domingo Savio,-19.0580255891264,-65.2546129469163,activo,,60,60,2026-02-25,7,10800.0,60.0,132.0,480.0,280.0
2026-02-10,SVM202211001657,German Mendoza,-19.0463265298455,-65.2468603175002,activo,,26,90,2026-02-03,7,4680.0,26.0,60.0,80.0,240.0
2026-02-17,SVM202211001657,German Mendoza,-19.0463265298455,-65.2468603175002,activo,,31,55,2026-02-10,7,5580.0,31.0,36.0,140.0,360.0
2026-02-25,SVM202211001657,German Mendoza,-19.0463265298455,-65.2468603175002,activo,,38,35,2026-02-17,8,6840.0,38.0,42.0,280.0,340.0
2026-03-04,SVM202211001657,German Mendoza,-19.0463265298455,-65.2468603175002,activo,,48,95,2026-02-25,7,8640.0,48.0,138.0,260.0,240.0
2026-02-12,SVM202211001656,Av. Del Maestro,-19.0363518875073,-65.2587671278803,activo,,17,60,2026-02-04,8,3060.0,17.0,54.0,80.0,80.0
2026-02-20,SVM202211001656,Av. Del Maestro,-19.0363518875073,-65.2587671278803,activo,,20,48,2026-02-12,8,3600.0,20.0,48.0,160.0,80.0
2026-02-26,SVM202211001656,Av. Del Maestro,-19.0363518875073,-65.2587671278803,activo,,15,30,2026-02-20,6,2700.0,15.0,42.0,60.0,100.0
2026-02-06,SVM202211001652,Calle Padilla esq. Camargo,-19.0490617942092,-65.2533703836111,activo,,19,42,2026-01-28,9,3420.0,19.0,72.0,20.0,120.0
2026-02-12,SVM202211001652,Calle Padilla esq. Camargo,-19.0490617942092,-65.2533703836111,activo,,13,38,2026-02-06,6,2340.0,13.0,12.0,120.0,100.0
2026-02-19,SVM202211001652,Calle Padilla esq. Camargo,-19.0490617942092,-65.2533703836111,activo,,21,20,2026-02-12,7,3780.0,21.0,60.0,100.0,120.0
2026-02-25,SVM202211001652,Calle Padilla esq. Camargo,-19.0490617942092,-65.2533703836111,activo,,16,4,2026-02-19,6,2880.0,16.0,0.0,200.0,120.0
2026-02-09,SVM202211001659,Destacamento 130,-19.039540806628,-65.2532119088436,activo,,33,95,2026-02-01,8,5940.0,33.0,60.0,120.0,340.0
2026-02-20,SVM202211001659,Destacamento 130,-19.039540806628,-65.2532119088436,activo,,64,48,2026-02-09,11,11520.0,64.0,84.0,360.0,640.0
2026-02-26,SVM202211001659,Destacamento 130,-19.039540806628,-65.2532119088436,activo,,29,22,2026-02-20,6,5220.0,29.0,24.0,280.0,220.0
2026-02-09,SVM202211001654,COLON,-19.0477983440613,-65.2645083500505,activo,,34,80,2026-02-01,8,6120.0,34.0,72.0,160.0,280.0
2026-02-19,SVM202211001654,COLON,-19.0477983440613,-65.2645083500505,activo,,50,40,2026-02-09,10,9000.0,50.0,108.0,260.0,380.0
2026-02-25,SVM202211001654,COLON,-19.0477983440613,-65.2645083500505,activo,,31,10,2026-02-19,6,5580.0,31.0,42.0,60.0,420.0
2026-02-07,SVM202211001651,Cristo de las Américas,-19.0450551068471,-65.2687865487641,activo,,32,15,2026-01-31,7,5760.0,32.0,78.0,160.0,220.0
2026-02-14,SVM202211001651,Cristo de las Américas,-19.0450551068471,-65.2687865487641,activo,,34,100,2026-02-07,7,6120.0,34.0,36.0,160.0,400.0
2026-02-21,SVM202211001651,Cristo de las Américas,-19.0450551068471,-65.2687865487641,activo,,35,85,2026-02-14,7,6300.0,35.0,30.0,280.0,320.0
2026-02-28,SVM202211001651,Cristo de las Américas,-19.0450551068471,-65.2687865487641,activo,,45,15,2026-02-21,7,8100.0,45.0,54.0,360.0,360.0
2026-04-09,SVM201707000208,Planeta Kids,-19.0455714685946,-65.2574231604105,activo,,11,90,2026-03-01,39,1980.0,11.0,30.0,100.0,20.0
2026-04-17,SVM201707000208,Planeta Kids,-19.0455714685946,-65.2574231604105,activo,,44,50,2026-04-09,8,7920.0,44.0,48.0,460.0,260.0
2026-04-25,SVM201707000208,Planeta Kids,-19.0455714685946,-65.2574231604105,activo,,10,45,2026-04-17,8,1800.0,10.0,24.0,40.0,80.0
2026-05-04,SVM201707000208,Planeta Kids,-19.0455714685946,-65.2574231604105,activo,,33,20,2026-04-25,9,5940.0,33.0,42.0,340.0,180.0
2026-04-04,SVM201707000206,Hospital Gineco Obstetrico,-19.0453076497863,-65.2683837910934,activo,,17,80.0,2026-02-28,35,3060.0,17.0,18.0,80.0,200.0
2026-04-11,SVM201707000206,Hospital Gineco Obstetrico,-19.0453076497863,-65.2683837910934,activo,,22,50.0,2026-04-04,7,3960.0,22.0,6.0,40.0,380.0
2026-04-18,SVM201707000206,Hospital Gineco Obstetrico,-19.0453076497863,-65.2683837910934,activo,,19,30.0,2026-04-11,7,3420.0,19.0,0.0,20.0,360.0
2026-04-25,SVM201707000206,Hospital Gineco Obstetrico,-19.0453076497863,-65.2683837910934,activo,,21,10.0,2026-04-18,7,3780.0,21.0,12.0,40.0,340.0
2026-05-02,SVM201707000206,Hospital Gineco Obstetrico,-19.0453076497863,-65.2683837910934,activo,,23,100.0,2026-04-25,7,4140.0,23.0,12.0,200.0,220.0
2026-04-10,SWM201707000217,UNIVALLE,-19.0275370527067,-65.2595721297281,activo,,12,60,2026-02-26,43,2160.0,12.0,30.0,120.0,20.0
2026-04-17,SWM201707000217,UNIVALLE,-19.0275370527067,-65.2595721297281,activo,,10,55,2026-04-10,7,1800.0,10.0,12.0,40.0,120.0
2026-04-24,SWM201707000217,UNIVALLE,-19.0275370527067,-65.2595721297281,activo,,18,45,2026-04-17,7,3240.0,18.0,12.0,120.0,200.0
2026-04-30,SWM201707000217,UNIVALLE,-19.0275370527067,-65.2595721297281,activo,,9,40,2026-04-24,6,1620.0,9.0,0.0,20.0,160.0
2026-04-04,SVM201707000201,HOSPITAL GASTROENTEROLOGICO,-19.045190671258,-65.2674982014533,activo,,26,75.0,2026-02-28,35,4680.0,26.0,0.0,100.0,420.0
2026-04-11,SVM201707000201,HOSPITAL GASTROENTEROLOGICO,-19.045190671258,-65.2674982014533,activo,,17,50.0,2026-04-04,7,3060.0,17.0,18.0,80.0,200.0
2026-04-18,SVM201707000201,HOSPITAL GASTROENTEROLOGICO,-19.045190671258,-65.2674982014533,activo,,30,8.0,2026-04-11,7,5400.0,30.0,42.0,180.0,280.0
2026-04-25,SVM201707000201,HOSPITAL GASTROENTEROLOGICO,-19.045190671258,-65.2674982014533,activo,,15,100.0,2026-04-18,7,2700.0,15.0,6.0,40.0,240.0
2026-05-02,SVM201707000201,HOSPITAL GASTROENTEROLOGICO,-19.045190671258,-65.2674982014533,activo,,16,90.0,2026-04-25,7,2880.0,16.0,0.0,180.0,140.0
2026-04-14,LE-F303V-SCZ-W-B001,Mercado San Antonio,-19.049135615241,-65.2411954847002,activo,,15,25,2026-02-25,48,2700.0,15.0,30.0,40.0,160.0
2026-04-22,LE-F303V-SCZ-W-B001,Mercado San Antonio,-19.049135615241,-65.2411954847002,activo,,7,95,2026-04-14,8,1260.0,7.0,6.0,60.0,60.0
2026-04-28,LE-F303V-SCZ-W-B001,Mercado San Antonio,-19.049135615241,-65.2411954847002,activo,,13,90,2026-04-22,6,2340.0,13.0,18.0,100.0,100.0
2026-04-13,Landao 02,Colegio Simón Rodríguez,-19.0512704063767,-65.2547187106909,activo,,21,90,2026-02-25,47,3780.0,21.0,54.0,140.0,100.0
2026-04-22,Landao 02,Colegio Simón Rodríguez,-19.0512704063767,-65.2547187106909,activo,,26,65,2026-04-13,9,4680.0,26.0,42.0,140.0,240.0
2026-04-27,Landao 02,Colegio Simón Rodríguez,-19.0512704063767,-65.2547187106909,activo,,6,60,2026-04-22,5,1080.0,6.0,18.0,0.0,60.0
2026-04-09,Landao 03,Paseo La Plata Junin,-19.0443645069743,-65.2574916027398,activo,,16,90,2026-02-25,43,2880.0,16.0,42.0,120.0,60.0
2026-04-17,Landao 03,Paseo La Plata Junin,-19.0443645069743,-65.2574916027398,activo,,7,75,2026-04-09,8,1260.0,7.0,18.0,20.0,60.0
2026-04-25,Landao 03,Paseo La Plata Junin,-19.0443645069743,-65.2574916027398,activo,,15,65,2026-04-17,8,2700.0,15.0,24.0,100.0,120.0
2026-05-05,Landao 03,Paseo La Plata Junin,-19.0443645069743,-65.2574916027398,activo,,13,55,2026-04-25,10,2340.0,13.0,36.0,40.0,100.0
2026-04-09,SVM202211001658,KIOSCO Plaza 25 de Mayo,-19.0471495279682,-65.2595042474776,activo,,97,20,2026-03-02,38,17460.0,97.0,246.0,700.0,420.0
2026-04-13,SVM202211001658,KIOSCO Plaza 25 de Mayo,-19.0471495279682,-65.2595042474776,activo,,39,95,2026-04-09,4,7020.0,39.0,84.0,160.0,340.0
2026-04-17,SVM202211001658,KIOSCO Plaza 25 de Mayo,-19.0471495279682,-65.2595042474776,activo,,38,65,2026-04-13,4,6840.0,38.0,132.0,160.0,160.0
2026-04-22,SVM202211001658,KIOSCO Plaza 25 de Mayo,-19.0471495279682,-65.2595042474776,activo,,47,30,2026-04-17,5,8460.0,47.0,132.0,200.0,300.0
2026-04-26,SVM202211001658,KIOSCO Plaza 25 de Mayo,-19.0471495279682,-65.2595042474776,activo,,50,100,2026-04-22,4,9000.0,50.0,132.0,360.0,200.0
2026-05-03,SVM202211001658,KIOSCO Plaza 25 de Mayo,-19.0471495279682,-65.2595042474776,activo,,60,50,2026-04-26,7,10800.0,60.0,120.0,460.0,340.0
2026-04-10,SVM202211001653,Aeropuerto Alcantari,-19.2465508193052,-65.1511204662652,activo,,35,80,2026-02-26,43,6300.0,35.0,72.0,160.0,300.0
2026-04-17,SVM202211001653,Aeropuerto Alcantari,-19.2465508193052,-65.1511204662652,activo,,28,50,2026-04-10,7,5040.0,28.0,42.0,100.0,320.0
2026-04-24,SVM202211001653,Aeropuerto Alcantari,-19.2465508193052,-65.1511204662652,activo,,33,30,2026-04-17,7,5940.0,33.0,48.0,260.0,240.0
2026-05-04,SVM202211001653,Aeropuerto Alcantari,-19.2465508193052,-65.1511204662652,activo,,41,100,2026-04-24,10,7380.0,41.0,60.0,260.0,360.0
2026-04-07,SVM202211001655,Universidad Domingo Savio,-19.0580255891264,-65.2546129469163,activo,,17,35,2026-03-04,34,3060.0,17.0,30.0,140.0,100.0
2026-04-13,SVM202211001655,Universidad Domingo Savio,-19.0580255891264,-65.2546129469163,activo,,33,3,2026-04-07,6,5940.0,33.0,84.0,300.0,80.0
2026-04-20,SVM202211001655,Universidad Domingo Savio,-19.0580255891264,-65.2546129469163,activo,,35,,2026-04-13,7,6300.0,35.0,120.0,180.0,120.0
2026-04-27,SVM202211001655,Universidad Domingo Savio,-19.0580255891264,-65.2546129469163,activo,,52,35,2026-04-20,7,9360.0,52.0,66.0,560.0,260.0
2026-04-10,SVM202211001657,German Mendoza,-19.0463265298455,-65.2468603175002,activo,,27,55,2026-03-04,37,4860.0,27.0,78.0,40.0,240.0
2026-04-20,SVM202211001657,German Mendoza,-19.0463265298455,-65.2468603175002,activo,,50,30,2026-04-10,10,9000.0,50.0,126.0,220.0,360.0
2026-04-27,SVM202211001657,German Mendoza,-19.0463265298455,-65.2468603175002,activo,,22,100,2026-04-20,7,3960.0,22.0,30.0,140.0,200.0
2026-05-05,SVM202211001657,German Mendoza,-19.0463265298455,-65.2468603175002,activo,,26,80,2026-04-27,8,4680.0,26.0,42.0,100.0,280.0
2026-04-10,SVM202211001656,Av. Del Maestro,-19.0363518875073,-65.2587671278803,activo,,17,50.0,2026-02-26,43,3060.0,17.0,48.0,120.0,60.0
2026-04-17,SVM202211001656,Av. Del Maestro,-19.0363518875073,-65.2587671278803,activo,,22,30.0,2026-04-10,7,3960.0,22.0,90.0,80.0,60.0
2026-04-24,SVM202211001656,Av. Del Maestro,-19.0363518875073,-65.2587671278803,activo,,21,10.0,2026-04-17,7,3780.0,21.0,78.0,80.0,80.0
2026-04-30,SVM202211001656,Av. Del Maestro,-19.0363518875073,-65.2587671278803,activo,,13,4.0,2026-04-24,6,2340.0,13.0,42.0,60.0,60.0
2026-04-08,SVM202211001652,Calle Padilla esq. Camargo,-19.0490617942092,-65.2533703836111,activo,,25,12.0,2026-02-25,42,4500.0,25.0,42.0,200.0,160.0
2026-04-15,SVM202211001652,Calle Padilla esq. Camargo,-19.0490617942092,-65.2533703836111,activo,,22,98.0,2026-04-08,7,3960.0,22.0,42.0,100.0,200.0
2026-04-22,SVM202211001652,Calle Padilla esq. Camargo,-19.0490617942092,-65.2533703836111,activo,,22,85.0,2026-04-15,7,3960.0,22.0,60.0,140.0,100.0
2026-04-29,SVM202211001652,Calle Padilla esq. Camargo,-19.0490617942092,-65.2533703836111,activo,,22,70.0,2026-04-22,7,3960.0,22.0,60.0,60.0,180.0
2026-04-10,SVM202211001659,Destacamento 130,-19.039540806628,-65.2532119088436,activo,,19,98.0,2026-02-26,43,3420.0,19.0,30.0,80.0,200.0
2026-04-17,SVM202211001659,Destacamento 130,-19.039540806628,-65.2532119088436,activo,,34,65.0,2026-04-10,7,6120.0,34.0,72.0,240.0,200.0
2026-04-24,SVM202211001659,Destacamento 130,-19.039540806628,-65.2532119088436,activo,,26,50.0,2026-04-17,7,4680.0,26.0,42.0,260.0,120.0
2026-04-30,SVM202211001659,Destacamento 130,-19.039540806628,-65.2532119088436,activo,,23,35.0,2026-04-24,6,4140.0,23.0,48.0,280.0,20.0
2026-04-08,SVM202211001654,COLON,-19.0477983440613,-65.2645083500505,activo,,27,90.0,2026-02-25,42,4860.0,27.0,54.0,160.0,200.0
2026-04-15,SVM202211001654,COLON,-19.0477983440613,-65.2645083500505,activo,,26,55.0,2026-04-08,7,4680.0,26.0,48.0,220.0,140.0
2026-04-22,SVM202211001654,COLON,-19.0477983440613,-65.2645083500505,activo,,38,30.0,2026-04-15,7,6840.0,38.0,60.0,400.0,160.0
2026-04-29,SVM202211001654,COLON,-19.0477983440613,-65.2645083500505,activo,,43,100.0,2026-04-22,7,7740.0,43.0,66.0,280.0,360.0
2026-04-04,SVM202211001650,Cristo de las Américas,-19.0450551068471,-65.2687865487641,activo,,10,10.0,2026-01-30,64,1800.0,10.0,12.0,120.0,40.0
2026-04-11,SVM202211001650,Cristo de las Américas,-19.0450551068471,-65.2687865487641,activo,,18,2.0,2026-04-04,7,3240.0,18.0,30.0,100.0,160.0
2026-04-18,SVM202211001650,Cristo de las Américas,-19.0450551068471,-65.2687865487641,activo,,17,100.0,2026-04-11,7,3060.0,17.0,18.0,140.0,140.0
2026-04-25,SVM202211001650,Cristo de las Américas,-19.0450551068471,-65.2687865487641,activo,,16,90.0,2026-04-18,7,2880.0,16.0,12.0,200.0,80.0
2026-05-02,SVM202211001650,Cristo de las Américas,-19.0450551068471,-65.2687865487641,activo,,50,40.0,2026-04-25,7,9000.0,50.0,66.0,260.0,520.0
2026-05-18,SVM201707000208,Planeta Kids,-19.0455714685946,-65.2574231604105,activo,,33,2,2026-05-04,14,5940.0,33.0,66.0,260.0,180.0
2026-05-28,SVM201707000208,Planeta Kids,-19.0455714685946,-65.2574231604105,activo,,26,80,2026-05-18,10,4680.0,26.0,30.0,240.0,180.0
2026-06-02,SVM201707000208,Planeta Kids,-19.0455714685946,-65.2574231604105,activo,,15,70,2026-05-28,5,2700.0,15.0,24.0,120.0,100.0
2026-05-09,SVM201707000206,Hospital Gineco Obstetrico,-19.0453076497863,-65.2683837910934,activo,,22,90,2026-05-02,7,3960.0,22.0,12.0,140.0,260.0
2026-05-16,SVM201707000206,Hospital Gineco Obstetrico,-19.0453076497863,-65.2683837910934,activo,,11,70,2026-05-09,7,1980.0,11.0,6.0,0.0,200.0
2026-05-22,SVM201707000206,Hospital Gineco Obstetrico,-19.0453076497863,-65.2683837910934,activo,,18,55,2026-05-16,6,3240.0,18.0,18.0,60.0,240.0
2026-05-30,SVM201707000206,Hospital Gineco Obstetrico,-19.0453076497863,-65.2683837910934,activo,,29,40,2026-05-22,8,5220.0,29.0,36.0,60.0,400.0
2026-05-08,SWM201707000217,UNIVALLE,-19.0275370527067,-65.2595721297281,activo,,10,25,2026-04-30,8,1800.0,10.0,6.0,60.0,120.0
2026-05-15,SWM201707000217,UNIVALLE,-19.0275370527067,-65.2595721297281,activo,,12,18,2026-05-08,7,2160.0,12.0,24.0,120.0,40.0
2026-05-22,SWM201707000217,UNIVALLE,-19.0275370527067,-65.2595721297281,activo,,24,5,2026-05-15,7,4320.0,24.0,12.0,180.0,260.0
2026-05-29,SWM201707000217,UNIVALLE,-19.0275370527067,-65.2595721297281,activo,,10,96,2026-05-22,7,1800.0,10.0,0.0,80.0,120.0
2026-05-09,SVM201707000201,HOSPITAL GASTROENTEROLOGICO,-19.045190671258,-65.2674982014533,activo,,23,65,2026-05-02,7,4140.0,23.0,18.0,160.0,240.0
2026-05-16,SVM201707000201,HOSPITAL GASTROENTEROLOGICO,-19.045190671258,-65.2674982014533,activo,,12,55,2026-05-09,7,2160.0,12.0,24.0,100.0,60.0
2026-05-22,SVM201707000201,HOSPITAL GASTROENTEROLOGICO,-19.045190671258,-65.2674982014533,activo,,24,40,2026-05-16,6,4320.0,24.0,30.0,120.0,260.0
2026-05-30,SVM201707000201,HOSPITAL GASTROENTEROLOGICO,-19.045190671258,-65.2674982014533,activo,,25,20,2026-05-22,8,4500.0,25.0,36.0,220.0,160.0
2026-05-05,LE-F303V-SCZ-W-B001,Mercado San Antonio,-19.049135615241,-65.2411954847002,activo,,13,80,2026-04-28,7,2340.0,13.0,12.0,140.0,80.0
2026-05-14,LE-F303V-SCZ-W-B001,Mercado San Antonio,-19.049135615241,-65.2411954847002,activo,,12,75,2026-05-05,9,2160.0,12.0,18.0,80.0,100.0
2026-05-19,LE-F303V-SCZ-W-B001,Mercado San Antonio,-19.049135615241,-65.2411954847002,activo,,13,55,2026-05-14,5,2340.0,13.0,36.0,80.0,60.0
2026-05-27,LE-F303V-SCZ-W-B001,Mercado San Antonio,-19.049135615241,-65.2411954847002,activo,,17,40,2026-05-19,8,3060.0,17.0,30.0,160.0,80.0
2026-06-01,LE-F303V-SCZ-W-B001,Mercado San Antonio,-19.049135615241,-65.2411954847002,activo,,17,20,2026-05-27,5,3060.0,17.0,6.0,140.0,180.0
2026-05-04,Landao 02,Colegio Simón Rodríguez,-19.0512704063767,-65.2547187106909,activo,,14,50,2026-04-27,7,2520.0,14.0,30.0,160.0,20.0
2026-05-18,Landao 02,Colegio Simón Rodríguez,-19.0512704063767,-65.2547187106909,activo,,48,10,2026-05-04,14,8640.0,48.0,84.0,440.0,240.0
2026-05-26,Landao 02,Colegio Simón Rodríguez,-19.0512704063767,-65.2547187106909,activo,,22,100,2026-05-18,8,3960.0,22.0,30.0,240.0,100.0
2026-06-02,Landao 02,Colegio Simón Rodríguez,-19.0512704063767,-65.2547187106909,activo,,22,80,2026-05-26,7,3960.0,22.0,24.0,260.0,100.0
2026-05-18,Landao 03,Paseo La Plata Junin,-19.0443645069743,-65.2574916027398,activo,,18,40,2026-05-05,13,3240.0,18.0,36.0,80.0,160.0
2026-05-26,Landao 03,Paseo La Plata Junin,-19.0443645069743,-65.2574916027398,activo,,7,20,2026-05-18,8,1260.0,7.0,6.0,40.0,80.0
2026-05-08,SVM202211001658,KIOSCO Plaza 25 de Mayo,-19.0471495279682,-65.2595042474776,activo,,40,30,2026-05-03,5,7200.0,40.0,120.0,200.0,200.0
2026-05-13,SVM202211001658,KIOSCO Plaza 25 de Mayo,-19.0471495279682,-65.2595042474776,activo,,40,100,2026-05-08,5,7200.0,40.0,60.0,420.0,180.0
2026-05-16,SVM202211001658,KIOSCO Plaza 25 de Mayo,-19.0471495279682,-65.2595042474776,activo,,46,60,2026-05-13,3,8280.0,46.0,78.0,480.0,180.0
2026-05-21,SVM202211001658,KIOSCO Plaza 25 de Mayo,-19.0471495279682,-65.2595042474776,activo,,41,25,2026-05-16,5,7380.0,41.0,90.0,300.0,220.0
2026-05-23,SVM202211001658,KIOSCO Plaza 25 de Mayo,-19.0471495279682,-65.2595042474776,activo,,35,100,2026-05-21,2,6300.0,35.0,66.0,260.0,220.0
2026-05-26,SVM202211001658,KIOSCO Plaza 25 de Mayo,-19.0471495279682,-65.2595042474776,activo,,21,95,2026-05-23,3,3780.0,21.0,24.0,120.0,220.0
2026-06-02,SVM202211001658,KIOSCO Plaza 25 de Mayo,-19.0471495279682,-65.2595042474776,activo,,66,40,2026-05-26,7,11880.0,66.0,132.0,440.0,440.0
2026-05-13,SVM202211001653,Aeropuerto Alcantari,-19.2465508193052,-65.1511204662652,activo,,58,55,2026-05-04,9,10440.0,58.0,150.0,280.0,380.0
2026-05-20,SVM202211001653,Aeropuerto Alcantari,-19.2465508193052,-65.1511204662652,activo,,38,30,2026-05-13,7,6840.0,38.0,108.0,220.0,180.0
2026-05-26,SVM202211001653,Aeropuerto Alcantari,-19.2465508193052,-65.1511204662652,activo,,47,100,2026-05-20,6,8460.0,47.0,114.0,160.0,400.0
2026-06-02,SVM202211001653,Aeropuerto Alcantari,-19.2465508193052,-65.1511204662652,activo,,42,65,2026-05-26,7,7560.0,42.0,54.0,320.0,340.0
2026-05-04,SVM202211001655,Universidad Domingo Savio,-19.0580255891264,-65.2546129469163,activo,,19,25,2026-04-27,7,3420.0,19.0,48.0,100.0,120.0
2026-05-11,SVM202211001655,Universidad Domingo Savio,-19.0580255891264,-65.2546129469163,activo,,11,100,2026-05-04,7,1980.0,11.0,36.0,40.0,60.0
2026-05-18,SVM202211001655,Universidad Domingo Savio,-19.0580255891264,-65.2546129469163,activo,,16,95,2026-05-11,7,2880.0,16.0,36.0,100.0,100.0
2026-05-28,SVM202211001655,Universidad Domingo Savio,-19.0580255891264,-65.2546129469163,activo,,37,55,2026-05-18,10,6660.0,37.0,42.0,320.0,280.0
2026-06-01,SVM202211001655,Universidad Domingo Savio,-19.0580255891264,-65.2546129469163,activo,,19,45,2026-05-28,4,3420.0,19.0,72.0,100.0,40.0
2026-05-11,SVM202211001657,German Mendoza,-19.0463265298455,-65.2468603175002,activo,,37,50,2026-05-05,6,6660.0,37.0,54.0,340.0,220.0
2026-05-19,SVM202211001657,German Mendoza,-19.0463265298455,-65.2468603175002,activo,,40,20,2026-05-11,8,7200.0,40.0,36.0,360.0,320.0
2026-05-26,SVM202211001657,German Mendoza,-19.0463265298455,-65.2468603175002,activo,,30,100,2026-05-19,7,5400.0,30.0,48.0,100.0,340.0
2026-06-02,SVM202211001657,German Mendoza,-19.0463265298455,-65.2468603175002,activo,,31,80,2026-05-26,7,5580.0,31.0,60.0,120.0,300.0
2026-05-08,SVM202211001656,Av. Del Maestro,-19.0363518875073,-65.2587671278803,activo,,7,100,2026-04-30,8,1260.0,7.0,24.0,40.0,20.0
2026-05-15,SVM202211001656,Av. Del Maestro,-19.0363518875073,-65.2587671278803,activo,,22,90,2026-05-08,7,3960.0,22.0,54.0,120.0,140.0
2026-05-22,SVM202211001656,Av. Del Maestro,-19.0363518875073,-65.2587671278803,activo,,9,85,2026-05-15,7,1620.0,9.0,18.0,120.0,0.0
2026-05-29,SVM202211001656,Av. Del Maestro,-19.0363518875073,-65.2587671278803,activo,,17,60,2026-05-22,7,3060.0,17.0,36.0,140.0,80.0
2026-05-06,SVM202211001652,Calle Padilla esq. Camargo,-19.0490617942092,-65.2533703836111,activo,,15,50,2026-04-29,7,2700.0,15.0,60.0,80.0,20.0
2026-05-13,SVM202211001652,Calle Padilla esq. Camargo,-19.0490617942092,-65.2533703836111,activo,,15,40,2026-05-06,7,2700.0,15.0,42.0,160.0,0.0
2026-05-20,SVM202211001652,Calle Padilla esq. Camargo,-19.0490617942092,-65.2533703836111,activo,,24,15,2026-05-13,7,4320.0,24.0,78.0,100.0,120.0
2026-05-27,SVM202211001652,Calle Padilla esq. Camargo,-19.0490617942092,-65.2533703836111,activo,,26,0,2026-05-20,7,4680.0,26.0,84.0,160.0,80.0
2026-06-03,SVM202211001652,Calle Padilla esq. Camargo,-19.0490617942092,-65.2533703836111,activo,,13,96,2026-05-27,7,2340.0,13.0,48.0,40.0,60.0
2026-05-08,SVM202211001659,Destacamento 130,-19.039540806628,-65.2532119088436,activo,,29,10,2026-04-30,8,5220.0,29.0,24.0,240.0,260.0
2026-05-15,SVM202211001659,Destacamento 130,-19.039540806628,-65.2532119088436,activo,,32,95,2026-05-08,7,5760.0,32.0,84.0,100.0,260.0
2026-05-22,SVM202211001659,Destacamento 130,-19.039540806628,-65.2532119088436,activo,,30,60,2026-05-15,7,5400.0,30.0,30.0,240.0,260.0
2026-05-29,SVM202211001659,Destacamento 130,-19.039540806628,-65.2532119088436,activo,,30,40,2026-05-22,7,5400.0,30.0,54.0,240.0,180.0
2026-05-06,SVM202211001654,COLON,-19.0477983440613,-65.2645083500505,activo,,23,90,2026-04-29,7,4140.0,23.0,54.0,120.0,160.0
2026-05-13,SVM202211001654,COLON,-19.0477983440613,-65.2645083500505,activo,,34,60,2026-05-06,7,6120.0,34.0,30.0,200.0,380.0
2026-05-20,SVM202211001654,COLON,-19.0477983440613,-65.2645083500505,activo,,40,25,2026-05-13,7,7200.0,40.0,48.0,260.0,380.0
2026-05-27,SVM202211001654,COLON,-19.0477983440613,-65.2645083500505,activo,,33,100,2026-05-20,7,5940.0,33.0,78.0,260.0,140.0
2026-06-03,SVM202211001654,COLON,-19.0477983440613,-65.2645083500505,activo,,31,85,2026-05-27,7,5580.0,31.0,30.0,200.0,320.0
2026-05-09,SVM202211001650,Cristo de las Américas,-19.0450551068471,-65.2687865487641,activo,,40,5,2026-05-02,7,7200.0,40.0,60.0,300.0,300.0
2026-05-16,SVM202211001650,Cristo de las Américas,-19.0450551068471,-65.2687865487641,activo,,19,95,2026-05-09,7,3420.0,19.0,18.0,180.0,140.0
2026-05-22,SVM202211001650,Cristo de las Américas,-19.0450551068471,-65.2687865487641,activo,,19,70,2026-05-16,6,3420.0,19.0,30.0,160.0,120.0
2026-05-30,SVM202211001650,Cristo de las Américas,-19.0450551068471,-65.2687865487641,activo,,22,55,2026-05-22,8,3960.0,22.0,6.0,240.0,180.0
2026-06-11,SVM201707000208,Planeta Kids,-19.0455714685946,-65.2574231604105,activo,,24,50.0,2026-06-02,9,4320.0,24.0,24.0,240.0,160.0
2026-06-18,SVM201707000208,Planeta Kids,-19.0455714685946,-65.2574231604105,activo,,14,40.0,2026-06-11,7,2520.0,14.0,0.0,160.0,120.0
2026-06-27,SVM201707000208,Planeta Kids,-19.0455714685946,-65.2574231604105,activo,,31,15.0,2026-06-18,9,5580.0,31.0,30.0,300.0,220.0
2026-06-07,SVM201707000206,Hospital Gineco Obstetrico,-19.0453076497863,-65.2683837910934,activo,,19,15.0,2026-05-30,8,3420.0,19.0,12.0,120.0,220.0
2026-06-14,SVM201707000206,Hospital Gineco Obstetrico,-19.0453076497863,-65.2683837910934,activo,,29,0.0,2026-06-07,7,5220.0,29.0,30.0,180.0,300.0
2026-06-23,SVM201707000206,Hospital Gineco Obstetrico,-19.0453076497863,-65.2683837910934,activo,,24,80.0,2026-06-14,9,4320.0,24.0,12.0,40.0,400.0
2026-06-12,SWM201707000217,UNIVALLE,-19.0275370527067,-65.2595721297281,activo,,14,88.0,2026-05-29,14,2520.0,14.0,24.0,80.0,120.0
2026-06-26,SWM201707000217,UNIVALLE,-19.0275370527067,-65.2595721297281,activo,,13,85.0,2026-06-12,14,2340.0,13.0,6.0,80.0,160.0
2026-07-03,SWM201707000217,UNIVALLE,-19.0275370527067,-65.2595721297281,activo,,4,80.0,2026-06-26,7,720.0,4.0,0.0,0.0,80.0
2026-06-07,SVM201707000201,HOSPITAL GASTROENTEROLOGICO,-19.045190671258,-65.2674982014533,activo,,24,1.0,2026-05-30,8,4320.0,24.0,30.0,80.0,300.0
2026-06-14,SVM201707000201,HOSPITAL GASTROENTEROLOGICO,-19.045190671258,-65.2674982014533,activo,,26,85.0,2026-06-07,7,4680.0,26.0,36.0,140.0,260.0
2026-06-23,SVM201707000201,HOSPITAL GASTROENTEROLOGICO,-19.045190671258,-65.2674982014533,activo,,31,55.0,2026-06-14,9,5580.0,31.0,24.0,160.0,380.0
2026-06-30,SVM201707000201,HOSPITAL GASTROENTEROLOGICO,-19.045190671258,-65.2674982014533,activo,,33,40.0,2026-06-23,7,5940.0,33.0,36.0,200.0,340.0
2026-06-10,LE-F303V-SCZ-W-B001,Mercado San Antonio,-19.049135615241,-65.2411954847002,activo,,18,10.0,2026-06-01,9,3240.0,18.0,12.0,100.0,220.0
2026-06-16,LE-F303V-SCZ-W-B001,Mercado San Antonio,-19.049135615241,-65.2411954847002,activo,,13,0.0,2026-06-10,6,2340.0,13.0,12.0,80.0,140.0
2026-07-09,LE-F303V-SCZ-W-B001,Mercado San Antonio,-19.049135615241,-65.2411954847002,activo,,25,70.0,2026-06-16,23,4500.0,25.0,54.0,240.0,80.0
2026-06-09,Landao 02,Colegio Simón Rodríguez,-19.0512704063767,-65.2547187106909,activo,,9,60.0,2026-06-02,7,1620.0,9.0,18.0,80.0,40.0
2026-06-18,Landao 02,Colegio Simón Rodríguez,-19.0512704063767,-65.2547187106909,activo,,20,45.0,2026-06-09,9,3600.0,20.0,42.0,180.0,80.0
2026-06-26,Landao 02,Colegio Simón Rodríguez,-19.0512704063767,-65.2547187106909,activo,,10,35.0,2026-06-18,8,1800.0,10.0,18.0,60.0,80.0
2026-06-11,Landao 03,Paseo La Plata Junin,-19.0443645069743,-65.2574916027398,activo,,25,100.0,2026-05-26,16,4500.0,25.0,66.0,220.0,60.0
2026-06-18,Landao 03,Paseo La Plata Junin,-19.0443645069743,-65.2574916027398,activo,,7,80.0,2026-06-11,7,1260.0,7.0,18.0,60.0,20.0
2026-06-27,Landao 03,Paseo La Plata Junin,-19.0443645069743,-65.2574916027398,activo,,22,60.0,2026-06-18,9,3960.0,22.0,42.0,100.0,200.0
2026-06-07,SVM202211001658,KIOSCO Plaza 25 de Mayo,-19.0471495279682,-65.2595042474776,activo,,41,10.0,2026-06-02,5,7380.0,41.0,96.0,300.0,200.0
2026-06-14,SVM202211001658,KIOSCO Plaza 25 de Mayo,-19.0471495279682,-65.2595042474776,activo,,49,80.0,2026-06-07,7,8820.0,49.0,120.0,340.0,240.0
2026-06-22,SVM202211001658,KIOSCO Plaza 25 de Mayo,-19.0471495279682,-65.2595042474776,activo,,60,30.0,2026-06-14,8,10800.0,60.0,108.0,440.0,400.0
2026-06-27,SVM202211001658,KIOSCO Plaza 25 de Mayo,-19.0471495279682,-65.2595042474776,activo,,41,100.0,2026-06-22,5,7380.0,41.0,96.0,240.0,260.0
2026-06-09,SVM202211001653,Aeropuerto Alcantari,-19.2465508193052,-65.1511204662652,activo,,65,10.0,2026-06-02,7,11700.0,65.0,132.0,480.0,380.0
2026-06-10,SVM202211001653,Aeropuerto Alcantari,-19.2465508193052,-65.1511204662652,activo,,19,100.0,2026-06-09,1,3420.0,19.0,24.0,120.0,180.0
2026-06-15,SVM202211001653,Aeropuerto Alcantari,-19.2465508193052,-65.1511204662652,activo,,56,55.0,2026-06-10,5,10080.0,56.0,114.0,380.0,360.0
2026-06-20,SVM202211001653,Aeropuerto Alcantari,-19.2465508193052,-65.1511204662652,activo,,29,25.0,2026-06-15,5,5220.0,29.0,48.0,240.0,180.0
2026-06-30,SVM202211001653,Aeropuerto Alcantari,-19.2465508193052,-65.1511204662652,activo,,32,100.0,2026-06-20,10,5760.0,32.0,78.0,160.0,220.0
2026-06-10,SVM202211001655,Universidad Domingo Savio,-19.0580255891264,-65.2546129469163,activo,,21,35.0,2026-06-01,9,3780.0,21.0,54.0,160.0,80.0
2026-06-18,SVM202211001655,Universidad Domingo Savio,-19.0580255891264,-65.2546129469163,activo,,22,10.0,2026-06-10,8,3960.0,22.0,48.0,100.0,180.0
2026-06-26,SVM202211001655,Universidad Domingo Savio,-19.0580255891264,-65.2546129469163,activo,,25,95.0,2026-06-18,8,4500.0,25.0,60.0,180.0,120.0
2026-07-01,SVM202211001655,Universidad Domingo Savio,-19.0580255891264,-65.2546129469163,activo,,18,85.0,2026-06-26,5,3240.0,18.0,48.0,60.0,140.0
2026-06-07,SVM202211001657,German Mendoza,-19.0463265298455,-65.2468603175002,activo,,29,55.0,2026-06-02,5,5220.0,29.0,48.0,160.0,260.0
2026-06-14,SVM202211001657,German Mendoza,-19.0463265298455,-65.2468603175002,activo,,32,35.0,2026-06-07,7,5760.0,32.0,24.0,200.0,360.0
2026-06-23,SVM202211001657,German Mendoza,-19.0463265298455,-65.2468603175002,activo,,41,100.0,2026-06-14,9,7380.0,41.0,84.0,200.0,340.0
2026-07-05,SVM202211001657,German Mendoza,-19.0463265298455,-65.2468603175002,activo,,50,60.0,2026-06-23,12,9000.0,50.0,42.0,300.0,560.0
2026-06-05,SVM202211001656,Av. Del Maestro,-19.0363518875073,-65.2587671278803,activo,,8,55.0,2026-05-29,7,1440.0,8.0,18.0,20.0,80.0
2026-06-12,SVM202211001656,Av. Del Maestro,-19.0363518875073,-65.2587671278803,activo,,9,50.0,2026-06-05,7,1620.0,9.0,24.0,60.0,40.0
2026-06-19,SVM202211001656,Av. Del Maestro,-19.0363518875073,-65.2587671278803,activo,,6,47.0,2026-06-12,7,1080.0,6.0,12.0,20.0,60.0
2026-06-26,SVM202211001656,Av. Del Maestro,-19.0363518875073,-65.2587671278803,activo,,8,40.0,2026-06-19,7,1440.0,8.0,24.0,40.0,40.0
2026-07-03,SVM202211001656,Av. Del Maestro,-19.0363518875073,-65.2587671278803,activo,,15,25.0,2026-06-26,7,2700.0,15.0,42.0,80.0,80.0
2026-06-10,SVM202211001652,Calle Padilla esq. Camargo,-19.0490617942092,-65.2533703836111,activo,,21,80.0,2026-06-03,7,3780.0,21.0,24.0,180.0,160.0
2026-06-17,SVM202211001652,Calle Padilla esq. Camargo,-19.0490617942092,-65.2533703836111,activo,,15,60.0,2026-06-10,7,2700.0,15.0,36.0,100.0,80.0
2026-06-23,SVM202211001652,Calle Padilla esq. Camargo,-19.0490617942092,-65.2533703836111,activo,,12,50.0,2026-06-17,6,2160.0,12.0,36.0,20.0,100.0
2026-06-30,SVM202211001652,Calle Padilla esq. Camargo,-19.0490617942092,-65.2533703836111,activo,,17,40.0,2026-06-23,7,3060.0,17.0,36.0,60.0,160.0
2026-06-05,SVM202211001659,Destacamento 130,-19.039540806628,-65.2532119088436,activo,,27,15.0,2026-05-29,7,4860.0,27.0,60.0,220.0,120.0
2026-06-12,SVM202211001659,Destacamento 130,-19.039540806628,-65.2532119088436,activo,,24,5.0,2026-06-05,7,4320.0,24.0,54.0,100.0,200.0
2026-06-19,SVM202211001659,Destacamento 130,-19.039540806628,-65.2532119088436,activo,,21,90.0,2026-06-12,7,3780.0,21.0,30.0,140.0,180.0
2026-06-26,SVM202211001659,Destacamento 130,-19.039540806628,-65.2532119088436,activo,,36,53.0,2026-06-19,7,6480.0,36.0,66.0,280.0,220.0
2026-07-03,SVM202211001659,Destacamento 130,-19.039540806628,-65.2532119088436,activo,,33,25.0,2026-06-26,7,5940.0,33.0,36.0,200.0,340.0
2026-06-10,SVM202211001654,COLON,-19.0477983440613,-65.2645083500505,activo,,28,60.0,2026-06-03,7,5040.0,28.0,30.0,220.0,240.0
2026-06-17,SVM202211001654,COLON,-19.0477983440613,-65.2645083500505,activo,,16,50.0,2026-06-10,7,2880.0,16.0,30.0,60.0,160.0
2026-06-23,SVM202211001654,COLON,-19.0477983440613,-65.2645083500505,activo,,27,25.0,2026-06-17,6,4860.0,27.0,48.0,220.0,160.0
2026-06-30,SVM202211001654,COLON,-19.0477983440613,-65.2645083500505,activo,,20,10.0,2026-06-23,7,3600.0,20.0,24.0,160.0,160.0
2026-06-16,SVM202211001651,CIES sucre,,,inactivo,,20,75.0,2026-02-28,108,3600.0,20.0,24.0,180.0,140.0
2026-06-23,SVM202211001651,CIES sucre,,,inactivo,,28,60.0,2026-06-16,7,5040.0,28.0,48.0,200.0,200.0
2026-07-06,SVM202211001651,CIES sucre,,,inactivo,,55,15.0,2026-06-23,13,9900.0,55.0,78.0,380.0,460.0
2026-06-07,SVM202211001650,Cristo de las Américas,-19.0450551068471,-65.2687865487641,activo,,40,35.0,2026-05-30,8,7200.0,40.0,54.0,280.0,340.0
2026-06-14,SVM202211001650,Cristo de las Américas,-19.0450551068471,-65.2687865487641,activo,,33,5.0,2026-06-07,7,5940.0,33.0,42.0,280.0,240.0
2026-06-23,SVM202211001650,Cristo de las Américas,-19.0450551068471,-65.2687865487641,activo,,31,75.0,2026-06-14,9,5580.0,31.0,18.0,300.0,260.0
2026-07-02,SVM202211001650,Cristo de las Américas,-19.0450551068471,-65.2687865487641,activo,,43,45.0,2026-06-23,9,7740.0,43.0,66.0,360.0,280.0
2026-07-06,SVM201707000208,Planeta Kids,-19.0455714685946,-65.2574231604105,activo,,16,3.0,2026-06-27,9,2880.0,16.0,24.0,80.0,160.0
2026-07-16,SVM201707000208,Planeta Kids,-19.0455714685946,-65.2574231604105,activo,,32,90.0,2026-07-06,10,5760.0,32.0,36.0,320.0,200.0
2026-07-10,SWM201707000217,UNIVALLE,-19.0275370527067,-65.2595721297281,activo,,8,70.0,2026-07-03,7,1440.0,8.0,0.0,20.0,140.0
2026-07-08,SVM201707000201,HOSPITAL GASTROENTEROLOGICO,-19.045190671258,-65.2674982014533,activo,,33,5.0,2026-06-30,8,5940.0,33.0,30.0,180.0,380.0
2026-07-15,SVM201707000201,HOSPITAL GASTROENTEROLOGICO,-19.045190671258,-65.2674982014533,activo,,39,85.0,2026-07-08,7,7020.0,39.0,18.0,100.0,620.0
2026-07-06,Landao 03,Paseo La Plata Junin,-19.0443645069743,-65.2574916027398,activo,,9,50.0,2026-06-27,9,1620.0,9.0,6.0,40.0,120.0
2026-07-16,Landao 03,Paseo La Plata Junin,-19.0443645069743,-65.2574916027398,activo,,18.125,35.0,2026-07-06,10,3262.5,18.125,30.0,100.0,162.5
2026-07-05,SVM202211001658,KIOSCO Plaza 25 de Mayo,-19.0471495279682,-65.2595042474776,activo,,81,45.0,2026-06-27,8,14580.0,81.0,126.0,540.0,660.0
2026-07-09,SVM202211001658,KIOSCO Plaza 25 de Mayo,-19.0471495279682,-65.2595042474776,activo,,49,12.0,2026-07-05,4,8820.0,49.0,126.0,300.0,260.0
2026-07-13,SVM202211001658,KIOSCO Plaza 25 de Mayo,-19.0471495279682,-65.2595042474776,activo,,39,75.0,2026-07-09,4,7020.0,39.0,72.0,140.0,400.0
2026-07-08,SVM202211001653,Aeropuerto Alcantari,-19.2465508193052,-65.1511204662652,activo,,41,60.0,2026-06-30,8,7380.0,41.0,72.0,220.0,360.0
2026-07-16,SVM202211001653,Aeropuerto Alcantari,-19.2465508193052,-65.1511204662652,activo,,33,35.0,2026-07-08,8,5940.0,33.0,42.0,240.0,280.0
2026-07-06,SVM202211001655,Universidad Domingo Savio,-19.0580255891264,-65.2546129469163,activo,,16,65.0,2026-07-01,5,2880.0,16.0,60.0,20.0,100.0
2026-07-15,SVM202211001655,Universidad Domingo Savio,-19.0580255891264,-65.2546129469163,activo,,23,50.0,2026-07-06,9,4140.0,23.0,66.0,140.0,100.0
2026-07-15,SVM202211001657,German Mendoza,-19.0463265298455,-65.2468603175002,activo,,36,40.0,2026-07-05,10,6480.0,36.0,54.0,220.0,320.0
2026-07-10,SVM202211001656,Av. Del Maestro,-19.0363518875073,-65.2587671278803,activo,,9,10.0,2026-07-03,7,1620.0,9.0,42.0,20.0,20.0
2026-07-08,SVM202211001652,Calle Padilla esq. Camargo,-19.0490617942092,-65.2533703836111,activo,,16,35.0,2026-06-30,8,2880.0,16.0,36.0,140.0,60.0
2026-07-15,SVM202211001652,Calle Padilla esq. Camargo,-19.0490617942092,-65.2533703836111,activo,,12,25.0,2026-07-08,7,2160.0,12.0,30.0,120.0,20.0
2026-07-10,SVM202211001659,Destacamento 130,-19.039540806628,-65.2532119088436,activo,,36,5.0,2026-07-03,7,6480.0,36.0,60.0,300.0,220.0
2026-07-08,SVM202211001654,COLON,-19.0477983440613,-65.2645083500505,activo,,24,75.0,2026-06-30,8,4320.0,24.0,48.0,180.0,140.0
2026-07-15,SVM202211001654,COLON,-19.0477983440613,-65.2645083500505,activo,,20,70.0,2026-07-08,7,3600.0,20.0,18.0,120.0,220.0
2026-07-16,SVM202211001651,CIES sucre,,,inactivo,,55,90.0,2026-07-06,10,9900.0,55.0,18.0,520.0,520.0
2026-07-08,SVM202211001650,Cristo de las Américas,-19.0450551068471,-65.2687865487641,activo,,32,25.0,2026-07-02,6,5760.0,32.0,54.0,200.0,260.0
2026-07-15,SVM202211001650,Cristo de las Américas,-19.0450551068471,-65.2687865487641,activo,,37,80.0,2026-07-08,7,6660.0,37.0,36.0,300.0,320.0
